age,annual_income,employment_length_years,home_ownership,loan_amount,loan_purpose,loan_term_months,monthly_debt_payments,total_debt,credit_card_utilization,num_open_credit_lines,num_credit_inquiries_last_6m,credit_history_length_months,num_late_payments_30_59_days,num_late_payments_60_89_days,num_late_payments_90plus_days,bankruptcy_history,prior_default,creditworthy
59,57700.0,16.8,MORTGAGE,5300.0,credit_card,36,568.9,14139.45,0.381,6,0,392,1,1,0,0,1,1
49,115600.0,15.7,MORTGAGE,13700.0,debt_consolidation,36,3351.18,141010.21,0.554,10,1,213,2,0,0,0,0,0
35,35100.0,0.9,RENT,4300.0,home_improvement,36,561.66,20047.3,0.332,16,0,91,0,0,0,0,0,1
63,61600.0,9.9,RENT,19200.0,debt_consolidation,36,1940.03,87578.33,0.267,6,0,282,0,0,0,0,0,0
28,75000.0,1.1,MORTGAGE,9100.0,home_improvement,36,168.07,8111.76,0.179,7,2,82,0,0,0,0,0,1
41,57300.0,4.6,MORTGAGE,3600.0,major_purchase,36,454.61,16178.79,0.655,9,0,85,0,0,0,0,0,1
59,204700.0,6.0,MORTGAGE,47800.0,credit_card,36,6097.16,100630.84,0.249,3,2,245,2,1,0,0,0,1
39,56400.0,5.3,OWN,16100.0,home_improvement,36,1031.34,44248.28,0.371,10,3,227,0,0,0,0,0,1
43,53500.0,15.3,MORTGAGE,12500.0,debt_consolidation,36,1762.02,105308.48,0.379,10,2,259,0,0,0,0,0,1
31,99500.0,2.0,RENT,24400.0,debt_consolidation,36,687.27,35055.06,0.149,11,0,134,1,0,0,0,0,1
31,70700.0,5.4,MORTGAGE,16500.0,debt_consolidation,36,963.42,24178.38,0.285,10,1,112,0,0,0,0,0,1
44,58600.0,9.5,MORTGAGE,9200.0,debt_consolidation,36,1565.77,72647.44,0.11,9,0,225,0,0,0,0,0,1
56,217800.0,23.9,MORTGAGE,50000.0,debt_consolidation,36,3662.33,123386.97,0.096,6,3,266,1,0,0,0,1,0
60,154000.0,2.4,OWN,50000.0,credit_card,60,2709.77,77727.31,0.073,13,0,418,0,1,0,0,0,1
44,30500.0,1.2,RENT,5500.0,debt_consolidation,36,456.81,15387.18,0.368,10,0,223,0,1,0,0,0,1
23,185400.0,0.7,RENT,12200.0,small_business,60,2292.94,103567.32,0.087,5,1,35,0,0,0,0,0,1
42,60000.0,6.9,MORTGAGE,23600.0,credit_card,36,1516.95,71144.55,0.523,7,0,260,0,0,0,0,0,1
22,123500.0,0.9,RENT,42800.0,debt_consolidation,60,1149.03,20696.16,0.078,7,3,34,0,0,0,0,0,1
44,196900.0,3.3,MORTGAGE,16200.0,major_purchase,60,6152.89,297352.2,0.15,7,0,237,0,1,1,0,1,0
64,103300.0,1.3,MORTGAGE,34000.0,small_business,60,1024.65,55723.88,0.457,3,0,215,0,0,0,0,0,1
50,232100.0,25.3,RENT,50000.0,small_business,36,5642.56,260139.16,0.563,12,1,207,0,0,0,0,0,1
58,105800.0,8.4,MORTGAGE,10800.0,home_improvement,36,2801.92,91032.58,0.131,9,0,392,0,0,0,0,0,1
22,93500.0,1.2,MORTGAGE,31800.0,credit_card,36,1339.08,71348.59,0.246,11,2,36,0,0,0,0,0,0
41,115300.0,2.5,RENT,22200.0,debt_consolidation,36,2177.97,78364.19,0.171,9,0,259,0,0,0,0,0,1
53,33500.0,8.7,MORTGAGE,13900.0,debt_consolidation,36,279.29,12046.25,0.598,14,1,350,0,0,0,0,0,1
32,59100.0,1.0,MORTGAGE,4000.0,credit_card,36,767.66,17851.96,0.174,8,1,127,0,0,0,0,0,1
42,36700.0,16.9,MORTGAGE,15600.0,debt_consolidation,36,359.85,5654.33,0.506,5,0,200,0,0,0,0,0,1
64,60000.0,8.8,MORTGAGE,5100.0,small_business,36,727.48,31602.73,0.186,5,1,359,0,1,0,0,0,1
45,84700.0,5.1,MORTGAGE,5500.0,medical,36,2567.98,59737.93,0.56,6,0,304,1,0,0,0,0,1
69,61000.0,5.8,RENT,17200.0,debt_consolidation,60,1639.02,28365.87,0.195,12,1,532,0,0,0,0,0,1
47,61100.0,6.2,MORTGAGE,18000.0,debt_consolidation,60,1548.73,36336.44,0.691,6,0,193,0,0,0,0,0,1
62,31400.0,18.1,MORTGAGE,4100.0,debt_consolidation,60,652.05,31460.63,0.613,8,4,314,0,0,0,0,0,0
48,49600.0,10.2,MORTGAGE,19900.0,home_improvement,36,871.91,23399.32,0.323,10,1,321,0,0,0,0,0,1
36,165600.0,7.8,RENT,50000.0,debt_consolidation,36,4406.75,189364.35,0.471,10,1,134,0,0,0,0,0,0
35,48700.0,2.5,RENT,7900.0,debt_consolidation,36,1899.68,87689.49,0.269,10,0,131,0,0,0,0,0,0
67,54700.0,9.8,MORTGAGE,12400.0,debt_consolidation,36,1169.95,29135.99,0.254,8,0,337,0,0,0,0,0,1
71,75200.0,17.7,RENT,27300.0,debt_consolidation,60,1266.87,53860.18,0.238,12,1,463,0,0,0,1,0,1
64,81200.0,23.1,MORTGAGE,31100.0,credit_card,36,1650.24,44801.02,0.224,11,1,484,0,0,0,0,0,1
23,61400.0,1.0,MORTGAGE,22600.0,credit_card,60,1071.82,49202.0,0.685,6,0,49,0,1,0,0,0,0
57,30700.0,1.2,MORTGAGE,4800.0,credit_card,36,489.19,12512.53,0.279,11,6,258,1,0,0,0,0,1
71,89100.0,20.0,RENT,31700.0,medical,36,1422.51,50893.09,0.352,11,0,368,0,0,0,0,0,1
27,190300.0,1.8,RENT,50000.0,credit_card,60,231.91,6395.27,0.055,5,0,40,1,0,0,0,0,1
41,181600.0,6.9,RENT,47300.0,small_business,36,2373.73,141811.51,0.294,6,1,160,0,0,0,0,0,1
29,44600.0,2.5,MORTGAGE,19400.0,auto,60,617.85,27635.45,0.561,12,1,80,0,0,0,0,0,1
59,82600.0,10.7,OWN,23900.0,debt_consolidation,60,1463.93,29344.66,0.148,4,1,432,0,0,0,0,0,1
38,266000.0,5.9,RENT,50000.0,debt_consolidation,36,6835.01,394497.35,0.674,6,0,205,0,0,0,0,0,1
24,66000.0,2.2,MORTGAGE,23200.0,credit_card,60,2035.49,93337.04,0.254,6,1,66,0,0,0,0,0,1
45,76100.0,2.8,RENT,5200.0,debt_consolidation,36,616.58,24564.23,0.996,4,2,219,0,0,0,0,0,1
34,29100.0,3.4,MORTGAGE,4600.0,credit_card,36,707.89,21060.52,0.508,8,0,83,0,0,0,0,0,1
70,117400.0,5.1,RENT,34500.0,home_improvement,36,2400.05,81959.87,0.417,6,1,195,0,0,0,0,0,1
29,77100.0,2.2,RENT,17400.0,debt_consolidation,36,1935.68,86033.92,0.108,6,0,82,0,0,0,0,0,1
46,40500.0,8.5,MORTGAGE,17500.0,home_improvement,36,1504.47,36927.02,0.213,6,0,179,2,0,0,0,0,1
22,96900.0,0.2,MORTGAGE,27500.0,debt_consolidation,36,2462.74,86126.35,0.148,5,2,29,0,0,0,0,0,1
40,113300.0,7.6,RENT,47800.0,debt_consolidation,36,1579.13,70840.49,0.198,9,2,224,0,0,0,0,0,0
48,45200.0,10.8,RENT,6000.0,home_improvement,36,620.92,24300.73,0.413,9,2,271,1,0,1,1,0,0
67,26500.0,6.4,RENT,10800.0,debt_consolidation,36,835.71,46203.26,0.226,9,2,370,1,0,1,0,0,1
27,71400.0,1.9,MORTGAGE,18900.0,credit_card,60,1962.01,54642.85,0.601,13,1,60,0,0,0,0,0,1
64,96800.0,1.3,OWN,13100.0,credit_card,36,1800.22,101311.87,0.765,7,1,445,0,0,0,0,0,1
28,76600.0,1.1,RENT,15800.0,debt_consolidation,36,1358.47,62510.1,0.773,4,2,42,0,0,0,0,0,1
67,125100.0,9.9,MORTGAGE,50000.0,debt_consolidation,60,2990.71,90884.03,0.158,6,1,396,0,0,0,0,0,1
55,25800.0,6.6,RENT,11200.0,credit_card,36,577.62,12473.97,0.476,12,2,258,0,0,0,0,0,1
34,37900.0,0.6,RENT,2200.0,credit_card,36,717.4,20282.43,0.556,5,0,156,0,0,0,0,0,1
37,74800.0,1.6,MORTGAGE,12900.0,credit_card,60,1222.99,30827.9,0.26,8,2,147,0,0,0,0,0,1
56,28100.0,8.8,MORTGAGE,11500.0,small_business,60,624.35,34952.01,0.752,12,2,230,0,0,0,0,0,1
70,43600.0,30.2,RENT,2700.0,debt_consolidation,36,1174.39,44492.48,0.615,8,1,290,1,0,1,0,0,1
60,49500.0,20.2,MORTGAGE,21400.0,debt_consolidation,60,921.39,41768.07,0.795,5,1,316,0,0,0,0,0,1
24,115700.0,1.2,RENT,23700.0,credit_card,36,1764.43,31822.0,0.33,3,2,63,0,0,0,0,0,1
22,135700.0,0.9,MORTGAGE,13000.0,home_improvement,36,1763.7,101700.54,0.088,8,2,44,0,0,0,0,0,1
26,98500.0,3.7,MORTGAGE,16800.0,debt_consolidation,36,1359.49,74567.99,0.874,13,0,71,0,0,0,0,0,1
62,185500.0,3.6,RENT,50000.0,debt_consolidation,60,2549.6,95912.25,0.253,5,3,262,0,0,0,0,0,1
24,142900.0,2.7,MORTGAGE,50000.0,credit_card,36,1243.11,71715.33,0.723,7,1,68,0,0,0,0,0,1
49,102200.0,14.0,RENT,10600.0,credit_card,36,2705.05,104753.35,0.747,6,2,209,2,0,1,0,1,0
38,100500.0,9.8,RENT,30700.0,credit_card,36,1630.81,87407.41,0.601,11,2,122,1,1,0,0,0,1
46,47900.0,2.4,RENT,20100.0,small_business,60,1341.57,58048.31,0.972,13,0,197,0,0,0,0,0,0
64,30700.0,9.4,RENT,12600.0,debt_consolidation,36,615.71,17641.16,0.564,9,1,451,0,0,0,0,0,1
54,44700.0,18.7,RENT,9100.0,home_improvement,36,467.19,22589.94,0.12,4,1,316,0,0,0,0,0,1
30,105100.0,3.0,RENT,41700.0,home_improvement,60,2852.93,82158.64,0.448,11,0,49,1,0,1,0,0,0
56,55700.0,10.3,RENT,7100.0,major_purchase,60,1890.73,55396.97,0.097,13,1,203,0,0,0,0,0,1
34,92600.0,8.6,RENT,28000.0,medical,36,2223.55,110675.29,0.135,10,1,128,0,0,0,0,0,1
51,24200.0,7.9,OWN,7000.0,credit_card,36,229.54,9350.77,0.179,5,2,366,0,0,0,0,0,1
68,88400.0,19.0,MORTGAGE,32100.0,debt_consolidation,36,2249.19,91443.16,0.447,4,2,198,0,0,0,0,0,1
35,41300.0,9.8,RENT,5800.0,credit_card,60,1081.73,37323.05,0.63,7,1,74,0,0,0,0,0,0
28,44300.0,5.6,MORTGAGE,13400.0,home_improvement,36,482.94,13113.97,0.555,5,1,39,0,0,0,0,0,1
34,165400.0,1.8,MORTGAGE,48700.0,debt_consolidation,36,2495.15,112922.02,0.287,5,1,58,0,0,0,0,0,1
43,216000.0,5.6,RENT,18100.0,debt_consolidation,60,3298.12,195891.67,0.358,9,2,280,0,0,0,0,0,1
60,36700.0,19.3,RENT,6700.0,major_purchase,60,1260.38,28271.74,0.079,5,1,314,0,0,0,0,0,1
41,58300.0,15.4,OWN,7800.0,debt_consolidation,36,957.4,20197.65,0.8,7,2,236,0,0,0,0,0,1
36,61800.0,2.1,MORTGAGE,27800.0,debt_consolidation,60,664.77,20651.45,0.581,2,0,86,0,0,0,0,0,0
65,99300.0,21.8,MORTGAGE,44300.0,medical,36,590.75,26242.83,0.027,6,1,451,0,0,0,0,0,1
38,51100.0,5.0,MORTGAGE,7700.0,debt_consolidation,36,589.38,28857.23,0.667,16,3,74,0,0,0,0,0,1
67,42500.0,29.7,MORTGAGE,15900.0,debt_consolidation,36,858.91,31133.33,0.329,8,2,242,0,0,0,0,0,1
44,77700.0,3.6,MORTGAGE,29300.0,medical,60,704.97,11040.13,0.264,11,0,123,0,0,0,0,0,1
46,69200.0,16.6,MORTGAGE,29400.0,debt_consolidation,60,1003.9,31740.78,0.482,6,1,204,0,0,0,0,0,1
45,106600.0,12.7,MORTGAGE,10800.0,credit_card,60,4072.44,225777.08,0.029,8,3,252,0,0,0,0,0,1
65,45500.0,10.6,RENT,14400.0,credit_card,36,1876.81,65488.32,0.597,12,0,329,0,0,0,0,0,1
61,59100.0,2.3,MORTGAGE,7800.0,major_purchase,36,1353.41,25335.29,0.072,12,0,474,0,0,0,0,0,1
49,101500.0,12.3,MORTGAGE,31800.0,debt_consolidation,60,1196.35,25664.78,0.192,9,2,315,0,0,0,0,0,1
35,64000.0,4.3,RENT,25500.0,debt_consolidation,60,1516.92,64025.71,0.362,10,3,62,0,0,0,0,0,0
65,26300.0,1.6,RENT,2200.0,credit_card,36,556.59,18737.27,0.178,11,2,345,0,0,0,0,0,1
21,161700.0,0.7,OWN,49300.0,debt_consolidation,36,1772.83,28125.59,0.073,9,0,20,0,0,0,0,0,1
45,63200.0,6.2,OWN,16800.0,debt_consolidation,60,818.0,43004.53,0.255,7,2,154,0,0,0,0,0,1
27,63800.0,4.4,MORTGAGE,7700.0,debt_consolidation,36,1848.72,69742.01,0.647,11,2,64,0,0,0,0,0,0
29,265700.0,3.9,RENT,38500.0,medical,36,9689.36,487581.24,0.13,7,1,92,0,0,0,0,0,1
44,211500.0,15.5,RENT,50000.0,debt_consolidation,60,4486.56,234707.67,0.92,10,1,269,0,0,0,0,0,1
21,111600.0,0.0,RENT,44000.0,debt_consolidation,60,718.06,16206.14,0.26,5,2,28,0,0,0,0,0,1
64,36400.0,15.6,MORTGAGE,11700.0,debt_consolidation,36,1059.53,58065.26,0.42,7,0,249,0,0,0,0,0,1
28,141000.0,6.3,MORTGAGE,8600.0,credit_card,36,1004.57,31333.38,0.95,5,2,51,0,0,0,0,0,1
44,25000.0,3.5,OWN,2500.0,debt_consolidation,60,831.91,19355.35,0.652,10,1,201,0,0,0,0,0,1
31,71300.0,3.9,MORTGAGE,28700.0,credit_card,36,1955.88,62548.48,0.614,11,1,141,1,0,0,1,0,1
71,51300.0,4.4,RENT,16000.0,small_business,60,587.29,34569.84,0.482,8,1,493,1,0,0,0,0,1
37,45000.0,12.9,RENT,2600.0,debt_consolidation,36,944.56,53030.09,0.407,7,0,87,0,0,0,0,0,0
28,75200.0,1.9,OWN,21700.0,debt_consolidation,36,299.46,17301.62,0.164,8,1,37,0,0,0,0,1,1
55,92700.0,12.7,MORTGAGE,10900.0,debt_consolidation,60,2143.57,32467.67,0.451,7,0,378,0,0,0,1,0,1
55,102000.0,11.0,MORTGAGE,42600.0,debt_consolidation,36,3750.57,95313.18,0.441,5,2,379,0,0,0,0,0,1
53,63300.0,16.1,MORTGAGE,6300.0,home_improvement,36,531.85,25374.42,0.89,9,4,225,0,0,0,0,0,1
25,59000.0,0.9,MORTGAGE,4800.0,debt_consolidation,60,1949.1,99077.9,0.635,7,0,65,0,0,0,0,0,0
62,105800.0,14.4,MORTGAGE,32600.0,home_improvement,36,2271.93,87239.36,0.82,4,0,499,1,1,0,0,0,1
59,107300.0,11.9,RENT,39400.0,small_business,36,4775.2,142667.83,0.449,13,1,250,0,0,0,0,0,0
61,71400.0,1.9,RENT,11400.0,debt_consolidation,60,1270.59,38617.64,0.479,9,1,259,0,0,0,0,0,1
48,41100.0,0.7,MORTGAGE,7000.0,major_purchase,60,914.98,35829.3,0.245,6,2,157,0,0,0,0,0,1
27,26100.0,2.8,RENT,5000.0,debt_consolidation,60,139.2,2107.45,0.496,12,1,88,1,0,0,0,0,1
29,95100.0,0.3,OWN,33900.0,home_improvement,36,2853.8,131549.71,0.43,7,3,73,0,0,0,0,0,1
28,113000.0,2.1,RENT,17500.0,debt_consolidation,36,2555.4,104124.73,0.684,1,0,91,0,0,0,0,1,0
32,59200.0,1.5,MORTGAGE,5000.0,debt_consolidation,36,778.05,29496.19,0.293,4,2,98,0,0,0,0,0,1
54,81200.0,12.2,MORTGAGE,14100.0,debt_consolidation,36,3056.67,73155.66,0.21,7,1,198,1,0,0,0,0,1
53,136800.0,16.4,MORTGAGE,50000.0,debt_consolidation,36,2618.06,59939.13,0.499,12,0,142,0,0,0,0,0,0
68,200000.0,23.6,RENT,44800.0,auto,36,1999.98,39355.99,0.511,9,0,433,0,0,0,0,0,1
43,53200.0,9.8,MORTGAGE,14600.0,debt_consolidation,36,834.34,46803.38,0.141,8,2,249,0,0,0,1,0,0
44,63100.0,9.0,RENT,22400.0,major_purchase,36,739.79,40024.18,0.339,6,2,274,1,1,0,0,0,1
57,85000.0,19.9,RENT,23200.0,major_purchase,36,764.52,31420.06,0.541,7,0,144,0,0,0,0,0,1
55,33900.0,13.3,RENT,10600.0,debt_consolidation,36,347.94,9482.29,0.418,5,1,233,0,0,0,0,0,1
64,20300.0,8.8,RENT,8200.0,credit_card,60,535.77,26307.65,0.619,7,2,488,0,0,0,0,1,1
60,31800.0,1.3,OWN,6300.0,credit_card,36,996.57,21572.68,0.482,6,4,470,0,0,0,0,0,1
42,56900.0,13.5,MORTGAGE,5400.0,home_improvement,60,1082.99,55792.82,0.495,6,4,253,0,0,0,0,0,1
47,44400.0,20.8,RENT,3900.0,debt_consolidation,36,154.4,7987.62,0.114,9,2,283,0,0,0,0,0,1
55,42300.0,7.5,OWN,15400.0,debt_consolidation,36,288.98,8056.12,0.377,6,1,188,0,0,0,0,0,1
21,68100.0,0.2,RENT,21200.0,debt_consolidation,36,377.19,13974.27,0.438,9,0,12,0,0,0,0,1,0
55,65600.0,12.1,RENT,18100.0,major_purchase,36,1740.4,74157.97,0.456,9,0,311,0,0,0,0,0,1
57,43700.0,14.2,RENT,18400.0,debt_consolidation,60,642.82,15507.54,0.7,7,2,283,0,0,0,0,0,1
67,27200.0,10.7,MORTGAGE,8200.0,home_improvement,60,426.79,12875.41,0.124,7,1,397,0,0,0,0,0,1
34,82800.0,9.4,MORTGAGE,5700.0,debt_consolidation,36,3079.95,129204.12,0.476,3,0,145,0,0,0,0,0,1
23,118100.0,1.5,RENT,28000.0,home_improvement,36,2445.28,97347.69,0.501,4,0,32,0,0,0,0,0,1
21,47100.0,0.3,RENT,6400.0,major_purchase,36,639.84,22262.77,0.313,9,0,19,0,0,0,0,0,1
25,53600.0,2.3,MORTGAGE,16000.0,debt_consolidation,60,325.74,8251.07,0.264,5,3,64,0,0,0,0,0,1
46,103500.0,11.3,MORTGAGE,12900.0,debt_consolidation,36,1571.76,61581.47,0.252,5,1,116,0,0,0,0,0,1
34,117800.0,5.1,MORTGAGE,36300.0,credit_card,60,2835.71,89830.87,0.476,12,1,177,0,0,0,1,0,0
59,51400.0,22.2,MORTGAGE,20700.0,auto,60,747.79,18184.16,0.325,8,2,178,0,0,0,0,0,1
47,62500.0,2.7,MORTGAGE,5100.0,home_improvement,60,1895.69,54167.92,0.249,14,1,275,0,0,0,0,0,1
29,148900.0,4.5,MORTGAGE,22900.0,small_business,36,3570.6,91713.57,0.406,5,2,68,0,0,0,0,0,1
35,107200.0,3.1,MORTGAGE,34200.0,credit_card,36,1984.84,63619.25,0.339,5,2,115,0,0,0,0,0,1
35,35300.0,4.4,RENT,11800.0,debt_consolidation,60,588.51,34351.3,0.049,8,1,180,0,0,0,0,0,1
46,25700.0,14.3,RENT,7300.0,credit_card,60,210.8,12046.18,0.754,3,2,239,1,0,0,0,0,0
62,56800.0,11.8,MORTGAGE,6000.0,debt_consolidation,36,1043.75,46750.47,0.291,4,3,324,0,0,0,0,0,1
33,38900.0,2.7,MORTGAGE,5700.0,credit_card,60,376.44,18300.45,0.514,4,2,117,0,0,0,0,0,1
71,85600.0,8.3,RENT,35300.0,credit_card,36,1155.64,37778.88,0.759,9,0,383,0,0,0,0,0,1
52,98000.0,11.8,MORTGAGE,37000.0,major_purchase,36,4416.82,220262.89,0.595,6,0,299,1,0,0,0,0,1
59,76200.0,5.6,RENT,32800.0,major_purchase,36,1949.34,103669.6,0.189,5,0,284,0,1,0,0,0,1
69,42500.0,19.1,RENT,9100.0,debt_consolidation,60,1700.65,86645.65,0.667,11,1,192,0,0,0,0,0,0
52,32900.0,16.5,RENT,7400.0,credit_card,36,507.85,12057.74,0.323,9,0,243,0,1,0,0,0,1
24,95200.0,0.5,RENT,14600.0,small_business,60,2950.96,153302.46,0.362,8,1,33,0,0,0,0,0,1
50,104400.0,6.1,RENT,27100.0,credit_card,36,1235.27,63738.01,0.266,5,0,348,0,0,0,0,0,1
57,121700.0,20.0,RENT,46500.0,debt_consolidation,60,4432.23,208800.9,0.134,7,2,347,0,0,0,0,0,1
43,56400.0,4.9,MORTGAGE,8400.0,debt_consolidation,36,2059.51,109186.4,0.644,3,1,266,1,0,0,0,0,1
59,62900.0,5.1,RENT,6700.0,debt_consolidation,36,1734.35,91715.71,0.651,11,3,377,0,0,0,0,0,1
65,103400.0,10.5,MORTGAGE,36200.0,credit_card,36,836.45,34239.12,0.241,7,1,217,2,1,0,0,0,1
35,66600.0,7.9,RENT,21800.0,debt_consolidation,60,2343.89,106412.17,0.589,9,1,71,2,0,0,0,0,1
63,48300.0,12.2,RENT,18400.0,credit_card,36,1063.82,32561.94,0.22,5,2,498,0,0,0,0,0,1
49,41700.0,4.7,MORTGAGE,14600.0,debt_consolidation,60,372.4,7504.02,0.428,10,0,332,0,0,0,1,0,0
56,98200.0,17.9,MORTGAGE,21400.0,debt_consolidation,60,1503.01,58825.75,0.976,6,2,378,0,0,0,0,0,1
33,56400.0,8.3,MORTGAGE,6400.0,debt_consolidation,36,986.72,38004.36,0.32,6,0,132,0,0,0,0,0,1
52,49100.0,10.5,RENT,16500.0,credit_card,36,1955.52,99363.71,0.069,7,1,360,0,0,0,0,0,1
27,84800.0,1.0,MORTGAGE,34000.0,home_improvement,36,1904.2,44948.7,0.163,9,1,55,0,0,0,0,0,1
71,44700.0,21.8,RENT,5000.0,debt_consolidation,36,510.66,27178.32,0.506,7,1,345,0,0,0,0,0,1
42,48200.0,6.0,MORTGAGE,12400.0,debt_consolidation,36,419.99,21249.35,0.37,6,2,230,0,0,0,0,0,1
48,67600.0,4.8,RENT,12300.0,credit_card,36,525.57,25102.11,0.265,12,2,192,0,0,0,0,0,1
22,51200.0,0.2,MORTGAGE,13200.0,medical,36,1161.03,26980.87,0.535,4,1,43,0,0,0,0,0,1
62,144100.0,9.8,MORTGAGE,9000.0,credit_card,36,3823.5,112522.82,0.217,14,0,189,0,0,0,0,0,1
65,88700.0,21.9,MORTGAGE,17000.0,major_purchase,36,2640.87,89351.75,0.482,10,1,507,0,0,0,0,0,1
26,71000.0,1.9,OWN,17300.0,medical,36,414.64,6227.48,0.683,7,1,56,0,0,0,0,0,1
48,143300.0,15.5,OWN,15800.0,major_purchase,36,4512.52,108241.12,0.348,9,1,127,0,0,0,0,1,0
48,69100.0,17.5,MORTGAGE,14700.0,auto,36,233.49,10477.32,0.899,11,0,160,0,0,0,0,0,1
64,120000.0,5.7,OWN,14400.0,home_improvement,36,1164.09,47584.75,0.24,8,1,514,0,0,0,0,0,1
64,38300.0,4.8,RENT,5200.0,major_purchase,36,626.17,36049.72,0.068,5,0,497,0,0,0,0,0,1
40,46700.0,2.3,RENT,20600.0,credit_card,36,1239.08,28039.43,0.136,6,1,100,0,0,0,0,0,1
50,39100.0,6.4,MORTGAGE,11400.0,debt_consolidation,60,889.06,34039.29,0.451,7,1,178,0,0,0,0,0,0
31,87300.0,6.0,OWN,18000.0,auto,60,2920.38,46430.13,0.455,10,3,103,0,0,0,0,1,1
48,28300.0,21.1,MORTGAGE,7300.0,debt_consolidation,36,1024.66,42214.0,0.285,10,0,295,0,0,0,0,0,1
45,78800.0,11.0,RENT,16000.0,medical,36,401.62,7929.04,0.463,10,0,102,0,0,0,0,0,1
59,50400.0,6.7,MORTGAGE,14700.0,debt_consolidation,36,223.27,4244.62,0.741,8,0,457,0,0,0,0,0,1
53,71100.0,16.6,RENT,3600.0,debt_consolidation,36,1581.18,55023.24,0.406,13,1,321,0,0,0,0,0,0
21,65500.0,0.4,MORTGAGE,9500.0,small_business,36,630.14,19014.91,0.475,2,1,18,0,0,0,0,0,1
47,89800.0,15.2,RENT,40000.0,debt_consolidation,60,3647.32,128807.42,0.159,10,2,223,0,0,0,0,0,0
33,226400.0,4.4,RENT,21500.0,small_business,36,3708.63,60300.06,0.466,10,1,166,0,0,0,0,0,1
61,200900.0,0.9,RENT,16400.0,debt_consolidation,36,2738.87,50321.81,0.377,10,1,355,0,0,0,0,0,1
23,103700.0,0.2,MORTGAGE,25600.0,auto,36,697.44,12720.11,0.174,8,0,29,0,0,0,0,0,1
59,54800.0,7.8,MORTGAGE,9100.0,home_improvement,36,634.93,13204.16,0.272,3,0,409,0,0,0,0,0,1
26,73400.0,1.0,RENT,19300.0,debt_consolidation,36,912.6,31404.59,0.362,4,1,40,0,0,0,0,0,0
28,53200.0,3.4,RENT,23100.0,debt_consolidation,36,1524.56,53099.98,0.423,5,1,74,0,0,0,0,0,1
47,44100.0,2.7,MORTGAGE,4400.0,credit_card,60,1564.88,46278.21,0.424,2,1,193,0,0,0,1,0,1
29,22600.0,4.9,OWN,5100.0,auto,60,435.25,8584.81,0.094,4,2,108,0,0,0,0,0,1
57,58400.0,12.1,MORTGAGE,20600.0,credit_card,36,923.57,49597.39,0.369,10,0,201,1,0,0,0,0,1
53,77000.0,7.2,RENT,8800.0,debt_consolidation,36,2349.61,101622.98,0.332,10,0,129,0,0,0,0,0,1
71,92600.0,20.7,RENT,31000.0,medical,60,2824.24,122546.61,0.807,13,0,449,0,0,0,0,0,1
62,70400.0,18.7,RENT,14800.0,auto,60,1530.53,44398.6,0.07,12,2,292,0,0,0,0,0,0
64,45200.0,21.6,RENT,13500.0,home_improvement,60,151.57,8361.78,0.422,6,4,286,0,0,0,0,0,1
44,50300.0,9.9,MORTGAGE,13100.0,home_improvement,36,617.32,17735.66,0.165,9,1,262,0,0,0,0,0,1
35,110000.0,6.5,RENT,25300.0,debt_consolidation,36,3933.08,174083.11,0.437,4,2,148,2,0,1,0,0,1
52,25800.0,3.3,OWN,6200.0,debt_consolidation,36,560.53,31570.98,0.061,7,1,327,0,0,0,1,1,1
52,50000.0,12.7,MORTGAGE,5400.0,medical,60,638.63,38147.53,0.773,9,0,261,0,0,0,0,0,1
44,67000.0,8.1,RENT,15000.0,debt_consolidation,36,1886.87,45747.51,0.103,7,2,220,0,0,0,0,0,1
61,52800.0,21.7,MORTGAGE,18500.0,debt_consolidation,60,1473.49,79673.52,0.524,13,2,389,1,0,0,0,1,0
69,28700.0,12.3,MORTGAGE,11700.0,credit_card,36,585.06,27541.73,0.814,7,1,433,0,0,0,0,0,1
69,110700.0,26.3,MORTGAGE,33300.0,debt_consolidation,36,2600.23,47500.54,0.155,8,4,488,0,0,0,0,0,1
32,125500.0,5.2,MORTGAGE,47800.0,small_business,36,2415.87,55320.52,0.203,7,3,101,0,0,0,0,0,1
59,38400.0,13.7,RENT,9700.0,debt_consolidation,36,913.32,34678.19,0.275,7,1,275,0,0,0,0,0,1
22,18000.0,0.2,MORTGAGE,2500.0,credit_card,36,393.21,14910.63,0.196,7,3,22,0,0,0,0,0,1
23,198800.0,0.5,RENT,50000.0,home_improvement,36,6329.08,318566.48,0.353,9,1,18,0,0,0,0,0,1
69,52600.0,22.7,MORTGAGE,17400.0,major_purchase,36,883.81,30480.06,0.376,6,1,494,0,0,0,0,0,1
57,38800.0,14.4,MORTGAGE,2100.0,debt_consolidation,60,670.48,31705.03,0.628,6,3,250,0,1,0,0,0,1
69,62200.0,10.8,RENT,15000.0,debt_consolidation,36,749.27,44798.03,0.616,3,3,218,0,0,0,0,0,1
37,78900.0,0.6,RENT,33500.0,credit_card,60,1004.88,58068.55,0.189,6,0,134,0,0,0,0,0,1
69,46800.0,5.9,RENT,20800.0,home_improvement,36,1612.64,63555.15,0.893,6,2,543,0,0,0,0,0,1
22,71100.0,0.8,RENT,16500.0,debt_consolidation,36,144.83,7181.86,0.33,10,0,27,0,0,0,0,0,1
22,62000.0,0.3,MORTGAGE,21000.0,debt_consolidation,36,421.68,12814.67,0.775,7,0,41,0,0,0,0,0,0
48,45300.0,18.9,OWN,2600.0,debt_consolidation,60,391.86,19662.3,0.545,7,1,150,0,0,0,0,0,1
43,27000.0,19.7,RENT,4200.0,debt_consolidation,36,597.91,26102.13,0.273,7,0,281,0,0,0,0,0,1
57,137700.0,9.7,RENT,46600.0,home_improvement,36,4197.41,144298.78,0.297,8,0,292,0,0,0,0,0,1
52,90300.0,16.3,RENT,28100.0,credit_card,36,953.56,35022.53,0.384,6,0,191,0,0,0,0,0,1
53,43400.0,13.1,RENT,13600.0,credit_card,36,1167.84,41152.93,0.276,5,0,363,0,1,0,0,0,1
21,82700.0,0.5,RENT,27200.0,debt_consolidation,36,1844.18,81805.65,0.124,12,3,34,3,0,0,0,0,1
39,41000.0,14.4,MORTGAGE,9100.0,auto,36,1012.92,47262.63,0.499,12,3,119,0,0,0,0,0,0
22,64800.0,0.7,MORTGAGE,27600.0,small_business,36,1063.27,39362.31,0.134,4,1,23,0,0,0,0,0,0
64,91700.0,28.7,MORTGAGE,18000.0,debt_consolidation,36,1648.01,88640.5,0.311,6,0,512,0,0,0,0,0,1
46,85400.0,11.0,RENT,35100.0,debt_consolidation,36,1651.64,95108.8,0.799,9,0,254,2,0,0,0,0,0
52,52900.0,20.0,RENT,3900.0,home_improvement,36,1150.73,52295.17,0.187,5,1,264,0,0,0,0,1,1
26,103700.0,0.3,MORTGAGE,40400.0,credit_card,60,1625.96,38351.62,0.832,12,1,53,1,0,0,0,0,1
52,66600.0,23.3,RENT,11400.0,home_improvement,36,594.38,13671.58,0.091,8,1,185,0,0,0,0,0,1
24,49500.0,3.2,MORTGAGE,15500.0,home_improvement,36,1078.7,64691.13,0.611,10,1,59,0,0,0,0,0,1
31,166300.0,5.7,MORTGAGE,12000.0,debt_consolidation,36,3225.47,124490.24,0.259,11,0,104,1,0,0,0,0,1
37,35700.0,1.2,RENT,2900.0,debt_consolidation,36,896.92,40155.27,0.245,10,0,89,0,0,0,0,0,1
58,82400.0,12.2,RENT,6000.0,debt_consolidation,36,1836.61,69466.36,0.511,12,2,310,0,0,0,0,0,1
44,144200.0,3.5,OWN,35200.0,auto,36,3412.81,152841.06,0.953,7,3,160,1,0,0,0,0,0
25,25900.0,2.4,MORTGAGE,5600.0,small_business,36,122.55,4364.7,0.33,4,1,72,0,0,0,0,0,1
54,162800.0,4.0,MORTGAGE,28900.0,medical,60,2712.29,147295.04,0.445,12,0,284,0,0,0,0,0,1
26,167600.0,3.7,RENT,38300.0,debt_consolidation,36,3196.03,87912.42,0.411,6,0,59,0,0,0,0,0,1
42,51100.0,5.9,MORTGAGE,9000.0,credit_card,36,1261.63,75409.94,0.797,5,2,211,0,0,0,0,0,0
31,77600.0,2.7,RENT,30900.0,home_improvement,36,1956.7,83738.95,0.35,13,4,137,0,0,0,0,0,1
68,44100.0,10.0,MORTGAGE,12100.0,debt_consolidation,60,380.48,7234.62,0.086,7,1,484,0,0,0,0,0,1
36,42000.0,3.3,MORTGAGE,7300.0,home_improvement,60,1381.26,49087.47,0.429,6,1,92,0,0,0,0,0,0
53,35500.0,9.3,RENT,8200.0,credit_card,36,1058.85,34808.07,0.209,10,1,254,0,1,0,0,0,1
29,168000.0,0.3,RENT,50000.0,auto,60,2384.34,135939.22,0.298,11,1,71,0,0,0,0,0,1
26,58200.0,2.8,MORTGAGE,12400.0,debt_consolidation,36,1111.53,31541.24,0.181,3,0,88,1,0,0,0,0,1
36,30900.0,2.8,MORTGAGE,6800.0,credit_card,60,760.25,27339.58,0.327,8,0,121,0,0,0,1,0,0
49,117200.0,14.6,MORTGAGE,21700.0,medical,36,1992.84,94735.02,0.441,8,1,233,0,0,0,0,0,1
23,95800.0,1.6,MORTGAGE,14800.0,home_improvement,36,420.44,7994.09,0.108,7,0,41,0,0,0,0,0,0
40,81400.0,10.7,MORTGAGE,19400.0,debt_consolidation,36,613.24,14341.15,0.748,9,2,123,1,0,0,0,0,1
56,46100.0,15.0,MORTGAGE,15900.0,debt_consolidation,36,466.14,20750.18,0.681,8,2,285,0,0,0,0,1,1
39,53000.0,7.4,MORTGAGE,10500.0,medical,60,2027.29,39603.73,0.535,9,0,96,0,0,0,0,0,1
46,206900.0,16.1,RENT,29100.0,debt_consolidation,36,6673.63,186172.71,0.343,9,0,187,0,0,0,0,0,1
23,81800.0,1.3,RENT,25700.0,auto,36,677.0,22823.45,0.261,7,0,57,0,0,0,0,0,1
39,49500.0,7.8,MORTGAGE,18500.0,debt_consolidation,36,437.59,10902.71,0.213,7,0,169,0,0,0,0,0,1
40,99600.0,9.3,MORTGAGE,5800.0,major_purchase,36,2146.85,63856.03,0.747,10,2,188,0,0,0,0,0,1
52,105200.0,24.5,MORTGAGE,31900.0,credit_card,36,1625.69,41914.25,0.1,9,1,278,0,0,0,0,0,1
27,179400.0,5.5,MORTGAGE,50000.0,major_purchase,36,4334.12,216447.26,0.787,8,0,35,0,0,0,0,0,1
61,68600.0,2.3,MORTGAGE,5900.0,debt_consolidation,60,894.76,23173.02,0.4,7,1,428,0,0,0,0,0,1
53,99000.0,19.0,RENT,40600.0,small_business,36,892.58,44992.13,0.446,7,4,194,0,0,0,0,0,1
60,88600.0,4.4,MORTGAGE,8600.0,debt_consolidation,60,677.51,17725.92,0.063,8,2,195,1,0,0,0,0,1
59,44700.0,12.8,RENT,20100.0,credit_card,36,890.75,15868.04,0.187,7,2,464,0,0,0,0,0,1
38,31200.0,2.1,MORTGAGE,7900.0,small_business,36,869.87,47839.28,0.562,8,0,187,1,0,0,0,0,1
60,93100.0,8.6,RENT,31800.0,debt_consolidation,36,1858.35,88442.28,0.55,11,3,449,0,0,0,0,0,0
21,96800.0,0.1,RENT,7300.0,home_improvement,60,1224.32,30108.34,0.51,8,1,19,0,0,0,0,0,0
31,18000.0,5.9,MORTGAGE,1600.0,debt_consolidation,36,228.23,6550.42,0.54,5,1,93,0,0,0,0,0,1
48,88600.0,13.0,RENT,38600.0,credit_card,36,1752.26,44482.14,0.33,4,1,205,0,0,0,0,0,1
45,63400.0,20.4,MORTGAGE,28200.0,credit_card,36,426.44,20555.84,0.729,9,1,210,0,0,0,0,0,1
70,84100.0,25.6,MORTGAGE,13500.0,debt_consolidation,60,2598.06,40479.94,0.495,8,0,550,0,0,0,0,0,1
43,50800.0,1.3,MORTGAGE,9500.0,debt_consolidation,36,1296.68,75642.85,0.399,10,2,156,0,0,0,0,0,0
51,147300.0,18.4,RENT,8000.0,debt_consolidation,36,3512.57,111740.55,0.271,7,1,367,1,1,0,0,0,1
50,116600.0,4.6,RENT,50000.0,debt_consolidation,36,2196.17,61250.69,0.549,13,1,149,3,0,0,0,0,1
62,30800.0,15.4,MORTGAGE,12800.0,debt_consolidation,36,402.51,20232.48,0.792,6,0,409,0,0,0,0,0,1
55,38600.0,3.4,RENT,3700.0,credit_card,36,1064.88,31380.46,0.611,11,0,399,0,0,0,0,0,1
27,68400.0,5.0,OWN,13400.0,home_improvement,36,520.55,21155.86,0.458,15,1,76,2,1,0,0,1,0
36,47100.0,2.5,RENT,20600.0,credit_card,36,671.94,22421.79,0.383,7,0,99,0,0,0,0,0,1
46,119900.0,4.7,MORTGAGE,12000.0,credit_card,60,2837.46,122651.79,0.264,11,2,174,2,2,0,0,0,0
68,37900.0,31.4,RENT,15100.0,credit_card,36,247.67,4831.27,0.585,13,0,338,0,0,0,0,0,1
69,119400.0,10.9,RENT,15600.0,debt_consolidation,36,4325.53,139815.46,0.522,6,3,431,0,0,0,0,0,1
22,18000.0,0.6,OWN,1400.0,small_business,36,302.68,16828.51,0.69,6,1,43,0,0,0,0,0,0
21,53000.0,0.4,MORTGAGE,5700.0,debt_consolidation,36,2106.12,124055.81,0.677,10,0,15,0,0,0,0,0,0
68,142000.0,33.3,MORTGAGE,47400.0,debt_consolidation,36,3258.37,65682.79,0.568,12,0,488,0,0,0,0,0,1
32,64100.0,1.8,RENT,6700.0,debt_consolidation,60,1237.3,55229.5,0.639,11,1,105,0,0,0,0,0,0
25,67200.0,0.5,OWN,3500.0,credit_card,60,1517.31,50876.11,0.239,7,0,31,0,0,0,1,0,1
57,101500.0,1.1,MORTGAGE,36600.0,debt_consolidation,36,2544.05,78932.26,0.092,8,0,356,0,0,0,0,0,1
52,88400.0,7.0,RENT,27600.0,debt_consolidation,36,164.75,2618.68,0.105,6,1,161,0,0,0,0,0,1
29,62200.0,2.1,RENT,25000.0,debt_consolidation,36,716.08,14374.52,0.045,6,2,56,0,0,0,0,0,1
61,136600.0,16.4,RENT,38400.0,debt_consolidation,36,2990.26,76176.0,0.681,7,0,175,1,0,0,0,0,1
55,71000.0,15.7,RENT,4800.0,credit_card,36,1345.03,48128.4,0.323,6,1,272,0,0,0,1,0,1
39,89200.0,5.2,OWN,5200.0,home_improvement,36,2702.45,121830.26,0.281,12,2,150,1,0,0,0,0,1
68,111300.0,19.9,RENT,40500.0,debt_consolidation,36,2128.59,84942.9,0.729,11,1,525,0,0,0,0,0,1
36,18000.0,6.7,RENT,7300.0,debt_consolidation,36,408.6,14035.43,0.526,3,0,149,0,0,0,0,0,1
23,44500.0,0.5,RENT,16500.0,credit_card,36,1070.46,46136.65,0.402,3,1,26,0,0,0,0,0,1
40,47800.0,3.2,RENT,9500.0,medical,60,817.76,28119.1,0.486,7,0,210,0,0,0,0,1,1
44,95100.0,0.6,RENT,29900.0,credit_card,60,1685.71,52784.91,0.769,12,0,155,1,1,0,0,0,1
53,172600.0,11.1,RENT,14000.0,home_improvement,60,1320.6,77773.99,0.466,8,1,224,0,0,0,0,0,1
44,23700.0,8.4,RENT,8000.0,credit_card,36,760.2,40279.49,0.692,6,1,285,0,0,0,0,0,1
31,52600.0,4.2,MORTGAGE,7900.0,debt_consolidation,36,553.32,10847.1,0.44,6,1,92,0,0,0,0,0,1
69,120800.0,10.4,RENT,50000.0,medical,60,3856.35,173470.6,0.168,4,3,261,0,0,0,0,0,1
28,25400.0,2.5,OWN,4700.0,debt_consolidation,36,601.85,35981.55,0.471,7,1,47,1,1,0,0,0,1
56,81700.0,9.9,MORTGAGE,15200.0,home_improvement,36,1828.12,78250.78,0.569,6,0,247,0,0,0,0,0,1
58,85000.0,11.1,MORTGAGE,14000.0,auto,36,1035.96,26000.82,0.141,6,0,301,0,0,0,0,0,1
60,88900.0,9.3,OWN,27000.0,debt_consolidation,60,543.38,24543.31,0.619,7,1,451,0,0,0,0,0,1
40,35700.0,9.9,MORTGAGE,3200.0,debt_consolidation,36,1319.52,30860.21,0.376,7,2,114,0,0,0,0,0,0
55,64700.0,15.0,MORTGAGE,4600.0,credit_card,60,398.13,20665.63,0.445,9,0,273,0,0,0,0,0,1
68,34200.0,6.4,RENT,11200.0,small_business,36,670.96,25967.41,0.224,10,4,541,0,0,0,0,0,0
45,121700.0,2.4,MORTGAGE,50000.0,medical,36,3600.64,98129.07,0.233,8,1,242,1,0,0,0,0,1
55,36900.0,5.6,RENT,12800.0,home_improvement,60,720.64,22054.29,0.251,8,0,171,0,0,0,0,0,1
45,67600.0,4.5,MORTGAGE,10100.0,debt_consolidation,36,289.53,13682.22,0.332,9,0,200,0,0,0,0,0,1
49,209000.0,7.2,MORTGAGE,40700.0,credit_card,36,3754.61,75841.1,0.159,13,1,158,2,0,0,0,0,1
38,123000.0,0.5,MORTGAGE,16200.0,home_improvement,36,1210.81,67509.62,0.466,8,1,169,2,0,0,0,0,0
66,25000.0,9.1,MORTGAGE,8100.0,home_improvement,36,350.73,7160.01,0.212,8,3,411,0,0,0,0,0,1
38,56000.0,4.5,RENT,8100.0,debt_consolidation,36,853.69,28674.82,0.233,8,1,157,0,0,0,0,0,1
22,68600.0,0.6,RENT,19100.0,credit_card,36,693.53,34255.9,0.583,3,1,20,0,0,0,0,0,1
55,59600.0,15.0,MORTGAGE,23000.0,medical,60,2592.18,130179.41,0.077,10,3,330,0,0,0,0,0,1
36,81900.0,1.6,OWN,21000.0,home_improvement,36,1486.46,28812.53,0.25,16,2,164,0,0,0,0,0,1
61,92800.0,9.0,MORTGAGE,26700.0,debt_consolidation,60,1491.76,40928.53,0.643,8,1,268,0,0,0,0,0,1
56,181400.0,3.7,RENT,50000.0,debt_consolidation,60,3060.7,94169.93,0.284,5,0,302,0,0,0,0,0,1
53,51200.0,13.7,OWN,9100.0,debt_consolidation,60,422.22,23727.44,0.36,6,1,142,0,0,0,0,0,1
24,99600.0,0.5,RENT,36700.0,home_improvement,60,2821.92,100947.93,0.328,9,3,57,1,1,0,0,0,1
53,59900.0,9.2,OWN,19500.0,credit_card,36,651.7,36170.66,0.337,9,3,221,0,0,0,1,0,1
34,156800.0,2.9,RENT,14900.0,debt_consolidation,36,2760.15,147774.85,0.734,7,0,117,0,0,0,0,0,1
41,82100.0,9.4,OWN,36600.0,home_improvement,36,1934.33,32367.89,0.484,9,1,144,0,0,0,0,0,1
68,67700.0,4.4,RENT,22100.0,small_business,36,1997.95,92764.96,0.515,6,1,546,0,0,0,0,0,1
40,57300.0,1.2,MORTGAGE,3200.0,debt_consolidation,36,1737.65,94894.64,0.082,9,3,157,1,0,0,0,0,1
28,41000.0,2.0,MORTGAGE,13900.0,debt_consolidation,60,843.55,26559.08,0.427,5,1,76,0,0,0,0,0,1
27,106600.0,1.2,MORTGAGE,11000.0,small_business,36,2335.78,85954.2,0.055,11,0,92,0,0,0,0,0,1
23,42100.0,1.2,MORTGAGE,7000.0,credit_card,60,491.05,12568.09,0.747,3,1,45,0,0,0,0,0,1
37,23700.0,10.1,MORTGAGE,4500.0,small_business,36,163.71,6304.63,0.226,6,2,157,0,0,0,0,0,1
53,39000.0,10.4,RENT,6800.0,credit_card,36,658.46,20348.27,0.582,8,1,295,0,0,0,0,0,1
68,72000.0,14.7,RENT,25000.0,debt_consolidation,60,2524.06,119437.36,0.675,13,3,282,0,0,0,0,0,0
32,33800.0,0.5,MORTGAGE,11900.0,medical,36,909.23,23355.44,0.672,8,3,139,0,0,0,0,0,1
71,42500.0,35.1,MORTGAGE,11100.0,home_improvement,60,521.44,19802.13,0.373,10,1,215,0,0,0,0,1,1
42,23400.0,4.9,RENT,6500.0,debt_consolidation,36,253.88,9160.99,0.378,4,2,255,3,0,0,0,0,1
42,42000.0,8.8,RENT,7400.0,major_purchase,60,678.4,22490.38,0.617,12,0,111,0,0,0,0,0,1
66,169700.0,3.9,MORTGAGE,10100.0,auto,36,3763.97,98890.01,0.317,8,1,213,0,0,0,0,0,1
50,46700.0,1.6,MORTGAGE,8900.0,debt_consolidation,60,916.33,43141.79,0.266,6,2,340,0,0,0,0,0,1
58,62300.0,9.1,MORTGAGE,3300.0,major_purchase,36,1411.91,35252.38,0.184,8,1,356,0,0,0,0,0,1
58,227000.0,6.3,RENT,50000.0,debt_consolidation,60,2400.36,133351.6,0.311,3,1,247,0,0,0,0,0,1
65,79400.0,7.2,OWN,24300.0,debt_consolidation,60,2104.35,89179.63,0.538,9,1,323,0,0,0,0,0,1
71,77700.0,13.3,OWN,34300.0,debt_consolidation,36,1928.99,114195.0,0.232,6,0,367,1,0,0,0,0,1
28,39100.0,4.9,RENT,4800.0,debt_consolidation,36,760.82,42834.36,0.522,10,1,36,0,0,0,0,0,1
47,75000.0,6.1,MORTGAGE,23500.0,credit_card,60,1532.79,33029.76,0.375,8,1,154,0,0,0,0,0,1
47,171500.0,15.7,MORTGAGE,21500.0,home_improvement,60,4408.27,221385.96,0.519,9,1,133,0,0,0,0,0,1
54,34000.0,24.0,MORTGAGE,10400.0,major_purchase,36,672.33,15410.24,0.437,6,2,178,0,0,0,0,0,1
41,59700.0,4.5,MORTGAGE,14700.0,debt_consolidation,36,1413.81,81031.83,0.358,4,0,150,0,0,0,0,0,1
50,34700.0,6.4,MORTGAGE,11000.0,credit_card,36,1557.68,71228.75,0.478,8,0,211,0,0,0,0,0,1
53,161000.0,4.9,RENT,50000.0,credit_card,36,2465.51,57816.41,0.594,9,5,290,0,0,0,0,0,1
48,34600.0,7.2,RENT,9000.0,credit_card,60,472.2,10691.84,0.064,9,3,341,0,0,0,0,0,1
67,44900.0,21.6,RENT,11100.0,home_improvement,60,989.56,48132.39,0.177,7,2,494,0,0,0,0,0,1
53,35000.0,7.4,MORTGAGE,2700.0,credit_card,36,1062.41,45493.47,0.813,7,3,208,0,0,0,0,0,1
25,30900.0,2.3,RENT,6000.0,credit_card,36,788.34,16536.9,0.755,9,0,51,2,0,0,0,0,0
68,69600.0,24.6,MORTGAGE,11900.0,major_purchase,36,1721.38,64746.22,0.279,7,1,388,0,0,0,0,0,1
39,54600.0,4.2,RENT,16400.0,major_purchase,36,1337.25,69796.84,0.181,8,2,187,0,0,0,0,0,1
24,80300.0,1.8,RENT,12900.0,credit_card,36,488.48,10597.54,0.67,5,0,42,0,0,0,0,0,1
55,93100.0,7.5,MORTGAGE,13300.0,debt_consolidation,36,447.64,6986.87,0.317,5,1,375,0,0,0,1,0,1
69,26200.0,32.8,RENT,10200.0,medical,36,523.54,10976.43,0.252,6,2,491,0,0,0,0,0,1
37,78100.0,8.1,RENT,29800.0,credit_card,36,848.36,19786.76,0.609,4,3,184,0,0,0,0,1,0
64,40100.0,33.2,OWN,7300.0,small_business,60,779.7,33876.06,0.091,9,2,322,0,0,0,0,0,1
48,71600.0,13.7,MORTGAGE,6000.0,debt_consolidation,60,350.93,10591.07,0.577,6,4,318,0,0,0,0,1,1
50,79500.0,3.7,RENT,19800.0,major_purchase,36,2283.38,45015.92,0.449,11,1,277,3,0,0,0,0,1
49,57400.0,24.1,RENT,13200.0,home_improvement,60,1201.9,39471.81,0.229,8,2,160,0,0,0,0,0,1
66,136500.0,23.1,MORTGAGE,50000.0,home_improvement,36,2856.33,118319.66,0.624,10,1,334,0,0,0,0,0,1
26,30100.0,3.1,MORTGAGE,8100.0,debt_consolidation,60,593.65,17070.34,0.342,7,2,59,0,1,1,0,0,1
55,35600.0,6.5,RENT,15200.0,home_improvement,36,528.35,21786.48,0.648,11,2,165,0,1,0,0,0,1
61,75700.0,4.7,OWN,18400.0,debt_consolidation,36,1673.09,93733.52,0.698,12,3,267,0,0,0,0,0,0
57,211400.0,13.8,MORTGAGE,50000.0,debt_consolidation,36,4907.46,162379.18,0.246,5,1,426,0,0,0,0,0,1
44,39400.0,0.9,OWN,9500.0,debt_consolidation,60,442.03,25359.81,0.514,9,1,267,0,0,0,0,0,1
49,63800.0,11.4,RENT,11400.0,debt_consolidation,60,495.23,26597.94,0.35,5,2,139,0,0,0,0,0,1
69,127400.0,8.9,MORTGAGE,7800.0,debt_consolidation,36,3550.94,56741.98,0.631,12,0,550,0,0,0,0,0,1
66,109500.0,15.9,RENT,40200.0,home_improvement,36,1889.0,85206.98,0.316,6,0,291,0,0,0,0,0,1
51,92800.0,9.3,MORTGAGE,38200.0,small_business,60,2581.9,78242.65,0.543,3,2,247,0,0,0,0,0,1
55,44500.0,11.6,RENT,15300.0,debt_consolidation,60,139.61,3692.98,0.474,10,1,135,1,0,0,0,0,0
53,65300.0,7.7,RENT,10400.0,small_business,60,1121.72,54036.94,0.204,3,1,321,0,0,0,0,0,1
41,67300.0,8.8,RENT,25400.0,credit_card,60,1295.2,61923.77,0.722,9,1,248,0,1,0,0,0,1
52,117400.0,19.9,RENT,34700.0,medical,36,1918.45,88146.65,0.191,8,2,320,0,0,0,0,0,0
43,61500.0,2.0,OWN,19900.0,debt_consolidation,60,876.02,14652.19,0.443,4,1,210,0,0,0,0,0,1
53,139500.0,15.7,RENT,10700.0,debt_consolidation,36,1986.13,82777.98,0.237,7,0,256,0,0,0,0,0,1
23,64200.0,0.0,MORTGAGE,18200.0,small_business,60,954.51,39889.84,0.738,11,1,50,0,0,0,0,0,0
38,71400.0,5.2,MORTGAGE,19600.0,debt_consolidation,36,1413.07,82678.15,0.16,7,1,171,0,0,0,0,0,1
45,61700.0,9.7,MORTGAGE,19400.0,credit_card,36,1259.95,63119.62,0.291,5,1,287,0,1,0,0,0,1
62,60000.0,5.9,MORTGAGE,21500.0,credit_card,36,871.38,27221.05,0.66,8,0,241,1,0,1,0,0,1
51,63600.0,6.8,MORTGAGE,13500.0,small_business,60,210.42,9189.59,0.293,7,0,243,0,0,0,0,0,1
23,67400.0,1.6,OWN,7500.0,debt_consolidation,36,1404.95,77345.72,0.526,7,2,37,1,0,0,0,0,1
60,27100.0,23.4,MORTGAGE,11400.0,credit_card,60,201.76,10416.63,0.41,9,1,390,1,1,0,0,0,1
66,56700.0,7.8,MORTGAGE,20400.0,debt_consolidation,36,733.68,25339.7,0.347,11,0,394,0,0,0,0,1,1
44,167500.0,1.8,MORTGAGE,44600.0,debt_consolidation,36,2835.72,160632.65,0.357,6,0,270,0,0,0,0,0,1
70,24400.0,9.4,MORTGAGE,4700.0,debt_consolidation,60,241.58,14208.92,0.689,9,3,550,0,0,0,0,0,1
52,57800.0,13.3,MORTGAGE,25600.0,medical,36,385.92,19141.38,0.692,11,1,387,0,0,0,0,1,0
67,48600.0,14.4,RENT,4200.0,debt_consolidation,60,815.31,18676.68,0.455,9,2,490,0,0,0,0,0,1
42,79200.0,5.4,RENT,33600.0,credit_card,36,585.51,28472.77,0.425,7,0,182,0,0,0,0,0,1
43,87600.0,3.2,RENT,18500.0,credit_card,36,1296.42,42929.74,0.679,5,0,223,0,0,0,0,0,0
22,71700.0,0.3,RENT,6400.0,home_improvement,60,2444.46,63537.95,0.08,4,2,44,0,0,0,0,0,1
47,21900.0,11.2,MORTGAGE,4400.0,credit_card,60,560.12,11299.51,0.605,12,2,287,0,0,0,0,0,1
62,21700.0,10.3,RENT,7600.0,credit_card,36,252.31,4942.23,0.403,10,1,389,0,0,0,0,0,1
22,18000.0,0.6,MORTGAGE,4000.0,debt_consolidation,36,402.06,13330.08,0.122,6,2,32,0,0,0,0,0,1
46,61400.0,9.8,OWN,15200.0,home_improvement,36,1067.67,43007.69,0.344,8,0,127,0,0,0,0,0,1
37,26800.0,5.6,RENT,10200.0,credit_card,60,536.14,24388.34,0.661,10,1,115,0,0,0,0,0,1
60,18200.0,1.9,RENT,5400.0,debt_consolidation,36,495.12,26730.56,0.277,8,1,311,0,0,0,0,0,1
53,39900.0,6.9,RENT,12700.0,small_business,60,885.8,19062.21,0.157,10,0,143,0,0,0,0,0,1
29,45500.0,5.0,MORTGAGE,5100.0,home_improvement,36,750.02,21844.48,0.444,6,1,99,3,0,0,0,0,1
63,63200.0,14.9,OWN,9500.0,credit_card,36,1345.54,22163.25,0.303,9,4,195,0,0,0,0,1,1
68,66400.0,26.6,OWN,14200.0,credit_card,36,574.16,25787.58,0.341,7,0,426,0,0,0,0,0,1
59,68400.0,7.3,RENT,6400.0,debt_consolidation,36,1463.11,23445.86,0.591,10,1,442,0,0,0,0,0,1
49,103900.0,17.5,RENT,16800.0,major_purchase,36,1533.02,26183.92,0.639,11,0,174,0,0,0,0,0,1
62,56300.0,8.8,OWN,21600.0,debt_consolidation,36,354.38,14854.31,0.149,10,2,178,0,0,0,0,0,1
46,99900.0,14.7,RENT,5900.0,debt_consolidation,60,2692.85,63859.76,0.352,4,1,174,1,1,0,0,0,1
55,54600.0,16.2,RENT,3800.0,small_business,36,826.68,36872.85,0.615,5,1,324,0,0,0,0,0,1
70,53200.0,13.8,RENT,17300.0,credit_card,36,128.8,3996.84,0.549,5,1,527,0,0,0,0,0,1
45,48300.0,0.4,OWN,9900.0,debt_consolidation,36,517.81,13809.6,0.524,11,3,303,0,0,0,0,0,1
44,64900.0,15.8,RENT,23300.0,small_business,60,1481.78,72938.36,0.117,9,0,204,1,0,0,1,0,1
33,95100.0,5.4,OWN,40200.0,auto,36,836.45,40450.04,0.534,13,2,76,0,0,0,0,0,0
27,94100.0,2.1,RENT,14700.0,debt_consolidation,36,3159.82,56029.51,0.552,10,1,87,0,0,0,0,1,1
56,92500.0,13.1,MORTGAGE,6000.0,debt_consolidation,36,2343.33,111543.13,0.43,13,1,231,0,0,0,0,0,1
65,78500.0,2.5,RENT,18200.0,credit_card,36,1047.66,60310.43,0.593,5,1,253,0,0,0,0,0,1
40,35100.0,2.9,RENT,15300.0,debt_consolidation,36,801.62,29107.71,0.071,11,0,146,0,0,0,0,0,1
21,300000.0,0.6,MORTGAGE,50000.0,credit_card,36,8742.5,340487.5,0.33,6,4,21,0,0,0,0,0,0
28,31800.0,5.5,MORTGAGE,6400.0,credit_card,36,1004.84,30376.22,0.431,2,0,99,0,0,0,0,0,0
66,70800.0,5.4,MORTGAGE,19200.0,credit_card,36,1844.44,91071.91,0.219,7,2,270,0,0,0,0,0,1
36,300000.0,6.1,OWN,34800.0,debt_consolidation,36,5150.47,254479.04,0.392,11,1,179,0,0,0,0,0,1
34,107500.0,4.8,RENT,37700.0,debt_consolidation,36,1475.38,81329.06,0.302,6,3,58,0,0,0,0,0,1
32,45000.0,6.2,RENT,14500.0,debt_consolidation,36,465.74,22145.61,0.556,5,1,127,0,0,0,0,0,1
71,129300.0,11.8,MORTGAGE,43900.0,debt_consolidation,60,2331.57,137743.66,0.551,9,1,344,0,2,0,0,0,1
43,73700.0,11.6,OWN,12600.0,home_improvement,36,1097.66,64381.05,0.238,6,0,97,0,1,0,0,0,1
35,42200.0,8.2,MORTGAGE,15800.0,debt_consolidation,36,869.7,29031.44,0.921,5,1,136,0,0,0,0,0,1
48,74600.0,9.7,MORTGAGE,30400.0,debt_consolidation,36,1629.27,77339.59,0.352,10,0,269,0,0,0,0,0,1
54,54200.0,18.5,MORTGAGE,23400.0,debt_consolidation,36,918.94,14536.44,0.445,9,1,143,0,0,0,0,0,1
22,58800.0,0.3,RENT,18000.0,auto,60,1115.76,36101.01,0.744,11,2,27,0,0,0,0,0,1
52,67700.0,18.1,RENT,12800.0,debt_consolidation,36,2470.65,82468.89,0.519,6,2,287,0,0,0,0,0,1
43,97200.0,1.8,MORTGAGE,19900.0,debt_consolidation,36,1744.69,91422.67,0.58,6,1,117,0,0,0,0,0,1
42,108700.0,12.4,MORTGAGE,30000.0,debt_consolidation,36,3463.12,94466.53,0.423,4,0,269,0,0,0,0,0,1
71,44300.0,28.4,MORTGAGE,12400.0,auto,36,1529.12,37663.67,0.264,5,4,491,1,0,1,1,0,1
45,80700.0,10.2,MORTGAGE,29600.0,debt_consolidation,36,919.27,32915.72,0.076,12,1,304,0,0,0,0,0,1
42,57100.0,6.3,MORTGAGE,4800.0,credit_card,36,285.71,7202.5,0.043,8,1,247,0,0,0,0,0,1
42,100900.0,4.4,MORTGAGE,27900.0,debt_consolidation,36,2652.0,60718.57,0.221,8,3,218,0,0,0,0,0,0
69,37700.0,23.7,OWN,7100.0,debt_consolidation,60,1142.86,41523.69,0.629,2,0,264,0,0,0,0,0,1
62,65400.0,1.9,MORTGAGE,25100.0,debt_consolidation,60,2289.51,62420.64,0.3,6,2,308,0,1,0,0,0,1
26,24200.0,1.1,RENT,4600.0,credit_card,60,355.21,7273.38,0.236,8,0,88,0,0,0,0,0,1
35,97500.0,7.0,MORTGAGE,23100.0,home_improvement,36,3540.1,93784.45,0.201,12,0,174,0,0,0,0,0,1
63,178200.0,8.7,MORTGAGE,25100.0,home_improvement,36,3921.95,190746.61,0.569,5,0,391,1,1,0,0,0,1
57,154900.0,9.0,MORTGAGE,26100.0,major_purchase,36,4577.33,91092.56,0.431,6,0,281,1,1,1,0,1,0
53,104900.0,12.2,OWN,28600.0,debt_consolidation,36,2991.39,57699.48,0.459,7,2,245,1,0,0,0,0,1
28,90800.0,2.6,RENT,20000.0,debt_consolidation,60,1277.53,42652.53,0.568,6,0,69,0,0,0,0,0,1
64,206100.0,3.3,MORTGAGE,26900.0,home_improvement,36,5490.62,122480.47,0.354,5,3,234,0,0,0,0,0,1
64,48700.0,11.4,MORTGAGE,11700.0,debt_consolidation,36,732.69,23760.46,0.149,13,1,329,2,0,0,0,0,1
25,57600.0,1.9,RENT,6700.0,medical,36,969.69,54516.92,0.434,9,2,27,0,0,0,0,0,1
59,143900.0,21.6,MORTGAGE,50000.0,medical,36,3243.27,70204.37,0.706,6,1,334,1,1,0,0,0,1
24,61300.0,2.9,MORTGAGE,25700.0,debt_consolidation,36,659.14,31187.99,0.773,11,2,61,0,0,0,0,0,1
26,39800.0,2.7,MORTGAGE,5600.0,home_improvement,36,1456.35,26838.25,0.528,6,0,79,0,0,0,0,0,1
65,28700.0,0.8,MORTGAGE,2000.0,debt_consolidation,60,480.96,24045.48,0.318,6,1,411,0,1,0,0,0,1
52,41700.0,25.9,RENT,17500.0,debt_consolidation,36,609.41,34785.54,0.492,5,2,378,0,0,0,0,0,1
50,174000.0,13.7,MORTGAGE,30400.0,small_business,36,4843.39,242244.98,0.397,11,0,161,0,0,0,0,0,1
67,62500.0,11.5,MORTGAGE,7800.0,credit_card,36,966.52,52856.9,0.381,11,0,272,0,2,0,0,0,1
55,43600.0,9.7,MORTGAGE,18200.0,debt_consolidation,36,331.44,16031.71,0.621,6,0,133,0,0,0,0,0,1
60,63000.0,17.1,MORTGAGE,25400.0,debt_consolidation,60,381.25,10434.99,0.429,7,0,198,0,0,0,0,0,1
36,79100.0,2.2,MORTGAGE,5600.0,debt_consolidation,60,2280.13,57785.62,0.283,13,2,124,0,0,0,0,0,1
33,23800.0,1.5,RENT,3200.0,debt_consolidation,60,304.73,16912.39,0.156,10,1,98,0,0,0,0,0,0
70,40500.0,15.4,MORTGAGE,15200.0,home_improvement,60,1576.72,25883.34,0.097,12,2,252,0,0,0,0,0,1
62,29200.0,33.7,MORTGAGE,4600.0,credit_card,36,675.7,26559.25,0.382,6,0,215,0,0,0,0,0,1
50,148000.0,14.0,MORTGAGE,47000.0,home_improvement,60,4224.47,127296.74,0.225,7,2,344,0,0,0,0,0,1
39,62000.0,2.3,RENT,4100.0,debt_consolidation,36,958.17,53703.36,0.538,4,1,238,2,1,0,0,0,1
37,60100.0,0.1,MORTGAGE,23200.0,debt_consolidation,36,1420.85,31892.42,0.322,4,2,216,0,0,0,0,0,1
39,59900.0,2.1,RENT,13100.0,debt_consolidation,36,844.65,26673.9,0.806,10,0,204,0,0,0,0,0,1
48,35700.0,10.9,OWN,8500.0,medical,36,1188.29,23040.87,0.26,10,1,335,0,0,0,0,0,1
46,88000.0,5.8,MORTGAGE,32900.0,debt_consolidation,36,2788.8,159562.3,0.301,7,5,164,0,0,0,0,0,0
57,181600.0,20.8,RENT,42100.0,debt_consolidation,36,1413.34,42560.28,0.17,10,2,375,0,0,0,0,0,1
46,47100.0,3.7,MORTGAGE,4300.0,debt_consolidation,36,1104.29,35067.17,0.183,5,2,209,0,0,0,0,0,1
43,107900.0,6.7,MORTGAGE,27200.0,debt_consolidation,60,3511.21,62292.52,0.224,4,3,241,0,0,0,0,0,1
29,62200.0,5.9,MORTGAGE,14500.0,small_business,36,1112.51,21809.02,0.301,8,0,65,0,0,0,1,0,1
32,43500.0,1.7,MORTGAGE,10000.0,debt_consolidation,36,1249.96,71215.11,0.078,8,3,88,2,2,0,0,0,0
21,108900.0,0.2,OWN,13800.0,credit_card,60,240.83,10617.72,0.583,4,1,34,0,0,0,0,0,1
21,27100.0,0.3,RENT,3100.0,medical,60,641.66,27320.49,0.729,7,0,24,0,0,0,1,0,0
67,30300.0,16.8,RENT,10900.0,major_purchase,36,307.14,15505.48,0.209,6,0,438,1,0,0,0,0,1
54,174900.0,10.5,MORTGAGE,50000.0,debt_consolidation,60,1235.66,53557.5,0.41,10,2,322,1,2,0,0,0,1
52,53000.0,1.6,MORTGAGE,2800.0,debt_consolidation,36,1268.55,33532.45,0.116,7,1,177,0,0,0,0,0,1
68,127400.0,6.4,RENT,48900.0,home_improvement,36,3633.21,203779.64,0.188,8,1,412,0,0,0,0,0,1
45,62000.0,6.0,RENT,6100.0,auto,60,2365.47,61672.68,0.272,10,0,160,0,0,0,0,0,1
60,18000.0,9.0,MORTGAGE,6200.0,home_improvement,36,440.39,22880.03,0.535,7,2,213,0,0,0,0,0,1
65,96200.0,26.5,MORTGAGE,8500.0,debt_consolidation,36,3029.48,83762.88,0.446,11,0,364,0,0,0,0,0,1
21,81000.0,0.7,RENT,35500.0,debt_consolidation,36,1217.3,32195.03,0.605,5,0,26,1,0,0,0,0,1
36,43900.0,9.6,MORTGAGE,18000.0,credit_card,60,1611.97,66283.89,0.145,7,1,74,0,0,0,0,0,1
59,120900.0,4.7,RENT,14900.0,debt_consolidation,60,649.47,13686.84,0.203,8,1,230,0,0,0,0,0,1
25,110700.0,3.4,RENT,5900.0,debt_consolidation,36,2809.99,89523.86,0.052,5,1,70,0,0,0,0,0,1
42,43700.0,8.2,RENT,3200.0,credit_card,36,726.41,27386.68,0.607,4,2,204,0,0,0,0,0,1
49,120000.0,6.8,OWN,44800.0,credit_card,60,4106.8,226342.38,0.806,7,2,143,0,0,0,0,0,1
23,74700.0,0.9,MORTGAGE,6000.0,debt_consolidation,60,2199.23,70909.49,0.251,6,0,43,0,0,0,0,0,1
32,68700.0,5.6,RENT,24800.0,debt_consolidation,60,822.18,13971.07,0.338,8,3,58,0,0,0,0,0,1
46,44100.0,16.5,RENT,16700.0,debt_consolidation,60,426.08,22085.94,0.175,8,1,260,0,0,0,0,0,1
36,40000.0,7.9,MORTGAGE,6900.0,debt_consolidation,36,1293.76,55285.9,0.425,6,0,119,0,0,0,0,0,1
71,144400.0,0.7,MORTGAGE,49700.0,major_purchase,60,3341.1,152399.7,0.431,7,2,223,0,0,0,0,0,1
57,81700.0,25.7,OWN,30900.0,small_business,60,509.57,9706.26,0.214,9,2,197,0,0,0,0,0,1
42,111200.0,1.4,MORTGAGE,40300.0,debt_consolidation,36,1432.15,32890.22,0.168,8,0,205,0,0,0,0,0,1
49,50800.0,6.7,RENT,6400.0,home_improvement,60,1211.2,48019.88,0.62,9,0,222,0,0,0,0,0,1
34,87300.0,3.2,MORTGAGE,20100.0,debt_consolidation,60,1469.04,35369.39,0.352,6,0,122,0,0,0,0,0,1
48,54600.0,10.7,RENT,4200.0,small_business,36,590.83,30616.53,0.205,6,2,277,0,0,0,0,0,1
25,95500.0,1.6,OWN,24800.0,debt_consolidation,60,651.86,10493.13,0.045,4,2,29,0,0,0,0,0,1
67,30600.0,4.4,RENT,6900.0,debt_consolidation,36,372.19,19279.67,0.37,5,1,406,0,0,0,0,0,1
69,30900.0,35.9,RENT,12700.0,debt_consolidation,60,963.27,34584.48,0.242,3,0,392,0,0,0,0,0,1
50,36000.0,6.8,MORTGAGE,2100.0,debt_consolidation,60,965.17,40081.22,0.455,7,2,187,1,0,0,0,0,0
66,65700.0,15.2,RENT,17200.0,debt_consolidation,60,1944.94,46578.46,0.435,7,3,219,0,0,0,0,0,1
25,19500.0,0.7,RENT,6700.0,small_business,36,325.83,10583.7,0.375,8,1,29,0,0,0,0,0,1
32,85300.0,1.0,MORTGAGE,20100.0,debt_consolidation,60,2544.68,104057.0,0.67,13,1,84,0,0,0,0,0,1
36,92700.0,0.4,MORTGAGE,13500.0,credit_card,36,908.16,20162.27,0.452,10,4,143,0,0,0,0,0,0
46,25300.0,13.6,MORTGAGE,7400.0,home_improvement,60,411.68,13401.24,0.216,5,1,263,1,0,0,0,0,1
46,52900.0,10.8,MORTGAGE,23500.0,home_improvement,36,1544.05,70105.0,0.382,7,1,135,0,0,0,1,0,0
68,183700.0,12.0,MORTGAGE,12200.0,debt_consolidation,36,2572.88,143153.67,0.082,8,1,550,0,0,0,0,0,1
41,52000.0,2.9,OWN,6700.0,debt_consolidation,36,1342.94,35675.32,0.524,14,2,116,0,0,0,0,0,1
59,38000.0,5.5,RENT,9400.0,major_purchase,36,741.89,36470.04,0.439,8,3,359,1,0,0,0,0,1
56,53800.0,4.1,RENT,15600.0,credit_card,36,304.52,6321.37,0.264,9,2,203,0,0,0,0,0,1
53,126100.0,3.9,MORTGAGE,37800.0,home_improvement,36,2127.71,49931.16,0.576,13,1,221,0,0,0,0,0,1
50,35200.0,7.2,RENT,2600.0,debt_consolidation,60,413.63,21298.45,0.781,8,3,150,0,0,0,0,0,1
57,89700.0,6.0,RENT,8900.0,debt_consolidation,60,1198.99,64505.3,0.237,7,3,259,1,0,0,0,0,1
43,83500.0,16.1,OWN,35700.0,credit_card,36,2533.55,99818.92,0.084,8,0,170,1,1,0,0,0,1
30,65800.0,2.5,MORTGAGE,5300.0,debt_consolidation,60,979.08,22023.23,0.529,6,2,69,0,0,0,0,0,1
25,53800.0,1.2,RENT,11700.0,small_business,36,375.42,8748.65,0.331,5,1,57,1,1,0,0,0,0
56,110200.0,4.6,MORTGAGE,31000.0,credit_card,36,2470.09,142245.85,0.066,2,2,171,0,0,0,0,0,1
54,35400.0,22.7,RENT,6200.0,home_improvement,60,95.41,3815.55,0.703,4,1,234,0,0,0,0,0,1
51,82600.0,5.2,MORTGAGE,12600.0,credit_card,36,1690.19,49103.93,0.243,5,1,207,1,0,0,0,0,1
30,28200.0,1.9,RENT,4700.0,credit_card,36,908.7,37700.22,0.408,7,0,67,0,0,0,0,0,1
39,112500.0,0.5,RENT,18300.0,credit_card,36,3364.12,92349.26,0.602,9,0,204,0,0,0,0,0,1
52,100400.0,5.2,RENT,20300.0,home_improvement,60,2121.68,102489.09,0.395,7,1,140,0,0,0,0,0,1
21,52600.0,0.1,OWN,5100.0,debt_consolidation,36,1028.1,23403.96,0.673,6,1,25,0,0,0,0,0,1
25,58200.0,1.6,RENT,22800.0,home_improvement,36,816.63,22254.16,0.195,10,0,65,0,0,0,0,0,1
65,86100.0,21.5,MORTGAGE,30500.0,credit_card,36,1749.48,82829.73,0.479,11,2,359,0,0,0,0,0,1
24,31400.0,0.8,RENT,2000.0,credit_card,36,339.42,5854.2,0.519,4,0,27,0,0,0,0,0,1
36,56200.0,3.8,RENT,19900.0,credit_card,60,140.6,8404.1,0.556,12,1,171,0,0,0,0,0,1
44,66100.0,2.4,MORTGAGE,25200.0,debt_consolidation,60,902.43,27070.91,0.4,2,4,253,0,0,0,0,0,1
36,25900.0,11.5,MORTGAGE,10800.0,debt_consolidation,36,384.83,17850.63,0.025,3,1,131,0,0,0,0,0,1
22,108400.0,1.2,MORTGAGE,32000.0,home_improvement,36,1315.11,24625.49,0.453,8,2,28,0,0,0,0,0,0
69,207800.0,24.8,OWN,50000.0,major_purchase,36,557.52,22592.4,0.066,15,1,325,0,0,0,0,0,1
48,248400.0,13.9,RENT,50000.0,credit_card,36,5682.21,222218.89,0.796,10,2,182,0,0,0,0,0,0
52,22600.0,3.4,RENT,1400.0,small_business,36,368.17,9891.65,0.304,5,2,125,0,0,0,0,0,0
47,125300.0,10.9,OWN,46900.0,credit_card,60,4270.6,130903.38,0.107,9,3,138,0,0,0,0,0,1
40,46800.0,8.4,OWN,13200.0,medical,60,1704.91,90698.78,0.152,14,1,216,0,0,0,0,0,1
44,62300.0,9.9,MORTGAGE,19300.0,credit_card,36,1376.19,35090.08,0.264,9,0,161,0,0,0,0,0,1
32,38600.0,0.3,MORTGAGE,15600.0,debt_consolidation,36,682.77,31430.99,0.37,9,1,89,1,0,0,0,0,1
70,92400.0,8.5,RENT,5000.0,major_purchase,36,1733.37,61086.8,0.129,11,1,257,0,0,0,0,0,1
55,18000.0,3.5,MORTGAGE,1700.0,small_business,60,273.5,10375.35,0.72,7,0,136,0,0,0,0,0,1
53,34200.0,5.2,RENT,9600.0,debt_consolidation,36,668.79,21126.41,0.495,12,1,324,0,0,0,0,0,1
53,19100.0,6.8,OWN,4100.0,small_business,60,375.41,18899.29,0.604,11,0,390,0,0,0,0,0,1
71,48100.0,16.5,RENT,10400.0,debt_consolidation,60,986.07,15003.44,0.461,5,0,267,0,0,0,0,0,1
63,55700.0,18.0,RENT,9700.0,small_business,60,721.3,16601.95,0.447,7,1,197,1,0,0,0,0,1
57,27800.0,23.8,MORTGAGE,10500.0,home_improvement,60,261.98,8154.19,0.194,4,2,415,0,0,0,0,0,1
32,88200.0,1.6,RENT,8100.0,debt_consolidation,36,1040.65,25337.26,0.154,6,1,149,0,0,0,0,0,1
23,84000.0,1.4,MORTGAGE,22100.0,small_business,60,1933.5,76503.68,0.588,7,2,28,0,0,0,0,0,1
21,106500.0,0.3,OWN,24800.0,debt_consolidation,36,1165.38,53671.47,0.407,11,0,13,0,1,1,0,0,1
53,143400.0,1.0,MORTGAGE,38800.0,debt_consolidation,60,921.41,38221.89,0.16,11,0,148,0,0,0,0,0,1
60,57200.0,15.0,OWN,4000.0,credit_card,60,1163.72,43270.09,0.582,9,0,207,0,0,1,1,0,1
30,74800.0,5.8,RENT,23900.0,major_purchase,36,1187.04,54742.11,0.642,5,2,92,0,0,0,0,0,1
63,37700.0,25.4,RENT,2100.0,debt_consolidation,60,1100.78,60508.69,0.316,6,2,427,0,0,0,0,0,1
64,68700.0,10.9,OWN,17900.0,credit_card,36,204.21,9379.71,0.486,10,5,252,1,1,0,0,0,1
49,70400.0,8.2,RENT,11000.0,home_improvement,36,702.05,31635.63,0.181,4,1,309,0,0,0,0,0,1
33,153100.0,6.2,MORTGAGE,26800.0,home_improvement,36,5662.42,320809.33,0.739,9,1,76,0,0,0,0,0,1
32,88900.0,5.0,MORTGAGE,30700.0,credit_card,36,2166.31,125919.62,0.437,9,0,78,0,0,0,0,0,1
51,89800.0,11.1,RENT,39900.0,medical,60,2556.8,62155.05,0.366,11,1,364,0,0,0,0,0,1
66,56000.0,9.4,MORTGAGE,13400.0,credit_card,36,185.85,5534.56,0.587,7,2,480,0,0,0,0,0,1
22,18000.0,1.1,MORTGAGE,5700.0,major_purchase,60,90.27,1402.11,0.902,10,1,27,0,0,0,0,0,1
71,67000.0,10.0,OWN,10000.0,credit_card,60,2292.68,71009.61,0.115,5,1,540,2,1,0,0,0,1
70,50900.0,27.9,RENT,13800.0,home_improvement,36,379.51,18061.12,0.502,8,1,356,1,0,0,0,0,1
55,35900.0,3.7,MORTGAGE,3200.0,credit_card,60,298.74,17595.94,0.589,11,0,180,0,0,0,0,0,1
43,99400.0,9.9,RENT,38800.0,debt_consolidation,36,1557.14,24288.07,0.292,10,1,278,0,0,0,0,0,1
37,113900.0,1.7,MORTGAGE,26500.0,debt_consolidation,36,2329.47,47027.58,0.65,7,0,165,0,0,0,0,0,1
46,38000.0,13.5,RENT,7400.0,home_improvement,60,86.32,3335.25,0.52,10,1,278,0,0,0,0,0,1
28,67600.0,5.3,MORTGAGE,17300.0,debt_consolidation,36,689.42,13720.94,0.553,10,1,61,0,0,0,0,0,1
49,62400.0,9.3,RENT,25900.0,credit_card,36,1947.05,33591.74,0.287,12,0,267,0,0,0,0,0,0
46,123600.0,11.2,RENT,44600.0,home_improvement,60,1901.08,66471.79,0.447,7,1,176,0,0,0,0,0,1
30,84200.0,6.5,MORTGAGE,9400.0,home_improvement,36,648.16,30689.55,0.204,13,1,72,1,0,0,0,0,1
46,97900.0,14.3,RENT,35000.0,credit_card,36,2081.0,62611.52,0.769,7,0,114,0,0,0,0,0,1
54,54000.0,5.5,MORTGAGE,11200.0,debt_consolidation,60,933.58,22601.98,0.337,12,1,152,0,0,0,0,0,1
71,83100.0,13.0,MORTGAGE,17300.0,home_improvement,36,1125.57,34398.65,0.091,7,2,273,2,1,0,0,0,0
61,106900.0,27.9,RENT,37700.0,debt_consolidation,36,1824.82,38077.65,0.244,8,1,370,0,0,0,0,0,1
27,236500.0,2.0,RENT,50000.0,medical,36,1819.79,56381.1,0.481,5,0,51,0,0,0,0,0,1
24,49100.0,1.7,MORTGAGE,3900.0,small_business,60,863.83,32131.39,0.602,3,1,43,0,0,0,0,0,1
70,54100.0,11.4,OWN,8000.0,home_improvement,36,1371.24,25114.91,0.295,9,0,466,0,0,0,0,0,1
65,44100.0,14.6,RENT,18000.0,debt_consolidation,36,1249.22,49577.89,0.05,11,1,527,0,0,0,0,0,0
31,51700.0,7.9,RENT,14800.0,debt_consolidation,36,1259.16,47739.1,0.314,10,1,64,0,0,0,0,0,1
49,141500.0,6.7,RENT,50000.0,small_business,36,2172.93,72774.89,0.498,7,0,188,0,1,0,0,0,1
56,41900.0,11.6,MORTGAGE,7200.0,debt_consolidation,36,555.02,23857.01,0.227,4,1,379,0,0,0,0,0,1
45,82000.0,6.7,MORTGAGE,26700.0,home_improvement,36,576.27,32860.63,0.388,12,2,190,0,0,0,0,0,1
41,114600.0,12.5,RENT,41700.0,debt_consolidation,36,1836.81,54459.95,0.478,8,2,114,0,0,0,0,0,1
56,128000.0,9.2,RENT,15800.0,small_business,60,3139.57,65876.93,0.367,7,1,190,0,0,0,0,0,1
30,147300.0,7.0,MORTGAGE,8700.0,credit_card,36,1631.67,78777.0,0.636,7,2,86,0,0,0,0,0,1
57,85700.0,24.7,RENT,26000.0,credit_card,36,1050.58,27586.43,0.577,4,1,247,0,0,0,0,0,1
29,81200.0,1.0,MORTGAGE,22800.0,home_improvement,60,985.6,46919.14,0.224,6,1,81,0,0,0,0,0,1
44,48400.0,5.2,RENT,3200.0,small_business,60,591.92,16260.32,0.764,7,1,159,0,0,0,0,0,0
55,22400.0,8.3,MORTGAGE,4800.0,home_improvement,36,563.32,11361.78,0.405,13,1,251,0,0,0,0,0,1
69,47700.0,15.4,MORTGAGE,13100.0,credit_card,60,833.49,50003.85,0.434,7,0,252,0,0,0,0,0,1
55,72200.0,6.3,MORTGAGE,9700.0,debt_consolidation,36,1205.66,46850.73,0.287,5,1,222,2,0,0,0,0,1
68,115600.0,5.3,MORTGAGE,10200.0,small_business,36,1686.62,81734.72,0.55,9,1,208,0,0,0,0,0,0
56,151100.0,22.1,MORTGAGE,50000.0,credit_card,36,1106.08,36092.87,0.465,10,3,341,0,0,0,0,1,1
38,66400.0,5.5,MORTGAGE,27900.0,home_improvement,36,593.91,33173.29,0.286,10,1,173,0,0,0,0,0,1
69,122800.0,32.9,RENT,28100.0,auto,36,4214.76,220104.96,0.298,8,2,550,1,0,0,0,0,1
59,72600.0,4.1,OWN,7500.0,credit_card,60,1175.04,61514.18,0.267,6,0,398,2,0,0,0,0,1
52,74200.0,20.8,OWN,16200.0,debt_consolidation,36,1655.23,84275.79,0.551,8,0,247,2,0,0,0,0,1
44,56100.0,8.8,MORTGAGE,9100.0,major_purchase,36,779.36,32123.29,0.523,7,1,263,0,0,0,0,1,1
43,50900.0,4.1,RENT,12500.0,debt_consolidation,36,722.16,26493.41,0.215,13,0,172,0,0,0,0,0,0
52,48100.0,16.1,RENT,2600.0,debt_consolidation,36,769.42,34123.62,0.355,4,2,132,0,1,1,0,0,0
57,48900.0,7.7,MORTGAGE,19400.0,debt_consolidation,36,753.94,20625.07,0.657,8,0,192,0,0,0,0,0,1
32,45700.0,8.2,OWN,3300.0,debt_consolidation,60,1913.66,75097.23,0.613,7,1,90,0,0,0,0,1,1
69,105600.0,20.6,RENT,23400.0,major_purchase,60,2946.13,134294.5,0.382,8,3,451,0,0,0,0,0,1
33,133000.0,3.1,MORTGAGE,41800.0,debt_consolidation,36,2467.55,47193.07,0.25,4,2,100,0,0,0,0,0,1
43,43600.0,6.0,MORTGAGE,13500.0,debt_consolidation,36,1298.46,63657.0,0.294,12,2,261,1,1,0,0,0,0
45,40500.0,10.7,RENT,6900.0,debt_consolidation,36,278.93,10123.72,0.444,5,1,228,0,0,0,1,0,1
55,59700.0,9.3,MORTGAGE,14900.0,home_improvement,36,637.28,36817.49,0.654,10,1,190,0,0,1,0,0,1
61,40900.0,26.0,MORTGAGE,10200.0,debt_consolidation,36,532.18,30723.27,0.191,9,2,187,1,0,0,0,0,1
50,37800.0,16.6,RENT,3900.0,debt_consolidation,36,654.99,34678.36,0.4,9,0,355,0,1,0,0,0,1
37,54600.0,12.4,RENT,10900.0,credit_card,36,2190.63,74701.34,0.835,7,2,174,0,0,0,0,1,0
69,75700.0,14.7,RENT,7400.0,debt_consolidation,36,1256.29,59560.49,0.445,13,1,214,0,0,0,0,0,1
40,75100.0,8.7,OWN,5500.0,credit_card,36,1624.28,40614.72,0.653,3,0,150,0,0,0,0,0,0
68,55700.0,0.6,MORTGAGE,4000.0,auto,36,664.46,18602.29,0.431,10,0,195,2,0,0,0,0,1
45,49600.0,2.5,MORTGAGE,11100.0,small_business,36,992.81,40683.8,0.952,7,3,134,0,0,0,0,0,1
42,92500.0,8.7,MORTGAGE,31600.0,debt_consolidation,36,1418.73,68451.01,0.38,7,1,233,2,1,0,0,0,1
33,81900.0,6.3,OWN,36300.0,credit_card,36,1050.23,36383.33,0.012,8,2,109,0,0,0,0,1,1
39,72700.0,5.2,RENT,20200.0,credit_card,60,1180.33,59595.6,0.259,5,0,190,0,0,0,0,0,1
69,48500.0,16.3,RENT,8200.0,small_business,36,795.79,34744.17,0.318,12,1,191,0,1,1,0,0,1
56,137800.0,7.0,RENT,18300.0,debt_consolidation,36,4467.93,130660.33,0.707,8,1,201,0,0,0,0,0,1
32,32200.0,3.2,OWN,10600.0,debt_consolidation,36,313.55,8657.98,0.692,8,0,54,0,0,0,0,1,0
61,48700.0,4.8,RENT,3400.0,small_business,36,582.31,29405.89,0.692,5,0,261,0,0,0,0,0,1
39,38500.0,13.5,MORTGAGE,6000.0,small_business,60,814.7,23211.76,0.574,7,1,139,0,0,0,0,0,1
32,66200.0,5.5,RENT,21500.0,credit_card,60,1387.65,34114.67,0.584,4,1,105,0,0,0,0,0,1
29,45800.0,2.9,MORTGAGE,10400.0,debt_consolidation,36,122.84,5874.46,0.352,8,2,59,0,0,0,0,0,1
27,69700.0,0.8,RENT,17400.0,major_purchase,60,554.86,9939.82,0.253,9,3,33,0,0,0,0,0,1
48,88300.0,8.3,RENT,38900.0,debt_consolidation,36,1912.77,46917.4,0.806,12,2,245,0,0,0,0,0,1
34,132700.0,1.4,RENT,28100.0,debt_consolidation,60,1306.59,69488.2,0.598,6,1,170,0,0,0,0,0,1
51,74500.0,13.1,MORTGAGE,21500.0,small_business,60,1825.01,71947.68,0.25,14,0,161,0,0,0,0,0,1
39,73800.0,7.7,MORTGAGE,33200.0,debt_consolidation,36,258.09,10180.57,0.35,11,1,205,0,0,0,0,0,1
67,83800.0,14.7,OWN,27200.0,debt_consolidation,36,1187.24,63649.47,0.306,6,0,550,1,0,0,0,0,1
36,18800.0,3.0,RENT,4800.0,small_business,36,71.75,3699.34,0.159,7,1,127,1,1,0,0,0,1
25,68300.0,4.7,MORTGAGE,12300.0,credit_card,36,843.0,42450.85,0.167,7,1,67,0,0,0,0,0,1
55,36000.0,6.1,OWN,15900.0,credit_card,36,1150.99,35669.91,0.319,9,1,285,1,0,1,0,0,0
32,46300.0,3.8,RENT,7800.0,small_business,36,1039.15,24853.1,0.73,7,0,85,0,0,0,0,0,0
45,61900.0,14.7,MORTGAGE,6000.0,credit_card,36,1727.7,68369.8,0.626,7,1,174,1,0,1,0,0,0
41,111700.0,5.3,MORTGAGE,47000.0,debt_consolidation,36,3185.17,127314.56,0.634,5,2,235,0,0,0,0,0,1
56,25000.0,26.3,RENT,4400.0,medical,36,549.16,9382.0,0.343,5,2,420,0,0,0,0,0,1
43,75500.0,2.7,RENT,21600.0,debt_consolidation,60,2323.37,78762.0,0.131,8,1,188,0,0,0,0,0,1
36,70100.0,0.8,RENT,21600.0,auto,36,509.39,19957.41,0.291,10,4,95,0,0,0,0,0,1
59,83900.0,17.4,MORTGAGE,13000.0,debt_consolidation,60,2953.72,108950.93,0.135,9,1,345,0,0,0,0,0,1
65,226400.0,10.3,RENT,49700.0,credit_card,36,6645.08,393540.18,0.438,13,1,191,0,0,0,1,0,1
62,155800.0,28.6,RENT,17500.0,home_improvement,36,4394.42,107826.18,0.486,10,1,181,1,1,0,0,0,1
59,77700.0,4.4,MORTGAGE,31400.0,major_purchase,36,1463.44,32318.75,0.435,14,1,223,0,0,0,0,0,1
34,90100.0,4.4,RENT,25600.0,home_improvement,36,930.5,50899.24,0.428,12,2,113,1,0,0,0,0,1
51,64900.0,19.0,RENT,26400.0,debt_consolidation,36,1287.11,73529.06,0.773,10,0,206,0,0,0,0,0,1
25,100500.0,0.8,RENT,15400.0,debt_consolidation,60,2290.57,123054.69,0.514,5,3,26,0,0,0,0,0,1
55,67500.0,12.6,OWN,20500.0,debt_consolidation,60,3092.19,171607.63,0.577,5,0,391,0,0,0,0,0,1
43,83700.0,1.6,RENT,11500.0,debt_consolidation,36,1682.72,62968.93,0.16,5,3,161,0,0,0,0,0,1
49,45900.0,3.5,RENT,7600.0,credit_card,36,943.62,51793.7,0.482,6,1,192,0,0,0,0,0,1
63,75100.0,17.1,RENT,14600.0,medical,36,663.65,24803.33,0.333,9,1,346,0,0,0,0,0,1
31,140000.0,1.3,RENT,37800.0,credit_card,60,1945.74,63155.9,0.161,11,0,92,2,0,0,0,0,0
38,90400.0,7.1,MORTGAGE,24600.0,credit_card,36,734.72,16974.8,0.345,16,0,165,0,0,0,0,0,1
67,70600.0,5.5,OWN,9200.0,credit_card,36,2206.06,108888.41,0.332,10,0,404,0,0,0,0,0,1
32,18000.0,6.8,MORTGAGE,1200.0,credit_card,36,258.52,10763.31,0.09,3,0,76,1,1,0,0,0,1
29,81700.0,2.8,RENT,29300.0,home_improvement,60,1073.06,33711.01,0.626,11,0,99,0,0,0,0,0,1
30,63100.0,3.6,RENT,16400.0,small_business,36,2021.21,32967.72,0.224,7,3,57,0,0,0,0,0,0
64,36700.0,15.6,RENT,6400.0,home_improvement,36,469.17,21201.76,0.131,16,2,285,0,0,0,1,0,1
37,63800.0,3.6,RENT,4500.0,home_improvement,36,954.5,44446.84,0.709,4,2,133,0,0,0,0,0,1
58,63900.0,20.2,MORTGAGE,5900.0,medical,36,1575.98,29155.7,0.371,8,3,441,0,0,0,0,0,1
27,66400.0,4.6,MORTGAGE,14600.0,major_purchase,36,492.96,20073.31,0.784,10,2,77,0,0,0,0,0,0
66,99700.0,10.4,RENT,24300.0,small_business,60,2280.53,73511.4,0.637,7,0,422,0,0,0,0,0,1
33,58900.0,4.0,RENT,11800.0,debt_consolidation,36,1837.64,81901.61,0.242,9,3,96,0,0,0,0,0,1
60,57800.0,6.7,RENT,16000.0,credit_card,36,62.52,1928.1,0.591,9,1,267,0,0,0,0,0,1
62,54500.0,0.7,MORTGAGE,20500.0,credit_card,60,2064.1,98584.3,0.564,9,1,438,0,0,0,0,0,1
29,75700.0,2.0,MORTGAGE,24300.0,credit_card,36,1883.05,39372.74,0.195,4,0,81,0,0,0,0,0,1
70,89100.0,30.4,MORTGAGE,35400.0,home_improvement,60,1465.34,39581.45,0.757,9,1,408,0,0,0,0,0,1
47,134500.0,9.0,MORTGAGE,39900.0,home_improvement,36,4068.2,181455.7,0.382,16,2,116,0,0,0,0,0,1
22,88500.0,0.1,RENT,8100.0,major_purchase,36,1279.19,65907.77,0.315,9,1,44,0,0,0,0,0,1
25,119700.0,2.1,OWN,13200.0,major_purchase,36,2736.76,135428.57,0.115,9,2,33,1,0,0,0,0,1
49,105400.0,16.2,RENT,21700.0,credit_card,60,3020.75,106365.46,0.251,6,1,139,0,0,0,1,0,0
57,72000.0,7.0,RENT,11800.0,major_purchase,36,1617.71,46259.46,0.537,8,3,242,0,0,0,0,0,1
58,44400.0,1.7,MORTGAGE,13800.0,home_improvement,36,925.32,31320.56,0.418,9,3,248,0,0,0,0,0,1
39,82600.0,4.4,RENT,24800.0,debt_consolidation,60,1392.98,48799.62,0.313,8,1,130,0,0,0,0,0,1
28,155900.0,4.3,RENT,36600.0,debt_consolidation,36,1517.52,30643.9,0.754,8,0,72,0,0,0,0,0,1
68,120300.0,8.3,MORTGAGE,37000.0,debt_consolidation,36,3293.77,80461.96,0.476,11,3,504,0,0,0,0,0,1
65,133600.0,9.7,MORTGAGE,50000.0,credit_card,60,1066.53,26342.71,0.167,11,1,502,0,0,0,0,0,1
21,24000.0,0.4,RENT,5900.0,credit_card,36,468.3,12739.39,0.68,8,2,22,0,0,0,0,0,1
42,22500.0,4.4,MORTGAGE,4300.0,home_improvement,36,768.27,28813.75,0.521,7,5,129,0,0,0,0,0,0
37,50700.0,4.9,MORTGAGE,12200.0,small_business,36,714.69,18572.99,0.276,12,3,184,0,0,0,0,0,1
27,85900.0,3.7,RENT,9300.0,debt_consolidation,36,2412.77,131988.21,0.401,9,1,59,0,0,0,0,0,0
45,53800.0,3.5,MORTGAGE,4800.0,small_business,60,206.27,11591.65,0.419,5,1,148,0,0,0,0,0,1
65,59300.0,0.5,OWN,12700.0,debt_consolidation,60,1894.37,112514.4,0.201,10,0,469,0,0,0,0,0,1
24,29300.0,0.9,OWN,12300.0,major_purchase,36,543.04,12192.2,0.525,6,2,56,0,0,0,1,0,0
56,47400.0,8.4,MORTGAGE,18700.0,small_business,60,1124.74,53546.64,0.494,4,1,236,0,0,0,0,0,1
26,40600.0,2.8,RENT,13000.0,home_improvement,60,513.98,28077.83,0.45,9,2,58,0,0,0,0,0,1
51,41300.0,11.2,MORTGAGE,13900.0,debt_consolidation,36,1297.34,23164.98,0.36,11,0,264,0,0,0,0,0,1
39,44100.0,3.0,RENT,17400.0,debt_consolidation,60,1176.34,61154.43,0.762,3,1,213,0,0,0,0,1,0
64,36200.0,5.7,MORTGAGE,15100.0,home_improvement,36,988.62,41036.68,0.418,3,2,268,0,0,0,0,0,1
59,18000.0,16.8,RENT,5600.0,debt_consolidation,36,314.29,8985.98,0.183,3,2,226,0,0,0,0,0,1
47,143800.0,0.6,MORTGAGE,29400.0,debt_consolidation,36,4645.98,192143.52,0.377,9,1,310,0,0,0,0,0,1
30,62100.0,1.9,RENT,6800.0,credit_card,36,1333.41,52246.77,0.472,7,1,58,0,0,0,0,0,1
46,45300.0,2.5,OWN,2400.0,home_improvement,60,1288.34,63301.2,0.186,13,0,121,0,0,0,0,0,0
39,61200.0,3.2,RENT,18900.0,credit_card,60,847.19,20341.47,0.27,7,2,200,0,0,0,0,0,1
59,79500.0,2.2,RENT,16600.0,home_improvement,36,607.34,14857.46,0.559,8,2,457,3,0,1,1,0,0
23,70400.0,0.3,MORTGAGE,5800.0,small_business,36,349.72,6591.86,0.541,11,1,40,0,0,0,0,0,1
65,44200.0,5.8,RENT,7100.0,home_improvement,60,1623.59,67095.11,0.257,10,3,293,0,0,0,0,0,1
33,114300.0,6.6,MORTGAGE,27100.0,debt_consolidation,60,3366.92,160498.6,0.305,6,2,136,0,0,0,0,0,1
70,47700.0,8.8,OWN,17300.0,major_purchase,36,1118.85,41749.48,0.489,12,1,469,3,0,0,0,0,1
48,58200.0,5.2,MORTGAGE,10200.0,credit_card,36,658.06,26102.48,0.15,9,1,224,0,0,0,0,0,0
40,170700.0,4.2,MORTGAGE,50000.0,credit_card,36,2465.57,70361.88,0.246,7,0,96,0,0,0,1,0,1
48,205500.0,15.5,RENT,13800.0,credit_card,36,3686.93,129996.56,0.415,4,1,114,0,0,0,0,0,1
28,124400.0,0.9,MORTGAGE,50000.0,credit_card,60,3237.1,174489.04,0.573,6,0,58,0,0,0,0,0,1
61,45800.0,21.4,RENT,20100.0,home_improvement,36,1157.11,62144.15,0.201,5,1,273,0,0,0,0,0,1
59,52400.0,19.4,MORTGAGE,13700.0,debt_consolidation,36,809.07,42272.67,0.409,8,2,348,0,0,0,0,0,1
21,43100.0,0.5,MORTGAGE,13500.0,home_improvement,36,727.84,14951.21,0.868,9,0,28,0,0,0,0,0,1
23,58100.0,0.3,MORTGAGE,20700.0,home_improvement,36,1966.82,115636.41,0.721,9,0,51,0,0,0,0,0,1
33,88800.0,0.7,OWN,38900.0,debt_consolidation,60,982.48,18400.87,0.2,12,0,106,0,0,0,0,0,1
48,23500.0,5.1,MORTGAGE,6300.0,debt_consolidation,60,152.61,8949.03,0.661,10,1,261,0,0,0,0,0,1
69,37500.0,20.7,MORTGAGE,13200.0,small_business,36,1259.86,57997.14,0.427,7,0,522,0,0,0,0,1,1
45,70300.0,2.6,MORTGAGE,8900.0,debt_consolidation,60,1056.19,58524.47,0.609,11,2,286,0,0,0,0,0,1
53,62800.0,1.3,RENT,7000.0,debt_consolidation,36,1958.97,92871.87,0.163,7,1,364,0,0,0,0,0,1
58,51700.0,13.1,RENT,17300.0,debt_consolidation,36,1221.78,61510.57,0.284,7,1,444,0,0,0,0,0,1
26,30700.0,0.8,RENT,12900.0,debt_consolidation,36,442.19,24792.65,0.079,5,3,33,0,0,0,0,0,1
64,47700.0,20.1,RENT,13200.0,debt_consolidation,36,1039.46,58696.88,0.084,9,0,377,1,1,0,0,0,1
65,50700.0,25.2,OWN,13400.0,debt_consolidation,60,959.05,25688.08,0.246,6,0,378,0,0,0,0,0,1
52,31800.0,4.1,RENT,8900.0,home_improvement,60,405.52,24325.0,0.238,9,2,353,0,1,0,0,0,0
65,41800.0,8.1,MORTGAGE,16800.0,home_improvement,36,663.47,27312.04,0.249,8,2,244,0,0,0,0,0,1
67,59500.0,9.6,MORTGAGE,22000.0,debt_consolidation,36,416.24,23297.26,0.299,5,3,292,0,0,0,0,0,1
41,85800.0,8.8,MORTGAGE,31800.0,credit_card,36,1335.95,38813.83,0.225,11,2,175,0,0,0,0,0,1
36,109400.0,3.4,MORTGAGE,10100.0,debt_consolidation,36,2061.85,65376.63,0.494,9,0,100,0,0,0,0,0,1
41,37200.0,14.7,RENT,13200.0,credit_card,36,961.48,25231.93,0.186,14,0,212,0,0,0,0,0,1
31,54600.0,1.5,OWN,19500.0,debt_consolidation,36,1080.63,59424.89,0.246,8,2,126,0,0,0,0,0,1
57,57800.0,16.3,OWN,5900.0,debt_consolidation,60,1788.82,81104.4,0.407,8,2,427,0,0,0,0,0,1
56,59300.0,23.3,MORTGAGE,14100.0,medical,60,311.71,5420.93,0.678,6,1,430,0,0,0,0,0,1
55,57100.0,13.6,MORTGAGE,5100.0,medical,36,1065.73,31208.45,0.538,8,0,408,0,0,0,1,0,1
39,34800.0,2.6,RENT,7300.0,credit_card,36,1008.67,19863.78,0.099,7,2,119,0,0,0,0,0,1
40,85900.0,0.4,RENT,26300.0,debt_consolidation,36,1234.62,40654.46,0.459,12,1,130,0,0,0,0,0,1
38,55700.0,10.3,MORTGAGE,7600.0,credit_card,60,588.02,31702.35,0.555,7,2,130,0,0,0,0,0,1
67,67400.0,10.9,MORTGAGE,6900.0,medical,36,792.58,26869.94,0.148,6,2,233,0,0,0,0,0,1
61,69100.0,9.7,RENT,21100.0,debt_consolidation,36,1064.87,18057.52,0.089,9,1,158,0,0,0,0,0,1
69,47400.0,43.4,MORTGAGE,18000.0,debt_consolidation,60,641.28,18992.19,0.469,9,2,235,1,2,0,0,0,1
34,100800.0,7.5,RENT,11300.0,home_improvement,36,1737.97,82149.76,0.466,5,1,97,1,1,0,0,0,1
35,51600.0,5.8,OWN,21200.0,credit_card,36,863.24,31517.27,0.75,12,0,119,0,0,0,0,0,1
51,72600.0,9.6,MORTGAGE,25000.0,debt_consolidation,60,1018.48,49289.8,0.132,6,2,194,0,0,0,0,0,1
21,69700.0,0.4,RENT,22400.0,small_business,60,1615.63,78371.68,0.337,10,0,29,0,0,0,0,0,1
23,76200.0,0.6,OWN,7500.0,credit_card,36,1559.7,80197.4,0.635,10,0,50,0,0,0,1,0,0
36,119500.0,1.5,RENT,50000.0,debt_consolidation,36,2929.73,149255.14,0.066,8,2,204,0,0,0,0,0,1
43,44500.0,12.8,MORTGAGE,10700.0,debt_consolidation,60,1394.76,63164.27,0.23,4,2,131,0,0,0,0,0,1
31,65800.0,3.9,RENT,17400.0,auto,36,2508.85,103786.03,0.27,4,0,85,0,0,0,0,0,1
32,64700.0,1.7,RENT,16500.0,home_improvement,36,1261.21,23806.56,0.549,14,1,84,0,1,0,0,0,0
30,56300.0,4.3,RENT,14800.0,debt_consolidation,36,1295.98,30526.23,0.232,4,1,84,0,0,0,0,0,1
52,86600.0,1.8,RENT,32800.0,debt_consolidation,60,2977.7,159498.11,0.395,7,0,377,0,0,0,0,0,1
36,34900.0,9.2,OWN,3100.0,credit_card,60,910.56,47861.42,0.311,9,1,132,0,2,0,0,0,1
28,142700.0,4.9,MORTGAGE,34800.0,home_improvement,36,3945.15,153945.88,0.402,7,2,46,0,0,0,0,0,1
58,146500.0,13.2,RENT,43300.0,debt_consolidation,60,4208.65,215658.35,0.803,9,1,148,0,0,0,0,0,1
32,46700.0,1.5,MORTGAGE,4500.0,debt_consolidation,36,915.04,25391.96,0.456,4,2,82,0,0,0,0,1,0
44,62700.0,2.3,MORTGAGE,17700.0,debt_consolidation,36,1541.66,24750.69,0.255,4,0,109,1,0,0,0,0,1
48,24700.0,13.6,OWN,6300.0,auto,36,90.42,2906.99,0.385,10,2,154,0,0,0,0,0,1
28,46200.0,4.4,MORTGAGE,6400.0,major_purchase,36,763.07,40687.77,0.422,4,0,80,0,1,0,0,0,1
48,235800.0,22.6,MORTGAGE,36100.0,credit_card,60,4007.5,68509.46,0.449,5,2,279,0,0,0,0,0,1
56,92100.0,12.8,RENT,7800.0,debt_consolidation,36,1302.31,25616.25,0.228,6,3,222,0,0,0,0,0,1
46,96400.0,5.9,RENT,32000.0,debt_consolidation,36,840.19,26191.33,0.689,10,0,241,0,0,0,0,0,0
28,50400.0,2.5,MORTGAGE,5500.0,credit_card,36,619.05,19047.06,0.304,8,0,45,0,0,0,0,0,1
70,62600.0,11.7,RENT,22900.0,home_improvement,36,1878.36,72732.47,0.428,8,6,338,0,0,0,0,0,1
48,64000.0,3.0,MORTGAGE,26000.0,home_improvement,36,881.45,33707.7,0.641,6,2,326,0,0,0,0,0,1
48,30600.0,12.5,MORTGAGE,4500.0,debt_consolidation,36,1286.02,21433.94,0.362,4,0,334,0,0,0,0,0,1
57,70600.0,10.4,RENT,10900.0,home_improvement,36,608.69,24042.53,0.129,9,1,374,0,0,0,0,0,1
61,100000.0,21.3,OWN,9900.0,major_purchase,60,2773.47,56260.22,0.2,6,2,162,1,1,0,0,1,1
56,174800.0,9.6,OWN,46600.0,debt_consolidation,60,3127.01,146129.23,0.608,10,0,157,0,0,0,0,0,1
47,75500.0,6.0,MORTGAGE,32900.0,home_improvement,36,1843.11,105759.14,0.455,8,1,136,0,0,0,0,0,1
37,61400.0,9.7,MORTGAGE,9100.0,small_business,36,1955.18,116988.14,0.348,9,2,119,0,0,0,0,0,1
29,61500.0,2.4,RENT,7000.0,debt_consolidation,36,581.79,20336.28,0.408,12,1,93,2,0,0,0,0,1
53,81000.0,5.0,RENT,23700.0,home_improvement,36,1331.88,58817.8,0.112,12,1,377,0,0,0,0,0,1
40,101000.0,9.4,OWN,39700.0,debt_consolidation,36,926.96,36177.81,0.191,8,2,118,0,0,0,0,0,1
33,119000.0,4.2,RENT,47400.0,credit_card,36,2771.63,63669.25,0.329,8,2,63,0,0,0,0,0,1
48,20600.0,18.7,RENT,3900.0,credit_card,36,376.81,13690.08,0.186,7,1,303,1,0,0,0,0,1
68,118900.0,20.2,RENT,43400.0,small_business,36,1584.75,91010.79,0.269,7,1,420,0,0,0,0,0,1
49,34200.0,6.6,MORTGAGE,9800.0,credit_card,36,734.79,28151.42,0.229,11,0,268,0,0,0,0,0,1
33,38500.0,0.7,RENT,13200.0,debt_consolidation,36,939.76,48044.42,0.436,7,1,125,0,0,0,0,0,1
66,59000.0,13.2,OWN,18900.0,medical,36,1061.23,43688.42,0.367,8,2,536,0,0,0,0,0,1
55,87200.0,18.5,RENT,8800.0,medical,60,1655.86,61244.76,0.175,4,1,171,0,0,0,0,0,1
26,32100.0,1.5,OWN,6200.0,debt_consolidation,36,595.58,10790.02,0.134,4,0,72,0,0,0,0,0,1
38,47700.0,7.2,OWN,16900.0,credit_card,36,635.1,36441.55,0.206,5,1,165,0,0,0,0,0,1
71,77500.0,21.7,MORTGAGE,27400.0,debt_consolidation,36,243.81,5130.35,0.274,8,1,203,0,0,0,0,0,1
25,86300.0,1.8,MORTGAGE,8500.0,debt_consolidation,60,1044.8,49870.2,0.417,10,1,37,0,0,0,0,0,1
67,85200.0,13.4,RENT,20000.0,credit_card,36,1818.5,51713.5,0.666,7,2,500,0,0,0,0,0,1
45,111000.0,9.0,OWN,44100.0,debt_consolidation,36,1481.02,43048.31,0.256,9,0,246,0,0,0,0,0,1
22,124100.0,0.4,MORTGAGE,45500.0,debt_consolidation,36,1813.82,69226.19,0.204,5,0,17,0,1,0,0,0,1
30,70200.0,3.0,RENT,19800.0,home_improvement,60,1647.87,59215.44,0.349,5,1,60,0,0,0,0,0,1
50,63700.0,3.2,MORTGAGE,8400.0,credit_card,36,436.62,8239.83,0.327,8,1,343,0,0,0,0,0,1
70,42800.0,33.6,RENT,7700.0,major_purchase,36,964.39,21534.89,0.21,7,0,464,0,0,0,0,0,1
65,48100.0,9.2,MORTGAGE,15000.0,credit_card,36,1161.93,65855.42,0.254,8,2,487,0,0,0,0,0,1
25,31300.0,2.9,RENT,11300.0,medical,60,550.2,18819.05,0.123,6,0,57,1,0,0,0,0,1
53,142100.0,23.3,MORTGAGE,42000.0,credit_card,36,3369.08,108764.1,0.373,8,1,223,0,0,0,0,0,0
21,63700.0,0.7,MORTGAGE,13300.0,debt_consolidation,36,1149.62,43638.82,0.085,8,2,20,1,0,1,1,0,0
38,99600.0,2.2,RENT,28000.0,credit_card,36,1316.93,33434.77,0.567,4,0,163,0,0,0,0,0,1
52,288500.0,8.8,OWN,14900.0,home_improvement,36,4211.31,80313.73,0.284,12,1,163,0,0,0,0,0,1
67,225100.0,14.5,MORTGAGE,50000.0,debt_consolidation,36,8304.34,459817.24,0.541,10,2,501,0,0,0,0,0,1
69,121800.0,15.2,MORTGAGE,47200.0,debt_consolidation,60,1537.84,32556.59,0.362,7,1,427,0,0,0,0,0,1
31,53800.0,6.8,OWN,3700.0,credit_card,36,512.52,22285.4,0.5,6,0,104,0,0,0,0,0,1
41,102800.0,5.1,MORTGAGE,21600.0,credit_card,60,1514.66,70390.59,0.082,8,0,159,0,0,0,0,0,1
46,66000.0,8.3,MORTGAGE,25700.0,credit_card,60,1127.6,17364.89,0.343,9,1,176,1,0,0,0,0,1
45,39500.0,11.0,RENT,11400.0,auto,60,1128.99,54296.32,0.02,5,0,181,0,0,0,0,0,1
42,40100.0,8.6,MORTGAGE,9800.0,debt_consolidation,36,844.71,50054.51,0.224,8,0,272,0,0,0,0,0,1
47,105700.0,10.7,MORTGAGE,9000.0,credit_card,36,3175.52,168837.57,0.591,10,2,217,0,0,0,0,0,1
69,99200.0,8.6,MORTGAGE,34200.0,medical,36,1004.35,33037.37,0.612,13,1,384,0,0,0,0,0,1
33,129500.0,1.3,MORTGAGE,42200.0,debt_consolidation,36,2192.69,34311.98,0.204,10,1,84,0,0,0,0,1,0
53,58100.0,7.1,OWN,16600.0,debt_consolidation,36,620.58,34711.41,0.926,7,2,255,1,0,0,0,0,0
54,51900.0,15.9,RENT,3800.0,debt_consolidation,36,959.43,50297.11,0.207,6,1,370,0,0,0,0,0,1
61,36300.0,14.0,RENT,11100.0,debt_consolidation,36,996.38,57073.4,0.338,9,1,242,0,0,0,0,0,1
55,26600.0,10.6,OWN,1900.0,credit_card,36,530.69,31467.48,0.089,3,3,410,0,0,0,0,0,1
21,41500.0,0.2,RENT,15700.0,credit_card,60,1630.87,41238.21,0.73,7,1,25,0,0,0,1,0,0
41,46200.0,15.3,RENT,18400.0,small_business,36,956.81,26146.48,0.364,6,1,254,0,0,0,0,0,1
68,35400.0,33.0,OWN,9300.0,debt_consolidation,36,654.06,21208.55,0.624,9,2,323,0,0,0,0,0,1
26,49900.0,1.8,MORTGAGE,19400.0,debt_consolidation,60,1695.42,31951.61,0.484,9,0,60,1,0,0,0,0,1
48,187700.0,2.0,MORTGAGE,39500.0,home_improvement,36,3820.68,222935.37,0.304,8,0,276,0,0,0,0,0,1
37,45300.0,15.0,MORTGAGE,7500.0,home_improvement,36,1027.26,49916.89,0.861,11,2,178,0,0,0,0,0,1
25,23900.0,4.6,RENT,5800.0,debt_consolidation,36,580.38,9911.31,0.743,13,1,35,0,0,0,0,0,0
51,71900.0,19.1,MORTGAGE,19700.0,debt_consolidation,60,2605.01,118970.13,0.251,6,0,215,0,0,0,0,0,1
25,94100.0,1.3,MORTGAGE,33600.0,home_improvement,36,1095.8,23090.43,0.617,7,1,66,1,1,1,0,0,0
58,40600.0,12.6,RENT,11800.0,debt_consolidation,36,915.94,46076.51,0.559,3,0,211,0,0,0,0,0,1
23,100400.0,1.4,MORTGAGE,39400.0,credit_card,36,2388.22,106631.67,0.729,6,2,30,0,0,0,0,0,1
43,178600.0,6.9,RENT,50000.0,debt_consolidation,60,3416.51,136720.87,0.394,8,1,267,0,0,0,0,0,1
57,58200.0,14.0,RENT,15100.0,debt_consolidation,36,926.64,27877.01,0.571,9,0,181,0,0,0,0,0,1
57,99600.0,4.1,RENT,33600.0,debt_consolidation,36,2112.19,98233.3,0.606,8,0,219,0,0,0,0,0,1
30,110000.0,5.6,RENT,26700.0,home_improvement,36,3897.74,108975.46,0.568,9,2,72,0,0,0,0,0,0
30,82900.0,5.0,OWN,34200.0,home_improvement,36,1394.64,22292.53,0.079,11,3,110,0,0,0,0,0,1
39,109100.0,5.3,RENT,6800.0,debt_consolidation,36,905.1,50864.18,0.36,8,2,174,0,0,0,0,0,1
37,88700.0,1.5,RENT,29900.0,debt_consolidation,36,1320.97,26427.96,0.233,6,0,130,0,0,0,0,0,1
41,39300.0,3.8,RENT,9800.0,credit_card,60,491.21,24645.34,0.334,13,2,206,1,0,0,0,1,1
34,19300.0,1.9,MORTGAGE,1400.0,debt_consolidation,60,292.28,9266.93,0.338,9,4,99,0,0,0,1,0,0
29,73300.0,4.4,RENT,25500.0,debt_consolidation,60,1213.22,43062.37,0.541,7,1,121,0,0,0,0,0,1
66,58300.0,13.5,RENT,12100.0,debt_consolidation,36,2199.85,58047.07,0.544,13,2,527,0,0,0,0,0,1
21,27000.0,0.5,MORTGAGE,7000.0,debt_consolidation,36,325.25,6889.04,0.05,6,2,25,0,0,0,0,0,1
71,58800.0,3.3,MORTGAGE,19700.0,home_improvement,36,1133.08,19444.27,0.544,7,1,456,0,0,0,0,0,1
65,61400.0,22.8,MORTGAGE,9300.0,major_purchase,36,1894.79,29801.22,0.047,5,1,283,0,0,0,0,0,1
33,78000.0,4.8,MORTGAGE,12900.0,debt_consolidation,60,1520.64,62511.04,0.427,12,2,96,0,0,0,0,0,1
24,122200.0,1.8,RENT,23500.0,debt_consolidation,60,1082.63,59909.69,0.418,4,0,24,0,0,0,0,0,0
21,42400.0,0.2,MORTGAGE,14800.0,debt_consolidation,60,729.57,18408.43,0.48,11,3,30,1,1,0,0,0,1
69,21300.0,14.2,MORTGAGE,9400.0,debt_consolidation,36,548.18,10136.07,0.08,10,2,281,0,0,0,0,0,1
60,53000.0,10.0,RENT,10300.0,medical,36,1374.09,53365.85,0.242,13,0,451,0,0,0,0,0,1
52,103500.0,17.1,RENT,30500.0,debt_consolidation,60,2359.62,88325.67,0.481,10,1,239,0,0,0,0,0,1
54,138100.0,2.3,RENT,24800.0,debt_consolidation,36,5237.42,251328.06,0.233,9,0,392,0,0,0,0,0,1
48,47500.0,2.9,RENT,19000.0,credit_card,60,1377.01,32856.7,0.273,7,1,307,0,0,0,1,0,1
51,91300.0,3.6,RENT,38700.0,credit_card,36,3278.85,176359.84,0.697,11,1,272,0,0,0,0,0,1
28,36100.0,0.8,OWN,4500.0,credit_card,60,1085.42,19572.04,0.378,9,1,104,0,0,0,0,0,1
59,66400.0,4.5,MORTGAGE,20700.0,medical,60,1224.9,47111.62,0.414,7,1,443,0,0,0,0,1,1
46,18000.0,7.5,MORTGAGE,7400.0,debt_consolidation,36,295.42,12993.79,0.243,15,2,223,0,0,0,0,0,1
54,55300.0,12.8,RENT,13300.0,debt_consolidation,36,1029.05,26323.26,0.63,8,1,408,0,0,0,0,0,1
23,78900.0,0.2,RENT,14500.0,debt_consolidation,60,1556.44,27033.98,0.798,5,1,31,0,0,0,0,0,1
70,51400.0,14.1,MORTGAGE,21200.0,credit_card,60,829.6,15811.7,0.36,11,2,297,3,0,0,0,0,1
32,30600.0,4.3,MORTGAGE,4700.0,credit_card,60,679.29,37093.55,0.61,9,1,68,0,0,0,1,0,0
21,69100.0,0.5,MORTGAGE,9200.0,credit_card,60,1403.01,21090.24,0.594,10,1,21,0,0,0,0,0,1
64,179400.0,1.6,RENT,50000.0,debt_consolidation,60,3544.19,96148.68,0.62,6,1,345,0,0,0,0,0,1
25,41900.0,2.0,RENT,12700.0,debt_consolidation,60,1530.6,90408.1,0.21,7,2,33,0,0,0,0,0,1
50,44700.0,10.9,OWN,5500.0,small_business,36,954.93,30617.95,0.699,12,2,153,0,0,1,0,0,0
50,58000.0,8.5,RENT,17800.0,credit_card,36,211.69,4330.38,0.725,6,1,130,0,0,0,0,0,1
37,165200.0,3.0,RENT,50000.0,home_improvement,36,5611.92,98506.55,0.533,14,1,72,0,1,1,1,1,0
68,31800.0,4.9,RENT,2700.0,debt_consolidation,36,470.06,26876.18,0.28,10,1,470,0,0,0,0,0,1
67,43300.0,2.8,RENT,6600.0,major_purchase,36,305.28,16670.64,0.027,9,2,335,0,0,0,0,0,1
43,95900.0,10.9,MORTGAGE,28000.0,debt_consolidation,36,1839.77,34627.66,0.7,6,1,248,0,0,0,0,0,1
35,33500.0,1.2,MORTGAGE,3200.0,credit_card,60,407.3,16875.85,0.405,14,1,120,0,0,0,0,0,1
57,41300.0,4.1,RENT,17000.0,small_business,36,580.59,24937.94,0.384,8,0,397,0,2,0,0,0,1
41,175600.0,7.7,RENT,50000.0,major_purchase,36,2778.77,129288.35,0.397,7,2,208,0,0,0,0,0,1
34,172900.0,0.2,MORTGAGE,49100.0,debt_consolidation,60,2642.55,56331.91,0.301,9,2,75,0,1,0,0,0,1
22,91600.0,0.7,RENT,6600.0,credit_card,36,1022.53,23517.31,0.366,8,1,21,1,0,0,0,0,1
31,79300.0,2.3,RENT,17300.0,debt_consolidation,36,2817.61,161401.4,0.611,7,2,51,0,0,0,0,0,1
71,47900.0,20.7,OWN,6100.0,home_improvement,60,650.32,28282.09,0.393,10,1,405,0,0,0,0,0,1
59,66300.0,6.1,MORTGAGE,24800.0,debt_consolidation,36,892.64,27536.6,0.435,6,4,347,0,0,0,0,0,1
58,43500.0,9.8,MORTGAGE,8000.0,debt_consolidation,36,461.95,24676.76,0.194,10,1,193,0,0,0,0,0,1
54,152500.0,13.2,MORTGAGE,32200.0,auto,36,2537.53,98208.95,0.574,12,1,281,1,2,0,0,0,1
58,71700.0,24.0,RENT,22000.0,major_purchase,36,409.76,8180.97,0.471,9,1,413,0,0,0,0,0,1
70,60800.0,9.7,OWN,20500.0,debt_consolidation,36,2119.32,104449.44,0.329,10,0,546,1,1,0,0,0,1
54,68200.0,6.1,MORTGAGE,25000.0,debt_consolidation,60,719.33,38055.15,0.737,8,3,189,0,0,0,0,0,1
38,46600.0,1.9,RENT,5600.0,debt_consolidation,36,897.57,15405.2,0.632,13,2,127,0,0,0,0,0,0
50,87800.0,8.1,RENT,13600.0,home_improvement,60,446.92,9027.77,0.113,6,1,185,0,0,0,0,0,1
35,58600.0,7.7,RENT,5100.0,home_improvement,36,1251.57,31464.45,0.504,9,0,155,0,0,0,0,0,1
47,300000.0,12.0,RENT,50000.0,debt_consolidation,36,7251.27,155976.28,0.217,9,3,158,0,0,0,0,0,1
71,52000.0,22.7,RENT,9200.0,debt_consolidation,36,738.83,34566.16,0.126,6,0,342,0,0,0,0,0,1
54,104800.0,17.4,RENT,10500.0,debt_consolidation,36,740.3,14134.09,0.268,5,2,304,0,0,0,0,0,1
58,182600.0,7.2,RENT,31900.0,debt_consolidation,36,3561.4,68733.69,0.419,8,0,205,0,0,0,0,0,1
53,18000.0,0.3,RENT,1300.0,major_purchase,60,344.55,20615.15,0.752,8,0,220,0,0,0,0,0,1
44,52200.0,4.2,RENT,20100.0,debt_consolidation,60,2060.89,81392.67,0.4,7,1,271,0,0,0,0,0,1
35,153400.0,7.2,RENT,25300.0,credit_card,36,749.74,24321.66,0.703,8,2,80,0,0,0,0,0,1
50,19200.0,3.8,RENT,3600.0,major_purchase,36,87.98,2662.8,0.411,5,1,200,0,0,0,0,1,1
62,127600.0,20.6,RENT,50000.0,home_improvement,36,2804.83,99924.9,0.738,7,0,387,0,0,2,0,0,1
71,79300.0,14.6,RENT,10000.0,debt_consolidation,60,945.06,25292.83,0.604,12,2,437,0,0,0,0,0,1
37,154500.0,5.6,MORTGAGE,20300.0,credit_card,36,2619.25,148882.25,0.817,11,0,86,0,0,0,0,0,1
25,56100.0,2.4,RENT,15400.0,major_purchase,36,450.62,25709.9,0.138,9,2,43,0,0,0,0,0,1
49,76500.0,6.3,RENT,33600.0,debt_consolidation,36,591.84,34554.4,0.196,8,3,131,0,0,0,0,0,1
24,34800.0,2.7,OWN,14300.0,auto,36,496.5,27852.5,0.214,6,0,28,0,0,0,0,0,1
30,58400.0,3.0,MORTGAGE,16800.0,debt_consolidation,36,280.9,16011.01,0.38,5,0,47,2,0,0,0,0,1
37,43200.0,11.9,MORTGAGE,16200.0,debt_consolidation,36,1389.87,48762.6,0.36,7,3,201,0,0,0,0,0,0
30,48000.0,3.4,MORTGAGE,11800.0,small_business,36,705.89,19434.45,0.692,4,1,71,0,0,0,0,0,1
37,71800.0,3.2,RENT,16100.0,small_business,60,2342.58,72550.98,0.159,7,1,116,1,0,0,0,0,1
40,43000.0,9.6,MORTGAGE,9000.0,debt_consolidation,36,981.41,48346.02,0.199,8,3,189,0,0,0,0,0,1
44,19400.0,8.4,MORTGAGE,4500.0,debt_consolidation,36,669.68,14136.53,0.372,8,1,121,0,0,0,0,0,1
25,75700.0,0.4,RENT,25200.0,medical,36,1987.21,30215.65,0.61,5,1,65,0,0,0,0,0,1
54,74600.0,22.0,MORTGAGE,28200.0,debt_consolidation,60,3017.93,141604.18,0.196,11,2,154,1,0,0,0,0,0
26,99600.0,2.4,MORTGAGE,27900.0,debt_consolidation,36,2257.18,86078.39,0.263,5,0,71,0,0,0,0,0,1
22,65900.0,1.3,RENT,26200.0,debt_consolidation,60,2221.75,107231.62,0.281,8,3,26,0,0,0,0,0,1
33,36500.0,4.5,RENT,11200.0,home_improvement,36,1046.4,45532.53,0.242,10,0,99,1,0,0,0,0,0
63,153100.0,6.5,RENT,50000.0,major_purchase,36,3160.2,69878.53,0.307,9,2,500,0,0,0,0,0,1
63,54900.0,15.7,RENT,17900.0,debt_consolidation,36,295.79,13114.03,0.522,6,2,507,0,0,0,0,0,1
68,38800.0,18.1,RENT,13900.0,debt_consolidation,36,925.16,54460.26,0.273,8,1,491,0,0,0,0,0,1
31,147300.0,2.0,RENT,8500.0,debt_consolidation,60,3140.54,130093.12,0.33,10,1,58,0,0,0,0,0,1
71,168700.0,10.9,RENT,50000.0,home_improvement,36,5547.51,134516.29,0.544,6,1,418,1,0,0,0,0,1
67,18000.0,13.1,OWN,7300.0,credit_card,36,376.84,8721.02,0.262,6,1,401,0,0,0,0,1,1
43,39700.0,14.8,MORTGAGE,15300.0,debt_consolidation,36,646.3,15130.51,0.55,7,1,264,0,0,1,0,0,1
36,59800.0,0.6,MORTGAGE,20500.0,debt_consolidation,36,1702.75,79442.77,0.316,7,1,174,0,0,0,0,0,1
51,77100.0,7.6,RENT,28100.0,debt_consolidation,36,2388.38,123451.76,0.696,3,1,282,1,0,0,0,0,0
31,94800.0,6.6,RENT,11600.0,debt_consolidation,36,1565.78,34544.52,0.024,10,0,71,0,0,0,0,0,1
36,264300.0,1.4,MORTGAGE,18200.0,debt_consolidation,36,8633.02,510632.44,0.582,9,0,102,0,0,0,0,0,1
28,36200.0,7.4,RENT,6000.0,auto,36,1436.74,64483.76,0.435,10,0,46,0,0,0,0,0,1
24,72100.0,2.0,RENT,16400.0,debt_consolidation,60,607.16,19377.4,0.964,8,1,66,0,0,0,0,0,1
60,29400.0,4.7,MORTGAGE,4700.0,small_business,36,742.9,21196.75,0.709,8,1,397,0,0,0,0,0,1
24,75000.0,1.3,RENT,29900.0,credit_card,36,1309.16,63700.67,0.282,6,2,30,0,0,0,0,0,1
45,164700.0,4.3,RENT,50000.0,auto,36,2982.36,114993.52,0.554,10,0,261,0,0,0,0,0,1
23,18000.0,0.5,OWN,6400.0,debt_consolidation,36,167.58,5194.06,0.12,9,0,30,0,1,1,0,1,1
52,30000.0,11.4,RENT,7200.0,debt_consolidation,36,283.01,5772.71,0.57,5,1,282,0,0,0,0,0,1
23,101800.0,0.1,MORTGAGE,11000.0,debt_consolidation,60,1403.59,59527.17,0.306,8,0,31,1,1,0,0,0,1
47,103200.0,1.1,OWN,41200.0,home_improvement,36,2377.6,87774.27,0.599,7,0,311,0,0,0,0,0,1
49,41900.0,10.6,RENT,16200.0,debt_consolidation,36,250.22,11823.61,0.735,8,1,198,0,0,0,0,0,1
52,103700.0,6.4,MORTGAGE,11900.0,major_purchase,60,1421.81,84225.35,0.651,9,3,378,0,0,0,0,0,1
70,135600.0,20.5,RENT,9400.0,credit_card,36,3934.04,138689.44,0.351,7,1,224,1,0,1,0,0,1
71,89600.0,15.5,MORTGAGE,36700.0,credit_card,36,2359.14,138567.77,0.241,6,1,550,0,0,0,0,0,1
39,147700.0,3.0,RENT,50000.0,credit_card,60,786.82,13262.15,0.597,6,0,105,0,0,0,0,0,1
41,79100.0,9.3,OWN,33500.0,debt_consolidation,36,524.57,21491.13,0.481,9,0,221,0,0,0,0,0,1
25,57300.0,1.8,MORTGAGE,11100.0,debt_consolidation,36,1485.96,77611.7,0.346,9,5,33,0,0,0,0,0,0
38,77400.0,15.6,MORTGAGE,24200.0,debt_consolidation,36,2142.43,51841.43,0.317,6,1,186,0,0,0,0,0,0
48,105200.0,5.6,MORTGAGE,41600.0,debt_consolidation,60,2297.11,87838.33,0.232,7,1,164,0,0,0,0,0,1
62,27300.0,3.7,MORTGAGE,5100.0,major_purchase,36,252.95,13109.07,0.833,8,1,173,0,0,0,0,0,1
42,76800.0,12.0,RENT,18400.0,small_business,36,1207.46,45032.19,0.792,5,1,116,0,0,0,0,0,1
41,61600.0,5.6,RENT,16200.0,credit_card,60,486.98,20135.7,0.607,7,0,229,2,0,0,0,0,1
26,49400.0,0.6,RENT,3000.0,credit_card,36,1392.42,24826.43,0.755,6,2,76,0,0,0,0,0,0
21,35400.0,0.4,MORTGAGE,13500.0,credit_card,36,490.08,26529.83,0.32,6,3,24,0,0,0,0,0,1
25,23500.0,1.8,MORTGAGE,10000.0,credit_card,36,139.16,2135.42,0.547,9,1,54,1,0,0,0,0,1
61,49800.0,12.1,MORTGAGE,10800.0,home_improvement,36,1101.72,41895.84,0.406,12,1,171,0,0,0,0,0,1
32,47700.0,5.1,RENT,14000.0,debt_consolidation,36,692.53,25179.11,0.084,9,2,89,0,0,0,0,0,1
46,111100.0,5.1,MORTGAGE,29600.0,credit_card,36,2195.01,41313.98,0.508,10,2,298,0,0,0,0,0,1
66,123200.0,25.0,RENT,23300.0,small_business,36,2910.99,73763.95,0.803,5,1,327,0,0,0,0,0,1
54,41400.0,13.6,MORTGAGE,3400.0,credit_card,60,1072.22,51147.27,0.671,9,4,314,0,0,0,1,0,1
69,41200.0,4.8,RENT,10600.0,debt_consolidation,36,577.52,31970.62,0.796,7,1,402,0,0,0,0,0,0
34,48600.0,6.2,RENT,7200.0,debt_consolidation,36,1169.35,26382.84,0.509,8,0,171,0,0,0,0,0,1
46,122500.0,5.8,MORTGAGE,38100.0,credit_card,60,3040.46,176893.97,0.358,5,1,119,0,0,0,0,0,1
65,45700.0,40.5,RENT,12100.0,medical,36,937.0,21607.1,0.178,8,3,334,0,0,0,0,0,1
47,194800.0,5.1,RENT,50000.0,major_purchase,36,7814.84,333587.59,0.849,9,3,149,0,0,0,0,0,1
29,70900.0,0.9,MORTGAGE,20600.0,small_business,60,988.33,43800.12,0.114,8,1,90,0,0,0,0,0,1
46,84400.0,4.4,MORTGAGE,34100.0,medical,36,2234.61,101233.66,0.489,7,1,186,0,0,0,0,0,1
67,51100.0,12.1,MORTGAGE,5600.0,debt_consolidation,60,208.27,10238.1,0.809,11,0,414,0,0,0,0,0,1
42,161200.0,5.5,OWN,50000.0,debt_consolidation,60,4525.98,181180.13,0.328,10,1,100,0,0,0,0,0,1
67,84000.0,20.2,MORTGAGE,36300.0,debt_consolidation,36,370.45,6013.59,0.54,10,1,182,0,0,0,0,0,1
50,50800.0,1.6,MORTGAGE,17200.0,credit_card,60,1070.92,41594.72,0.137,9,1,195,0,0,0,0,0,1
63,32000.0,5.6,RENT,3400.0,debt_consolidation,36,244.92,12854.63,0.898,5,0,220,0,0,0,0,0,1
68,96600.0,14.9,MORTGAGE,37700.0,debt_consolidation,60,4225.75,173017.56,0.232,11,2,230,0,0,0,0,0,1
37,46500.0,1.4,RENT,17100.0,credit_card,60,955.29,21070.91,0.842,13,1,180,0,0,0,0,0,1
46,60000.0,12.4,MORTGAGE,23700.0,debt_consolidation,36,863.6,20943.75,0.414,8,1,316,1,1,1,0,0,0
56,39500.0,4.9,RENT,9700.0,home_improvement,36,333.23,12436.18,0.677,17,1,234,0,0,0,0,0,1
21,39800.0,0.2,RENT,15000.0,debt_consolidation,60,667.96,13682.52,0.559,6,0,32,0,0,0,0,0,0
28,47300.0,0.6,MORTGAGE,5300.0,medical,60,1076.31,22381.99,0.598,11,0,68,0,0,0,0,0,1
69,63900.0,3.4,MORTGAGE,17900.0,major_purchase,60,1981.16,81035.89,0.58,7,0,549,0,0,0,0,0,1
55,34400.0,20.4,RENT,9300.0,major_purchase,36,479.74,27766.47,0.469,4,3,137,0,0,0,0,0,1
35,57600.0,3.8,RENT,23500.0,home_improvement,36,1839.12,47721.09,0.287,13,0,144,0,0,0,1,1,1
67,44500.0,7.2,MORTGAGE,17600.0,credit_card,36,706.34,25447.94,0.243,5,0,397,0,0,0,0,0,1
42,61900.0,10.8,MORTGAGE,20800.0,debt_consolidation,60,677.75,20023.23,0.265,9,2,222,1,0,0,0,0,1
34,109600.0,11.8,RENT,13100.0,credit_card,36,1838.83,88361.88,0.664,7,2,66,0,0,0,0,0,1
46,74300.0,6.4,MORTGAGE,27700.0,home_improvement,60,1603.39,62694.61,0.607,9,1,143,0,0,0,0,0,1
48,47400.0,15.2,RENT,14000.0,debt_consolidation,60,1125.48,47132.55,0.262,11,0,253,0,1,0,0,0,1
43,64400.0,12.3,RENT,24300.0,credit_card,60,1845.95,71875.33,0.285,4,0,138,0,1,0,0,0,1
34,91900.0,5.0,MORTGAGE,39100.0,credit_card,36,2334.71,120339.47,0.262,11,2,153,0,0,0,0,0,1
44,97300.0,6.3,RENT,22400.0,credit_card,60,1708.85,39535.95,0.225,6,0,275,0,0,0,0,0,1
22,74200.0,1.5,MORTGAGE,25800.0,debt_consolidation,36,333.55,17777.76,0.656,6,1,40,0,0,0,0,0,1
65,177800.0,4.2,OWN,50000.0,home_improvement,36,6107.96,124443.72,0.15,13,0,420,0,0,0,0,0,1
46,40700.0,16.7,MORTGAGE,5500.0,medical,60,815.03,34384.73,0.323,9,1,202,0,0,0,0,0,0
34,88400.0,3.3,MORTGAGE,34400.0,home_improvement,60,1664.25,62075.98,0.141,6,1,159,0,1,1,0,0,1
71,63800.0,10.1,MORTGAGE,6800.0,debt_consolidation,36,1112.54,36155.33,0.653,9,3,550,0,0,0,0,0,1
27,115900.0,0.5,OWN,6600.0,auto,60,3339.15,129526.05,0.263,11,4,99,0,0,0,0,0,1
23,66500.0,0.7,RENT,25900.0,debt_consolidation,36,1161.41,31038.52,0.177,15,0,52,0,0,0,0,1,1
67,208200.0,3.8,MORTGAGE,50000.0,debt_consolidation,36,7505.22,248178.09,0.212,7,1,201,0,0,0,0,0,1
43,69500.0,13.1,MORTGAGE,4400.0,medical,60,1389.72,23085.29,0.441,9,2,121,0,0,0,0,0,1
66,99000.0,14.9,MORTGAGE,38400.0,home_improvement,36,1470.12,88038.35,0.616,8,1,466,0,1,0,0,0,1
63,59300.0,18.9,RENT,19600.0,home_improvement,36,967.38,18447.1,0.174,14,3,295,0,0,0,0,0,1
67,79900.0,11.1,RENT,26400.0,debt_consolidation,36,883.26,46190.84,0.522,10,3,281,0,0,0,0,0,1
65,47300.0,20.7,OWN,11100.0,debt_consolidation,36,1248.73,38644.28,0.473,10,0,278,0,0,0,0,0,1
38,83800.0,2.6,RENT,18200.0,debt_consolidation,36,1733.26,83373.51,0.396,10,0,73,0,0,0,0,1,0
58,22500.0,7.5,RENT,4500.0,home_improvement,36,649.44,19735.16,0.44,9,1,381,0,0,0,0,0,0
55,49200.0,4.5,MORTGAGE,10000.0,debt_consolidation,36,804.88,46412.45,0.584,11,0,201,0,0,0,0,0,1
71,45300.0,23.3,MORTGAGE,19200.0,debt_consolidation,60,1927.91,41704.03,0.663,4,0,332,0,0,0,0,0,1
35,188600.0,2.6,MORTGAGE,50000.0,debt_consolidation,36,3860.2,119405.08,0.441,6,0,84,0,0,0,0,0,1
45,44400.0,11.3,MORTGAGE,7800.0,credit_card,60,1094.82,64654.55,0.244,17,2,121,0,0,0,0,0,1
57,50700.0,9.4,MORTGAGE,17600.0,debt_consolidation,36,702.04,15821.32,0.469,7,1,429,0,0,0,0,0,1
48,43500.0,1.0,RENT,13600.0,medical,36,364.99,14506.04,0.379,6,0,337,0,0,0,0,0,1
30,83000.0,5.3,MORTGAGE,32200.0,debt_consolidation,36,1207.87,19854.8,0.508,6,1,89,0,0,0,0,0,1
59,55100.0,18.9,RENT,4800.0,small_business,36,611.0,33489.22,0.446,5,3,158,0,0,0,0,0,1
37,51500.0,11.6,RENT,17000.0,credit_card,60,648.44,17176.67,0.08,10,1,76,0,0,0,0,0,1
59,214500.0,8.6,OWN,31700.0,home_improvement,36,5055.01,169318.89,0.425,7,1,426,0,0,0,1,0,1
42,72000.0,4.3,RENT,10600.0,debt_consolidation,36,1683.84,55098.51,0.097,5,1,187,0,0,0,0,0,1
46,96100.0,16.2,MORTGAGE,31900.0,home_improvement,60,1140.4,29021.14,0.557,10,1,304,0,0,0,0,0,1
64,82800.0,6.0,OWN,33800.0,debt_consolidation,60,1864.74,86447.56,0.443,9,3,401,0,0,0,0,0,1
45,41700.0,8.3,RENT,10700.0,home_improvement,36,180.55,7162.63,0.475,11,2,287,0,0,0,0,0,1
37,48100.0,4.8,RENT,11400.0,credit_card,36,404.32,10388.63,0.245,7,1,125,0,0,0,0,0,0
33,35700.0,1.9,MORTGAGE,13400.0,debt_consolidation,36,578.31,32219.91,0.423,10,1,65,0,1,0,0,0,1
40,33700.0,5.5,RENT,2000.0,credit_card,36,305.02,10259.4,0.281,10,2,119,0,0,0,0,0,1
45,67400.0,2.3,MORTGAGE,22400.0,small_business,36,2112.71,77029.54,0.29,5,0,190,0,0,0,0,0,1
24,69900.0,2.8,RENT,5100.0,debt_consolidation,36,1605.72,57692.95,0.432,4,2,32,0,0,0,0,0,1
30,61700.0,3.1,OWN,9100.0,debt_consolidation,36,686.15,12415.18,0.569,10,2,120,0,0,0,0,0,1
23,81400.0,0.8,MORTGAGE,25800.0,credit_card,36,1839.54,34426.36,0.265,3,3,44,0,0,0,0,0,0
61,60400.0,3.6,OWN,12200.0,credit_card,60,1846.42,95246.72,0.047,10,1,434,0,0,0,0,0,1
65,130800.0,15.8,RENT,22000.0,debt_consolidation,36,3072.37,156961.92,0.576,6,0,467,0,0,0,0,0,1
38,50300.0,1.5,RENT,12700.0,debt_consolidation,36,773.15,37436.07,0.307,8,2,197,0,0,0,0,0,1
67,113500.0,4.2,RENT,44300.0,debt_consolidation,60,2850.03,146362.36,0.196,4,1,409,0,0,0,0,0,1
56,100300.0,5.1,MORTGAGE,22100.0,debt_consolidation,60,723.79,19296.18,0.535,13,0,282,1,1,0,0,1,1
67,18000.0,1.0,RENT,4700.0,debt_consolidation,36,628.35,36004.86,0.341,9,0,550,0,0,0,0,0,1
42,28900.0,1.8,MORTGAGE,3300.0,major_purchase,36,683.05,11664.84,0.33,10,2,92,0,0,0,0,0,1
54,25600.0,11.1,MORTGAGE,5800.0,debt_consolidation,60,758.44,30022.31,0.356,9,0,206,0,0,0,0,0,1
67,78100.0,15.1,MORTGAGE,4400.0,debt_consolidation,36,1700.51,68242.43,0.22,10,5,474,0,0,0,0,0,1
28,36400.0,0.7,MORTGAGE,14000.0,auto,36,1168.37,40842.06,0.657,8,3,100,0,0,0,0,0,1
60,117500.0,16.6,MORTGAGE,15600.0,medical,36,2096.87,98921.5,0.334,3,2,230,0,0,0,0,0,1
69,36200.0,23.0,RENT,15100.0,debt_consolidation,36,909.97,26799.53,0.358,7,0,488,0,0,0,0,0,1
64,72900.0,21.9,RENT,14100.0,credit_card,60,2342.75,70532.03,0.398,12,0,423,1,0,0,0,0,1
39,37900.0,11.1,MORTGAGE,14600.0,credit_card,36,929.7,17373.89,0.633,7,2,209,0,0,0,0,0,1
62,90600.0,9.5,MORTGAGE,18600.0,debt_consolidation,60,2175.4,129996.15,0.251,8,1,374,0,0,0,0,0,1
61,55500.0,14.3,RENT,6200.0,home_improvement,36,564.97,24768.35,0.194,8,2,441,0,0,0,0,0,1
57,51600.0,13.9,MORTGAGE,13000.0,auto,36,626.83,24456.61,0.526,12,1,362,0,0,0,0,0,1
26,45300.0,1.2,MORTGAGE,7000.0,debt_consolidation,60,1307.12,24263.5,0.358,9,0,77,0,0,0,0,0,1
46,36000.0,12.4,RENT,6500.0,debt_consolidation,36,1633.45,45425.37,0.453,5,1,121,0,0,0,0,0,1
54,80700.0,23.1,MORTGAGE,14200.0,credit_card,36,2409.42,96978.44,0.332,4,2,279,0,0,0,0,0,1
65,45500.0,2.2,RENT,8600.0,home_improvement,36,1453.28,69387.03,0.52,6,1,403,0,0,0,0,0,1
26,246900.0,3.1,RENT,50000.0,home_improvement,36,3389.91,137750.23,0.513,10,2,49,0,0,0,0,0,1
57,158700.0,25.9,MORTGAGE,16000.0,debt_consolidation,36,1828.24,106705.35,0.358,8,4,177,0,0,0,0,0,1
53,57100.0,4.1,OWN,8700.0,small_business,36,582.49,15540.38,0.203,7,1,163,0,0,0,0,0,1
42,52800.0,9.5,MORTGAGE,16000.0,major_purchase,36,1386.07,72847.78,0.984,10,3,103,0,0,0,0,0,0
41,59500.0,8.6,OWN,21000.0,debt_consolidation,60,321.6,15179.12,0.339,6,1,178,0,0,0,0,0,1
26,151000.0,1.3,MORTGAGE,22300.0,debt_consolidation,60,4013.32,71271.45,0.69,9,0,36,0,0,0,0,0,1
26,210500.0,2.0,MORTGAGE,32600.0,credit_card,60,6136.28,189102.47,0.264,5,0,57,0,0,0,0,0,1
68,22400.0,20.2,MORTGAGE,5400.0,credit_card,36,871.65,52224.55,0.628,10,1,544,1,0,0,0,0,0
24,138000.0,2.8,RENT,50000.0,auto,60,1678.69,36190.2,0.457,11,1,68,0,0,0,0,0,1
50,56400.0,11.4,RENT,15200.0,debt_consolidation,60,1460.01,31301.35,0.185,11,1,363,0,0,0,0,0,1
31,42100.0,8.8,MORTGAGE,15800.0,credit_card,60,1500.36,61680.7,0.055,7,0,91,0,0,0,0,0,1
50,122400.0,6.9,MORTGAGE,50000.0,credit_card,36,563.66,27838.92,0.125,2,1,337,0,0,0,0,0,1
51,69200.0,10.0,MORTGAGE,21100.0,credit_card,60,1719.6,27914.2,0.185,6,2,295,0,0,0,0,0,1
44,140400.0,9.5,MORTGAGE,36200.0,credit_card,36,4228.65,113088.54,0.342,12,1,140,0,0,0,0,0,1
29,111700.0,4.4,RENT,39700.0,credit_card,36,1137.96,40658.33,0.251,8,2,109,0,0,0,0,0,1
23,79400.0,0.5,RENT,14100.0,debt_consolidation,36,600.55,27455.85,0.201,8,1,30,0,0,0,0,0,1
71,161500.0,36.1,RENT,50000.0,small_business,60,3262.12,96203.0,0.62,6,2,441,0,0,0,0,0,1
51,60900.0,11.0,RENT,14600.0,debt_consolidation,36,742.22,28731.31,0.293,8,0,155,0,0,0,0,0,1
60,36200.0,9.1,OWN,15300.0,debt_consolidation,36,698.59,23384.99,0.136,13,1,311,0,0,0,0,1,1
57,190000.0,4.3,MORTGAGE,50000.0,credit_card,36,1443.48,55555.89,0.385,11,1,436,0,0,0,0,0,1
56,58100.0,5.1,RENT,7800.0,credit_card,36,857.76,39031.51,0.301,6,5,226,0,0,0,0,1,0
44,72800.0,2.5,MORTGAGE,10100.0,credit_card,36,782.98,36223.98,0.031,7,1,289,0,0,0,0,0,1
51,48600.0,2.7,MORTGAGE,9200.0,credit_card,60,627.55,14942.06,0.247,11,0,120,0,0,0,0,0,1
26,69900.0,3.3,MORTGAGE,13900.0,debt_consolidation,60,1366.62,43657.71,0.183,11,0,90,1,2,1,0,0,0
22,78900.0,0.4,OWN,4400.0,credit_card,36,1122.84,30930.25,0.873,7,2,16,0,0,0,0,0,0
40,35900.0,6.4,MORTGAGE,14100.0,debt_consolidation,36,582.45,18017.38,0.408,5,1,182,0,1,0,0,0,1
48,36300.0,8.8,OWN,5300.0,medical,60,640.79,19803.82,0.593,13,0,336,0,0,0,0,0,1
31,40700.0,5.0,OWN,15500.0,credit_card,60,1116.85,18829.5,0.478,6,1,47,0,0,0,0,0,1
24,61700.0,2.3,RENT,15000.0,debt_consolidation,36,1051.48,54993.06,0.545,4,0,40,0,0,0,0,0,0
35,84000.0,4.2,RENT,24100.0,home_improvement,36,942.84,31825.66,0.372,10,0,180,0,0,0,0,0,1
26,135000.0,2.0,MORTGAGE,35700.0,major_purchase,60,3475.75,192918.55,0.089,8,4,70,1,0,0,0,0,1
69,254600.0,12.7,MORTGAGE,50000.0,debt_consolidation,36,10174.7,453027.01,0.815,6,3,375,1,3,0,0,0,0
50,73000.0,9.6,MORTGAGE,15900.0,debt_consolidation,36,2108.62,118965.31,0.686,9,3,194,0,0,0,0,0,1
58,51600.0,12.2,MORTGAGE,10600.0,debt_consolidation,60,1194.08,67733.0,0.01,6,0,214,0,0,0,0,0,1
71,18000.0,21.9,MORTGAGE,5300.0,debt_consolidation,36,111.93,1842.58,0.207,3,1,232,0,0,0,0,0,1
22,76300.0,0.3,MORTGAGE,15500.0,small_business,60,2214.15,77998.34,0.092,5,2,34,0,0,0,0,0,1
35,60300.0,2.5,MORTGAGE,17700.0,credit_card,60,1276.31,32545.98,0.601,8,0,103,0,0,0,0,0,1
31,54400.0,5.9,RENT,15200.0,debt_consolidation,36,690.05,20636.07,0.36,7,3,83,0,1,0,0,0,1
28,46100.0,3.1,RENT,16600.0,auto,60,562.31,12575.16,0.268,8,3,76,0,0,0,0,0,1
46,46900.0,5.6,MORTGAGE,20900.0,credit_card,60,1964.45,32190.85,0.234,6,2,189,0,0,0,1,0,1
71,79300.0,37.1,MORTGAGE,35000.0,major_purchase,60,1424.9,44925.25,0.338,5,3,460,1,0,0,0,0,1
65,94200.0,1.0,MORTGAGE,9400.0,credit_card,60,1506.36,73999.34,0.294,10,2,271,0,0,0,0,1,1
64,65200.0,12.9,RENT,15100.0,credit_card,36,2423.17,136608.57,0.277,8,1,411,0,0,0,0,0,1
25,102000.0,1.4,RENT,22300.0,credit_card,36,2686.85,105686.72,0.553,10,2,43,0,0,0,0,0,1
26,134300.0,3.2,MORTGAGE,17000.0,debt_consolidation,36,1710.95,34470.71,0.35,7,0,54,0,0,0,0,0,1
46,62900.0,6.4,OWN,21900.0,debt_consolidation,36,1658.28,57305.88,0.361,7,1,177,1,0,1,0,0,0
24,129700.0,1.1,OWN,50000.0,medical,36,2515.98,117913.04,0.514,9,2,52,0,0,0,0,0,1
39,39200.0,7.1,MORTGAGE,4400.0,debt_consolidation,36,432.29,15268.21,0.561,3,0,116,0,0,0,0,0,1
40,77600.0,2.2,OWN,12300.0,credit_card,36,1344.03,33222.58,0.458,8,0,127,2,0,0,1,0,1
53,53600.0,11.3,RENT,21000.0,debt_consolidation,36,1200.92,58188.6,0.087,11,2,321,0,0,0,0,0,1
40,86700.0,6.4,MORTGAGE,14900.0,auto,36,2280.9,116053.89,0.348,15,2,214,0,0,0,0,0,1
69,20200.0,29.5,MORTGAGE,4600.0,credit_card,36,215.66,10525.95,0.415,9,1,503,0,0,0,0,0,1
32,126400.0,9.6,MORTGAGE,43800.0,small_business,36,1894.95,76086.9,0.47,10,0,96,0,0,0,0,0,1
67,64400.0,27.8,RENT,6500.0,credit_card,60,1931.77,83930.68,0.025,9,3,227,0,0,0,0,0,1
21,84000.0,0.2,MORTGAGE,21900.0,small_business,60,2230.28,100625.7,0.1,10,1,15,1,0,0,0,0,1
46,42900.0,2.7,MORTGAGE,4000.0,credit_card,36,1507.27,85130.73,0.208,5,0,287,0,0,0,0,0,0
34,165700.0,2.4,RENT,28500.0,debt_consolidation,36,4057.11,89686.71,0.547,5,1,63,0,0,0,0,0,0
58,80000.0,6.9,RENT,11600.0,credit_card,60,1096.39,44457.91,0.374,8,0,342,0,0,0,0,0,1
57,53700.0,3.6,RENT,18400.0,debt_consolidation,36,1604.59,59703.13,0.445,6,0,399,0,0,0,0,0,1
31,20900.0,6.2,MORTGAGE,2300.0,debt_consolidation,60,251.13,6306.02,0.129,4,2,140,0,0,0,0,0,1
56,54700.0,18.2,RENT,17200.0,medical,60,1092.17,65155.01,0.655,8,1,279,1,0,0,0,0,1
33,18500.0,3.8,MORTGAGE,5200.0,home_improvement,36,241.47,12242.5,0.269,8,2,161,0,1,0,0,0,0
63,71000.0,11.3,MORTGAGE,22700.0,major_purchase,36,470.35,12995.22,0.443,12,0,336,1,0,0,0,0,1
23,91600.0,1.4,OWN,36700.0,debt_consolidation,36,2513.25,127594.71,0.635,4,1,21,0,0,0,0,0,1
53,97700.0,11.0,RENT,25800.0,credit_card,36,2289.14,59883.97,0.171,8,1,207,0,0,0,0,0,1
26,41300.0,1.4,RENT,14000.0,debt_consolidation,36,398.0,10990.18,0.438,5,3,90,2,1,1,0,0,0
70,46700.0,12.2,RENT,17400.0,home_improvement,60,986.01,54256.91,0.239,13,2,502,0,0,0,0,1,1
30,62900.0,5.6,RENT,20600.0,home_improvement,60,1333.03,74140.9,0.518,9,0,102,0,0,0,0,0,1
25,49000.0,0.8,MORTGAGE,8700.0,home_improvement,36,522.18,26971.35,0.437,7,2,70,0,0,0,1,0,1
43,26600.0,12.3,MORTGAGE,11600.0,debt_consolidation,60,732.46,43780.49,0.256,12,2,160,1,0,0,0,1,1
30,47000.0,3.9,MORTGAGE,3500.0,debt_consolidation,60,1399.35,27935.78,0.3,6,1,70,0,0,0,0,0,1
64,82400.0,31.0,RENT,16400.0,credit_card,36,1736.6,68049.76,0.183,6,3,169,0,0,0,0,0,1
22,51400.0,0.5,MORTGAGE,19500.0,home_improvement,36,1055.97,37896.79,0.438,10,0,17,0,0,0,0,0,1
33,58100.0,1.3,OWN,11000.0,debt_consolidation,60,554.64,23346.55,0.38,10,0,137,0,0,0,0,0,1
60,49700.0,14.9,MORTGAGE,13300.0,debt_consolidation,36,489.51,20786.63,0.104,4,0,475,0,0,0,0,0,1
22,239900.0,0.3,OWN,24900.0,debt_consolidation,36,4613.35,199926.13,0.582,10,0,33,1,0,0,0,0,0
40,70900.0,2.6,RENT,27800.0,debt_consolidation,36,2021.39,58520.69,0.164,14,0,80,0,0,0,0,0,1
21,74800.0,0.6,RENT,31600.0,credit_card,60,1902.94,32882.92,0.432,13,1,26,0,0,0,0,0,1
57,48300.0,22.3,OWN,21400.0,credit_card,36,1599.58,48666.09,0.219,4,2,149,0,0,0,0,0,1
29,85800.0,2.6,MORTGAGE,6900.0,debt_consolidation,36,867.91,40981.58,0.099,6,0,61,0,0,0,0,0,1
37,69800.0,5.5,RENT,9100.0,home_improvement,60,2126.41,68007.18,0.549,9,1,113,0,0,0,0,0,1
29,25400.0,2.8,RENT,6300.0,debt_consolidation,36,643.62,24895.01,0.348,9,2,66,0,0,0,0,0,0
31,150700.0,5.0,MORTGAGE,24000.0,home_improvement,36,4940.9,293435.64,0.611,13,0,59,0,0,0,0,0,1
35,62300.0,3.5,MORTGAGE,19100.0,credit_card,36,872.67,41599.39,0.074,8,1,161,0,0,0,0,0,1
44,88900.0,0.1,MORTGAGE,34500.0,major_purchase,36,1404.2,79304.79,0.634,7,1,141,0,0,0,0,0,1
58,46700.0,5.8,RENT,4700.0,credit_card,36,293.13,9429.41,0.43,5,3,176,0,0,0,0,0,1
55,84600.0,20.6,MORTGAGE,4300.0,debt_consolidation,36,2536.96,101680.73,0.497,7,1,205,0,0,0,0,1,1
50,95500.0,11.9,MORTGAGE,42700.0,small_business,60,2631.32,65040.25,0.533,11,1,354,0,0,0,0,0,1
51,29600.0,4.3,MORTGAGE,6800.0,home_improvement,36,726.78,24563.94,0.266,8,3,361,0,0,0,0,0,1
69,88200.0,4.9,MORTGAGE,6800.0,debt_consolidation,60,1086.94,27909.18,0.158,4,0,424,0,0,0,0,0,1
25,62400.0,2.6,MORTGAGE,17800.0,debt_consolidation,60,1212.75,47743.58,0.587,6,1,58,0,0,0,1,0,0
64,37600.0,17.9,RENT,13200.0,debt_consolidation,60,1199.02,49472.23,0.21,6,0,322,0,0,0,0,0,1
70,166100.0,3.6,MORTGAGE,50000.0,small_business,36,3095.85,71081.15,0.586,11,0,521,0,0,0,0,0,1
34,39600.0,5.8,RENT,11000.0,debt_consolidation,36,587.77,31715.87,0.891,8,2,102,0,0,0,0,0,1
31,75200.0,3.4,RENT,24200.0,credit_card,60,1181.08,28261.31,0.406,10,2,129,1,0,1,0,0,0
29,33400.0,1.7,RENT,8000.0,credit_card,36,260.58,8985.72,0.87,10,0,98,2,0,0,0,0,0
54,36100.0,10.0,RENT,10800.0,home_improvement,36,433.41,9681.25,0.683,10,0,192,0,0,0,1,0,1
32,118500.0,3.1,MORTGAGE,50000.0,small_business,36,1188.03,27842.01,0.44,10,3,143,0,0,0,0,0,1
55,54600.0,12.6,RENT,24300.0,credit_card,36,1099.06,40639.85,0.134,7,1,315,0,0,0,1,0,1
55,146300.0,10.4,MORTGAGE,44000.0,debt_consolidation,60,4554.49,192836.67,0.725,7,1,313,1,0,0,0,0,1
21,52700.0,0.1,OWN,14900.0,debt_consolidation,36,1466.4,26883.94,0.894,7,1,34,0,0,0,0,0,0
60,51500.0,29.8,RENT,9700.0,credit_card,36,1249.53,26015.95,0.132,11,3,469,0,0,0,0,0,1
42,43500.0,1.1,RENT,7800.0,credit_card,36,853.12,25825.07,0.141,11,2,204,1,1,0,0,0,1
49,50500.0,4.9,MORTGAGE,21200.0,debt_consolidation,36,726.25,13490.93,0.162,7,1,324,0,0,0,0,0,1
28,93000.0,4.4,RENT,29400.0,debt_consolidation,36,2412.63,111400.92,0.683,11,0,54,0,0,0,0,0,1
31,69400.0,1.5,MORTGAGE,16200.0,home_improvement,60,1864.05,103697.03,0.269,10,0,95,3,0,1,0,0,0
61,55900.0,22.6,RENT,17700.0,credit_card,36,1673.82,78555.4,0.098,5,2,362,0,0,0,0,0,1
57,96700.0,4.3,RENT,9500.0,credit_card,60,2187.46,91234.4,0.453,7,1,253,0,0,0,0,0,1
34,89600.0,9.3,OWN,38300.0,debt_consolidation,60,876.66,50450.21,0.296,8,1,151,0,0,0,0,0,1
50,56700.0,3.6,RENT,14700.0,credit_card,36,395.2,12819.64,0.797,5,2,218,0,0,1,0,0,1
55,153000.0,11.0,RENT,28100.0,credit_card,36,1896.94,29931.98,0.361,6,1,335,0,0,0,0,0,1
41,28300.0,11.7,RENT,1600.0,credit_card,60,315.48,5917.78,0.248,9,1,176,1,0,0,0,0,1
57,82700.0,18.2,RENT,26500.0,debt_consolidation,60,2465.0,138060.27,0.295,10,1,204,0,0,0,0,0,1
25,61800.0,0.8,RENT,27100.0,debt_consolidation,36,1038.47,60976.72,0.09,4,1,77,0,0,0,0,0,0
39,87300.0,8.3,RENT,23900.0,debt_consolidation,60,1443.97,25530.03,0.078,10,0,127,0,0,0,0,0,1
34,70100.0,7.7,MORTGAGE,12800.0,major_purchase,60,1429.05,80520.71,0.857,7,1,69,0,1,0,0,0,0
46,76500.0,7.5,MORTGAGE,16600.0,home_improvement,36,1213.75,27141.73,0.535,10,1,112,0,0,0,0,0,1
24,24700.0,0.3,MORTGAGE,6900.0,major_purchase,60,605.94,19078.17,0.636,6,3,68,0,0,0,0,0,0
45,74900.0,3.2,MORTGAGE,24400.0,small_business,36,1335.3,65307.01,0.576,7,0,188,0,0,0,0,0,1
65,117400.0,18.5,MORTGAGE,14500.0,credit_card,36,2125.85,69909.59,0.351,9,1,308,0,0,0,0,0,1
62,47500.0,13.4,OWN,20100.0,credit_card,36,1387.25,69271.64,0.044,9,1,432,0,0,0,0,0,1
45,114400.0,10.0,MORTGAGE,24700.0,debt_consolidation,60,3346.83,152344.2,0.764,9,2,290,0,0,0,0,0,1
38,54500.0,5.5,OWN,16300.0,home_improvement,36,472.9,26927.38,0.656,15,2,202,0,0,0,0,0,0
60,47800.0,16.0,MORTGAGE,19800.0,debt_consolidation,36,1236.24,43023.29,0.337,8,2,370,0,0,0,0,0,1
28,48400.0,2.4,MORTGAGE,13600.0,debt_consolidation,60,240.75,9185.18,0.573,7,2,39,0,0,0,0,0,1
59,37700.0,6.5,MORTGAGE,12200.0,debt_consolidation,36,471.82,23435.82,0.353,8,1,202,0,0,0,0,0,1
60,68800.0,4.4,OWN,20900.0,home_improvement,36,2353.21,138196.33,0.131,9,2,260,1,1,0,0,0,1
34,46900.0,8.0,MORTGAGE,7000.0,credit_card,36,1314.85,41100.11,0.421,14,0,66,1,0,0,0,0,1
52,49000.0,19.9,MORTGAGE,21300.0,debt_consolidation,36,762.86,43604.36,0.566,8,1,162,0,0,0,0,0,1
71,45400.0,17.3,MORTGAGE,10800.0,small_business,36,1210.47,55551.61,0.43,7,2,550,0,0,1,0,1,1
58,79200.0,10.6,MORTGAGE,7100.0,credit_card,36,454.99,25299.07,0.294,8,0,400,1,0,0,0,0,1
53,33000.0,1.2,OWN,14800.0,debt_consolidation,60,675.98,18331.39,0.653,5,2,396,0,0,0,0,0,1
43,91600.0,3.4,RENT,28400.0,debt_consolidation,36,3097.95,146423.77,0.42,5,1,202,0,0,0,0,0,0
35,87200.0,5.6,MORTGAGE,25600.0,home_improvement,36,3348.26,114219.36,0.463,7,2,114,1,1,0,0,0,0
53,87500.0,13.1,RENT,36500.0,debt_consolidation,36,2516.44,84770.58,0.523,7,0,164,0,0,0,0,0,1
45,38600.0,16.8,RENT,10300.0,home_improvement,36,578.45,12890.8,0.493,12,0,160,0,0,0,0,0,1
37,75400.0,5.2,OWN,14600.0,credit_card,36,524.95,14709.6,0.631,11,2,90,0,0,0,0,0,1
53,135500.0,26.6,MORTGAGE,16200.0,home_improvement,60,3895.4,198059.68,0.226,10,2,309,0,0,0,0,0,1
67,34100.0,28.7,RENT,12800.0,small_business,36,1107.22,47685.06,0.237,13,2,419,0,0,0,0,0,1
22,73100.0,0.9,MORTGAGE,13300.0,home_improvement,36,448.05,11649.36,0.299,5,1,32,1,0,0,0,0,1
34,35900.0,6.9,MORTGAGE,9200.0,debt_consolidation,36,616.44,31710.18,0.363,8,2,79,0,0,0,0,0,1
60,56900.0,7.1,RENT,14400.0,credit_card,60,404.6,23376.01,0.42,8,0,358,0,1,0,0,0,1
60,65000.0,29.7,RENT,22500.0,debt_consolidation,60,2449.41,83485.3,0.584,6,3,332,0,0,0,0,0,1
71,46700.0,14.6,MORTGAGE,15100.0,credit_card,60,405.96,23651.24,0.628,10,0,542,0,0,0,0,0,1
59,43800.0,8.7,RENT,9600.0,medical,36,1167.69,28663.73,0.599,13,2,309,0,0,0,0,0,1
71,76200.0,37.7,RENT,16800.0,debt_consolidation,60,856.54,14884.65,0.546,7,0,484,0,1,0,0,0,1
26,38000.0,1.8,RENT,6000.0,major_purchase,36,487.64,8233.31,0.272,9,0,44,0,0,0,0,0,1
26,87900.0,2.9,MORTGAGE,16400.0,auto,36,1984.83,87506.28,0.115,11,1,29,0,0,0,0,0,1
23,172500.0,0.7,RENT,50000.0,auto,60,3553.49,163090.91,0.408,5,0,41,0,0,0,0,0,1
27,32800.0,0.5,MORTGAGE,9000.0,small_business,36,1245.42,53858.96,0.612,10,3,99,0,0,0,0,0,1
71,31700.0,29.2,MORTGAGE,2200.0,credit_card,60,838.65,44186.48,0.306,7,0,308,0,0,0,0,1,1
28,28800.0,0.5,RENT,7300.0,debt_consolidation,36,289.43,13205.09,0.338,3,1,101,0,1,0,0,0,1
62,50900.0,8.2,MORTGAGE,22000.0,credit_card,36,1261.68,61672.37,0.274,11,2,369,0,0,0,0,0,1
35,106100.0,4.0,MORTGAGE,9900.0,credit_card,60,2782.7,110996.48,0.837,11,1,130,1,1,0,0,0,1
67,111400.0,10.9,MORTGAGE,10200.0,debt_consolidation,36,1959.88,50429.14,0.196,11,1,498,0,0,0,0,0,1
49,83400.0,10.5,OWN,26400.0,credit_card,36,1724.77,36329.97,0.192,11,2,228,1,0,1,1,0,0
53,73900.0,18.8,RENT,32000.0,debt_consolidation,36,502.6,29181.88,0.245,14,2,196,0,0,0,0,0,1
50,133500.0,13.6,MORTGAGE,8100.0,credit_card,60,3417.86,90307.93,0.641,8,1,245,0,0,0,0,0,1
59,50600.0,14.2,RENT,9500.0,major_purchase,60,259.46,6863.35,0.452,8,4,355,0,0,0,0,0,1
47,90000.0,10.3,RENT,6900.0,credit_card,36,895.45,50181.73,0.307,5,0,247,0,1,0,0,0,1
56,197200.0,17.6,RENT,30800.0,home_improvement,36,5274.97,294841.63,0.534,2,2,427,1,1,0,0,0,1
49,130400.0,5.1,MORTGAGE,35400.0,credit_card,36,2546.42,93241.51,0.826,8,2,323,0,0,0,0,0,1
58,35700.0,7.4,RENT,8100.0,debt_consolidation,60,675.83,40446.3,0.627,11,2,404,0,0,0,0,0,1
53,48100.0,5.3,MORTGAGE,9400.0,debt_consolidation,60,1223.49,28122.89,0.227,6,2,392,0,0,0,0,0,1
57,202500.0,3.3,MORTGAGE,27200.0,home_improvement,36,3979.75,138827.98,0.53,2,0,265,0,0,0,0,0,1
47,48200.0,0.7,MORTGAGE,14400.0,debt_consolidation,36,1233.06,27060.01,0.096,5,1,253,0,0,0,0,0,1
53,159400.0,6.1,MORTGAGE,44700.0,medical,36,944.85,33423.49,0.12,10,1,274,0,0,0,0,0,1
24,52200.0,0.3,RENT,16500.0,major_purchase,36,1271.27,75995.43,0.565,7,0,48,0,0,0,0,0,1
42,59300.0,7.2,MORTGAGE,21800.0,debt_consolidation,36,980.74,29788.49,0.091,9,0,246,0,0,0,0,0,1
22,39900.0,0.3,OWN,13600.0,debt_consolidation,60,381.06,13426.63,0.509,9,2,22,0,0,0,0,0,0
30,43900.0,4.6,RENT,19000.0,credit_card,36,912.34,54140.16,0.468,6,0,95,0,0,0,0,0,1
25,59400.0,1.7,MORTGAGE,7000.0,credit_card,60,919.16,22072.14,0.781,12,0,34,0,0,0,0,0,1
30,73200.0,5.2,RENT,31500.0,debt_consolidation,60,1087.32,50019.5,0.245,8,1,60,0,0,0,0,0,1
53,53000.0,9.8,MORTGAGE,6300.0,debt_consolidation,60,1751.97,70369.57,0.075,6,0,212,0,0,0,0,0,1
58,97300.0,15.3,MORTGAGE,37700.0,credit_card,36,2089.36,110661.03,0.663,7,1,365,0,0,0,0,0,1
33,53100.0,4.1,OWN,19400.0,small_business,36,1349.65,50257.18,0.403,11,1,110,0,0,0,0,0,1
51,21300.0,6.5,MORTGAGE,6700.0,debt_consolidation,36,692.07,26670.52,0.056,13,1,224,0,1,0,0,0,1
67,59000.0,18.2,MORTGAGE,19600.0,home_improvement,60,1132.05,37689.49,0.405,10,1,441,0,0,0,0,0,1
56,51000.0,9.3,RENT,16700.0,major_purchase,36,803.23,37343.48,0.268,6,1,287,0,0,0,0,0,1
65,150000.0,23.0,MORTGAGE,39300.0,debt_consolidation,60,1173.11,52253.82,0.386,11,0,229,1,0,0,0,0,1
44,108300.0,5.1,MORTGAGE,6800.0,debt_consolidation,36,2530.16,131605.58,0.472,13,1,136,2,0,0,0,0,1
35,114300.0,6.2,MORTGAGE,32200.0,small_business,36,2017.24,70916.41,0.534,7,1,134,0,0,0,0,0,1
49,97400.0,2.2,MORTGAGE,20000.0,debt_consolidation,60,1599.25,40150.85,0.486,10,0,202,0,0,0,0,0,1
28,84200.0,6.3,OWN,13400.0,debt_consolidation,60,2071.03,69781.61,0.441,7,0,96,0,0,0,0,0,1
25,84100.0,1.9,RENT,20700.0,home_improvement,36,1490.06,81709.48,0.392,11,3,30,0,0,0,0,0,1
49,109900.0,21.8,RENT,42800.0,debt_consolidation,36,2536.78,115480.94,0.487,9,1,336,0,0,0,0,0,1
67,91000.0,25.1,OWN,25600.0,home_improvement,60,2425.19,125167.27,0.126,6,2,333,0,0,0,0,0,1
24,49500.0,0.7,MORTGAGE,21600.0,debt_consolidation,60,668.65,29523.9,0.409,10,1,47,2,0,0,0,0,1
32,30400.0,6.1,MORTGAGE,6600.0,credit_card,60,730.72,37685.86,0.581,8,2,141,0,0,0,0,0,1
65,23400.0,28.4,RENT,2700.0,debt_consolidation,36,565.56,21978.62,0.194,9,2,273,0,0,0,0,0,1
22,41500.0,1.1,RENT,7300.0,auto,36,808.94,15767.03,0.325,8,2,19,0,0,0,0,0,1
47,44100.0,9.5,RENT,4800.0,credit_card,36,181.74,6967.78,0.36,8,1,186,2,0,0,0,1,0
51,62800.0,4.7,RENT,20300.0,home_improvement,36,400.69,23956.02,0.364,6,1,193,0,0,0,0,0,1
71,61800.0,25.0,MORTGAGE,7000.0,debt_consolidation,36,1845.35,35249.57,0.236,6,3,519,0,0,0,0,0,1
71,172100.0,23.2,MORTGAGE,44300.0,auto,60,4129.36,229795.82,0.829,5,3,467,0,0,0,0,0,0
56,90100.0,8.2,MORTGAGE,37800.0,debt_consolidation,36,2502.64,78913.28,0.597,10,1,231,0,0,0,0,0,0
56,43900.0,3.8,RENT,9800.0,debt_consolidation,60,866.66,16541.69,0.181,4,1,138,0,0,0,0,0,1
46,140700.0,10.7,RENT,29700.0,debt_consolidation,60,1992.72,77883.22,0.717,8,2,290,0,0,0,0,0,1
63,58300.0,5.8,MORTGAGE,7700.0,major_purchase,36,948.01,55041.19,0.262,8,2,362,0,0,0,0,0,1
47,90400.0,6.1,RENT,31800.0,home_improvement,36,1347.61,52902.11,0.146,9,0,280,0,0,0,0,0,1
25,85600.0,2.4,MORTGAGE,14700.0,auto,36,2275.54,78048.64,0.505,10,1,39,2,0,0,0,1,0
40,67700.0,2.5,MORTGAGE,30200.0,debt_consolidation,36,1173.92,18640.06,0.603,7,3,162,1,2,0,0,0,0
31,144000.0,0.8,OWN,16800.0,home_improvement,36,4333.7,257534.32,0.269,5,1,142,0,0,0,0,0,1
30,48000.0,0.5,RENT,2400.0,credit_card,36,1209.65,30034.85,0.231,6,1,86,0,0,0,0,0,1
60,71000.0,17.4,RENT,18900.0,credit_card,36,821.34,48412.96,0.128,10,3,409,2,0,0,0,0,1
58,40300.0,16.9,RENT,3100.0,credit_card,36,1118.05,30062.82,0.191,7,0,321,0,0,0,1,0,1
26,80200.0,1.4,RENT,15900.0,home_improvement,60,933.9,32310.12,0.22,6,1,77,1,0,0,0,0,1
28,82800.0,4.4,MORTGAGE,19100.0,major_purchase,36,1678.13,28584.66,0.4,6,0,48,0,0,0,0,0,1
43,69400.0,5.9,OWN,10400.0,credit_card,36,771.32,28946.43,0.779,4,1,267,0,0,0,0,0,1
67,68700.0,12.6,RENT,30300.0,major_purchase,36,1773.54,28879.32,0.264,10,3,193,0,1,0,0,0,1
46,60100.0,6.1,RENT,11300.0,home_improvement,36,1081.79,52662.36,0.237,11,0,238,0,0,0,0,0,1
66,81400.0,2.1,RENT,8800.0,major_purchase,36,2552.52,104737.92,0.38,9,2,339,1,0,1,0,0,1
63,93000.0,8.0,MORTGAGE,6000.0,credit_card,36,2589.9,50588.21,0.44,8,0,508,0,0,0,0,0,1
32,34000.0,0.5,MORTGAGE,5900.0,credit_card,60,544.69,22689.73,0.224,5,1,145,0,0,0,0,0,1
46,56800.0,5.0,MORTGAGE,21500.0,debt_consolidation,36,1543.93,77124.69,0.361,8,3,295,0,0,0,1,0,0
33,54200.0,6.3,MORTGAGE,8000.0,small_business,36,1931.34,67332.5,0.507,6,0,139,0,0,0,1,0,1
60,95200.0,1.3,MORTGAGE,27600.0,debt_consolidation,60,2242.81,53534.61,0.507,6,0,348,0,0,0,0,0,0
38,128600.0,3.4,MORTGAGE,50000.0,debt_consolidation,36,1109.85,58911.65,0.444,10,0,192,0,0,0,0,1,1
45,83700.0,4.6,MORTGAGE,15700.0,credit_card,36,371.47,9239.44,0.81,17,2,208,0,0,0,0,0,1
53,71600.0,14.3,RENT,21200.0,credit_card,60,2228.39,88894.74,0.104,4,1,166,0,0,0,0,0,1
67,43400.0,6.7,RENT,12600.0,credit_card,36,997.38,29590.19,0.603,13,1,545,0,0,0,0,0,1
60,184200.0,19.7,RENT,50000.0,credit_card,60,2237.33,64250.81,0.268,8,0,206,0,0,0,0,0,1
63,39800.0,6.7,RENT,17200.0,credit_card,60,411.69,9567.49,0.085,5,3,429,0,1,0,1,0,1
32,33200.0,6.4,RENT,12100.0,small_business,36,437.38,19074.46,0.151,9,0,72,1,0,0,0,0,1
64,98300.0,20.6,RENT,5300.0,home_improvement,36,3037.28,164397.12,0.137,9,1,478,0,0,0,0,0,1
56,49900.0,11.5,RENT,3100.0,small_business,36,2012.83,31327.21,0.322,4,1,415,0,0,0,0,0,1
68,100800.0,11.5,MORTGAGE,6700.0,credit_card,36,3696.93,108298.42,0.266,7,2,238,0,0,0,0,0,1
24,145500.0,0.3,MORTGAGE,28500.0,debt_consolidation,60,1807.79,93866.09,0.691,4,0,39,0,0,0,0,0,1
25,57100.0,1.5,RENT,12900.0,credit_card,36,1100.61,50136.52,0.498,9,0,76,0,0,0,0,0,1
57,85000.0,19.9,MORTGAGE,31700.0,debt_consolidation,36,1694.84,35423.5,0.419,6,1,273,0,0,0,0,0,1
28,51800.0,0.8,MORTGAGE,15800.0,small_business,60,1189.42,39087.15,0.537,5,3,98,0,0,0,0,1,1
62,68900.0,23.0,RENT,31000.0,home_improvement,36,1868.03,103274.89,0.348,5,0,184,2,1,0,0,0,0
69,61700.0,28.6,OWN,22700.0,home_improvement,36,1760.6,75868.38,0.243,9,0,309,0,0,0,0,0,1
48,112200.0,4.0,RENT,44800.0,debt_consolidation,60,2035.9,105842.9,0.277,7,1,278,0,0,0,0,0,1
51,49000.0,9.8,MORTGAGE,6000.0,credit_card,36,766.7,29306.25,0.761,1,1,268,0,0,0,0,0,1
29,45700.0,6.6,OWN,14000.0,credit_card,60,542.28,14030.45,0.347,10,2,115,0,0,0,0,0,1
71,59400.0,9.4,MORTGAGE,6500.0,debt_consolidation,36,1748.53,33576.51,0.379,13,2,463,2,0,0,0,0,0
49,95300.0,14.3,MORTGAGE,30500.0,small_business,36,3876.01,183556.13,0.514,4,2,293,0,0,0,0,0,1
34,42600.0,1.9,OWN,15900.0,credit_card,36,267.04,4563.23,0.163,5,1,156,0,0,0,0,0,1
60,34500.0,11.1,RENT,5900.0,debt_consolidation,60,191.64,5596.06,0.644,8,1,227,0,0,0,0,0,1
61,126300.0,6.7,RENT,14800.0,debt_consolidation,60,1224.39,33658.5,0.209,8,5,185,1,0,0,0,0,1
42,19500.0,6.0,MORTGAGE,2800.0,debt_consolidation,36,458.29,10505.05,0.076,6,0,226,0,0,0,0,0,1
31,32300.0,5.4,OWN,12100.0,debt_consolidation,36,1031.68,41204.17,0.645,8,0,74,0,0,0,0,0,1
43,217800.0,7.0,MORTGAGE,50000.0,debt_consolidation,36,4242.18,252852.62,0.415,4,1,175,0,0,0,0,0,1
21,25200.0,0.3,OWN,6700.0,debt_consolidation,36,208.12,11355.9,0.457,5,2,24,0,0,0,0,0,0
66,52000.0,6.5,RENT,14600.0,home_improvement,36,909.05,22691.58,0.572,9,1,233,0,0,0,0,0,1
57,46300.0,25.0,MORTGAGE,11400.0,medical,36,972.21,18326.81,0.782,11,1,359,0,0,0,0,0,1
41,18700.0,15.0,OWN,7400.0,debt_consolidation,36,357.36,18408.41,0.179,5,1,172,0,0,0,0,0,1
46,38100.0,10.9,MORTGAGE,9600.0,debt_consolidation,60,900.33,41441.87,0.798,9,0,280,0,0,0,0,0,1
66,76600.0,36.6,OWN,22100.0,debt_consolidation,36,1136.72,49875.33,0.91,10,1,423,0,0,0,0,0,1
56,100200.0,17.3,RENT,44300.0,debt_consolidation,36,1419.98,55330.62,0.213,8,1,413,0,0,0,0,0,1
43,121400.0,0.4,OWN,28200.0,debt_consolidation,60,2258.52,108427.11,0.122,4,0,273,0,0,0,0,1,1
21,53900.0,0.1,OWN,6700.0,credit_card,36,1819.61,69516.94,0.123,7,0,27,0,0,0,0,0,1
71,23900.0,9.7,RENT,6600.0,debt_consolidation,36,42.99,1644.14,0.21,8,2,193,0,0,0,0,0,1
60,68100.0,17.9,MORTGAGE,22600.0,debt_consolidation,36,912.72,29612.14,0.472,5,0,168,0,0,0,0,0,1
35,140900.0,0.9,MORTGAGE,14100.0,credit_card,36,3783.91,195068.27,0.566,6,4,173,2,1,1,0,0,0
41,153200.0,7.2,RENT,17600.0,debt_consolidation,60,3102.69,67710.45,0.543,7,0,230,0,0,0,0,0,1
67,113600.0,25.0,RENT,6800.0,debt_consolidation,60,2215.25,121045.94,0.439,11,2,229,2,1,0,0,0,1
29,31300.0,1.9,RENT,10900.0,major_purchase,36,868.35,38374.55,0.225,8,3,69,1,0,0,0,0,1
29,59500.0,3.1,MORTGAGE,7800.0,credit_card,36,1483.21,62533.79,0.534,12,1,117,0,0,0,0,0,1
30,75100.0,4.1,MORTGAGE,30800.0,debt_consolidation,36,1945.43,109835.84,0.305,7,3,102,3,0,0,0,0,1
46,82100.0,10.9,OWN,21000.0,debt_consolidation,60,1864.34,82241.57,0.392,10,1,262,1,0,0,0,0,1
61,24900.0,9.7,RENT,10800.0,debt_consolidation,60,447.87,10971.82,0.537,11,1,254,0,0,0,0,0,1
55,205000.0,18.4,MORTGAGE,41700.0,major_purchase,36,3127.0,161664.22,0.591,7,0,272,0,0,0,0,0,1
45,136700.0,5.4,RENT,50000.0,medical,36,4582.61,262788.46,0.043,7,0,131,0,0,0,0,0,1
46,66100.0,8.7,MORTGAGE,29200.0,debt_consolidation,60,714.14,21421.08,0.293,8,3,117,0,0,0,0,0,1
31,71000.0,3.2,OWN,7200.0,debt_consolidation,60,1560.12,42152.04,0.806,9,3,138,0,0,0,0,0,1
58,50300.0,9.6,RENT,5000.0,major_purchase,36,511.35,23090.08,0.518,12,1,416,0,0,0,0,0,1
22,130600.0,0.7,RENT,28700.0,debt_consolidation,36,4066.37,232292.3,0.283,8,2,15,0,0,0,0,0,1
27,35000.0,4.3,MORTGAGE,7500.0,debt_consolidation,36,757.39,21389.77,0.55,9,0,79,0,0,0,0,0,1
38,70400.0,0.8,RENT,21800.0,debt_consolidation,60,2125.64,64941.2,0.59,15,1,124,0,0,0,0,0,1
47,41700.0,7.4,RENT,4000.0,credit_card,36,1234.2,22427.89,0.744,6,2,146,4,0,0,0,0,0
54,65500.0,3.0,RENT,23100.0,debt_consolidation,36,976.24,47191.4,0.096,9,3,267,0,0,0,0,0,1
47,125900.0,1.3,RENT,17600.0,debt_consolidation,36,3146.21,163278.48,0.73,4,0,311,0,0,0,0,0,1
37,46500.0,2.7,MORTGAGE,5100.0,home_improvement,60,890.41,22682.21,0.522,6,1,109,1,1,0,0,0,1
63,73100.0,28.7,OWN,26900.0,credit_card,36,1137.51,62379.07,0.557,8,0,223,0,0,0,0,0,1
64,61700.0,16.4,MORTGAGE,5100.0,auto,36,1398.61,51728.94,0.219,8,1,441,3,0,0,0,0,1
71,44200.0,11.5,RENT,14800.0,debt_consolidation,60,818.43,22002.9,0.319,11,2,542,0,0,0,0,0,1
44,47100.0,4.3,RENT,4400.0,small_business,60,1307.73,54354.44,0.608,13,1,141,0,0,0,0,0,1
45,47400.0,10.6,OWN,16400.0,debt_consolidation,60,686.68,28086.68,0.366,14,3,215,0,0,0,0,0,1
27,24500.0,2.1,OWN,9000.0,debt_consolidation,36,332.6,9975.03,0.081,11,0,71,1,0,0,0,0,1
26,60700.0,1.4,RENT,17200.0,debt_consolidation,36,232.05,10323.89,0.459,8,2,38,0,0,0,0,0,1
44,69100.0,1.8,OWN,13200.0,credit_card,36,1001.41,50819.53,0.057,8,0,146,0,0,0,0,0,1
53,28700.0,4.5,OWN,4100.0,small_business,36,700.9,33078.99,0.681,5,2,310,0,0,0,0,0,1
69,51600.0,31.5,RENT,19300.0,debt_consolidation,36,705.65,22457.16,0.158,4,0,424,0,0,0,0,0,1
49,58400.0,10.4,MORTGAGE,5400.0,small_business,36,482.23,24965.74,0.472,9,1,256,0,0,0,0,0,1
63,103200.0,5.9,MORTGAGE,45400.0,home_improvement,36,1617.59,72656.98,0.371,15,2,490,0,0,0,0,0,1
42,170900.0,8.8,RENT,50000.0,debt_consolidation,36,2486.09,69062.38,0.572,11,2,249,0,0,0,0,0,0
46,82200.0,13.6,RENT,26800.0,debt_consolidation,36,955.18,51523.4,0.141,10,1,152,0,0,0,0,0,1
48,31000.0,5.1,RENT,13800.0,debt_consolidation,36,541.37,8788.42,0.057,7,2,183,0,0,0,0,0,1
70,39800.0,12.8,OWN,13000.0,home_improvement,36,1321.35,58211.92,0.908,7,2,253,1,0,0,0,0,1
41,68900.0,5.9,MORTGAGE,6300.0,credit_card,36,1029.0,40072.53,0.344,8,0,133,0,0,0,0,0,1
69,51600.0,6.0,RENT,9200.0,debt_consolidation,36,946.14,43005.7,0.06,10,1,550,0,0,0,0,0,1
27,64700.0,2.5,MORTGAGE,18400.0,debt_consolidation,36,1682.06,64991.44,0.626,8,0,93,0,0,0,0,0,1
37,104400.0,2.3,RENT,29200.0,debt_consolidation,36,2173.55,126589.2,0.513,8,1,152,0,0,0,0,0,1
40,60200.0,1.0,MORTGAGE,3300.0,home_improvement,60,1464.08,44327.27,0.599,12,0,97,0,3,0,0,1,0
61,254200.0,5.3,MORTGAGE,39100.0,debt_consolidation,36,5717.7,157300.02,0.113,9,1,275,0,0,0,0,0,1
69,27800.0,16.9,MORTGAGE,9600.0,small_business,36,290.6,7979.36,0.357,6,1,193,0,0,0,0,1,1
40,89000.0,2.7,RENT,27900.0,debt_consolidation,36,2585.37,96174.87,0.179,12,1,88,0,0,0,0,1,0
42,26400.0,5.8,RENT,10800.0,credit_card,36,249.86,11215.08,0.423,6,1,94,0,0,0,0,0,1
48,41400.0,8.3,MORTGAGE,18000.0,debt_consolidation,36,449.49,8369.29,0.075,8,2,208,0,0,0,0,0,1
60,105100.0,3.1,MORTGAGE,41800.0,debt_consolidation,36,3959.68,222186.01,0.933,7,1,409,0,0,0,0,0,1
69,21300.0,40.9,MORTGAGE,5800.0,debt_consolidation,60,414.62,11142.02,0.392,12,0,247,0,0,0,0,0,1
27,77900.0,1.6,MORTGAGE,20800.0,credit_card,36,676.58,10537.26,0.225,7,0,42,0,0,0,0,0,1
21,33400.0,0.5,MORTGAGE,6600.0,debt_consolidation,36,163.48,9261.55,0.01,10,1,13,0,0,0,0,0,1
52,63700.0,8.6,MORTGAGE,26100.0,credit_card,36,919.47,23662.5,0.046,5,2,279,0,0,0,0,0,1
33,46800.0,6.7,OWN,17900.0,debt_consolidation,36,1699.89,76170.05,0.438,5,1,139,0,0,0,0,0,1
50,66700.0,14.9,RENT,24100.0,debt_consolidation,36,1958.79,32498.27,0.285,7,0,226,0,0,0,0,0,1
43,82300.0,7.4,OWN,29700.0,medical,36,1092.1,46690.81,0.293,6,0,280,0,0,0,0,0,1
71,118500.0,2.9,RENT,46200.0,debt_consolidation,36,1611.8,43720.38,0.69,12,3,550,1,1,0,0,0,1
39,71400.0,12.7,MORTGAGE,29800.0,auto,60,895.2,21466.08,0.116,8,3,163,0,0,0,0,0,1
52,92800.0,4.2,MORTGAGE,35100.0,credit_card,36,2358.5,42071.16,0.459,15,1,208,2,0,0,0,0,0
50,63800.0,2.4,RENT,24000.0,small_business,36,1957.92,108032.18,0.31,2,1,315,0,0,0,0,0,1
49,31600.0,14.2,OWN,9900.0,debt_consolidation,60,778.38,44205.66,0.697,7,1,293,0,0,0,0,0,1
69,35400.0,16.9,RENT,8300.0,debt_consolidation,36,793.32,41425.48,0.406,11,1,534,0,0,0,0,0,1
65,150300.0,12.9,MORTGAGE,40600.0,debt_consolidation,36,3158.42,89168.07,0.316,10,2,510,0,0,0,0,0,1
49,33800.0,5.2,MORTGAGE,8900.0,credit_card,60,312.07,4682.55,0.781,8,0,161,0,0,0,0,0,1
50,73500.0,17.5,RENT,27900.0,medical,60,2507.16,64801.38,0.516,8,1,123,0,0,0,0,0,1
36,72800.0,1.6,OWN,11400.0,debt_consolidation,36,1260.64,52246.5,0.461,10,0,129,0,0,0,0,0,1
60,70600.0,12.8,MORTGAGE,13800.0,home_improvement,36,1797.74,53659.37,0.668,8,1,353,0,0,0,0,0,0
39,116100.0,1.5,OWN,31700.0,credit_card,36,3708.82,77827.83,0.544,7,2,147,1,0,0,0,0,1
38,46400.0,8.7,MORTGAGE,20600.0,credit_card,36,772.56,18538.52,0.418,11,2,111,0,0,0,0,0,1
21,58900.0,0.8,MORTGAGE,14500.0,debt_consolidation,36,1342.92,68804.35,0.529,11,1,19,0,0,0,0,0,1
34,54900.0,5.8,RENT,5500.0,debt_consolidation,36,733.72,21361.48,0.245,7,1,163,0,0,0,0,0,1
71,19000.0,7.0,MORTGAGE,6100.0,debt_consolidation,60,625.91,13177.02,0.209,10,1,288,0,0,0,0,0,1
67,43500.0,23.6,RENT,12900.0,debt_consolidation,60,385.43,16129.6,0.61,9,0,297,0,0,0,0,0,1
70,118900.0,10.2,MORTGAGE,46200.0,debt_consolidation,36,1381.95,56232.76,0.355,6,3,267,0,0,0,0,0,1
22,201400.0,0.3,RENT,50000.0,debt_consolidation,36,3291.79,108776.65,0.089,4,1,16,0,1,0,0,0,1
48,111600.0,7.3,RENT,17100.0,debt_consolidation,60,2106.18,79713.43,0.161,12,1,281,1,0,0,0,0,1
69,81900.0,2.6,RENT,5600.0,credit_card,36,1593.13,42417.46,0.623,8,0,430,0,0,0,0,0,0
70,31100.0,33.8,OWN,11300.0,medical,36,722.17,33439.71,0.525,6,2,328,0,0,0,0,0,1
50,73300.0,8.8,MORTGAGE,22800.0,medical,36,1619.58,40444.77,0.11,2,0,170,0,0,0,0,0,1
58,69900.0,12.9,MORTGAGE,7400.0,debt_consolidation,36,2203.69,90924.32,0.407,5,3,441,3,1,0,0,0,1
71,239800.0,33.8,MORTGAGE,50000.0,debt_consolidation,36,1507.28,55137.26,0.277,8,2,490,0,0,0,0,0,1
24,25300.0,2.6,MORTGAGE,10600.0,auto,36,247.97,5265.82,0.106,7,1,31,0,0,0,0,0,1
21,33300.0,0.2,RENT,11300.0,credit_card,36,1183.63,38989.56,0.088,9,0,23,0,0,0,0,0,1
28,128900.0,2.6,MORTGAGE,9200.0,auto,36,1094.54,41841.59,0.697,12,2,53,0,0,0,0,0,1
49,154700.0,4.2,OWN,20900.0,credit_card,36,2409.47,39653.69,0.621,10,0,182,0,1,0,0,0,1
59,79400.0,21.9,RENT,14300.0,major_purchase,60,2875.72,146777.26,0.194,10,0,411,0,0,0,0,0,1
23,54100.0,2.0,MORTGAGE,3900.0,debt_consolidation,36,1213.01,57709.99,0.423,6,2,32,0,0,0,0,0,1
52,90700.0,1.4,MORTGAGE,34600.0,credit_card,36,1592.38,42231.45,0.687,4,3,355,0,0,0,0,0,1
30,219200.0,6.9,RENT,17700.0,credit_card,36,4183.78,109151.3,0.361,7,4,128,0,0,0,0,0,0
30,46300.0,1.1,OWN,6100.0,debt_consolidation,36,879.67,25672.8,0.187,9,1,104,0,0,0,0,0,1
39,85500.0,4.3,RENT,15200.0,home_improvement,36,1717.55,87659.52,0.255,8,1,100,0,0,0,0,0,1
66,59200.0,3.5,RENT,10800.0,debt_consolidation,60,1762.31,97872.4,0.613,8,0,357,0,0,0,0,0,1
54,81100.0,13.4,OWN,12700.0,debt_consolidation,60,1331.5,30361.45,0.394,7,3,258,0,0,0,0,0,1
53,101500.0,3.7,MORTGAGE,44800.0,major_purchase,60,2823.49,43158.08,0.708,5,1,283,0,0,0,0,0,1
43,47900.0,5.3,RENT,20800.0,credit_card,36,1375.57,66618.09,0.166,4,1,194,0,0,0,0,0,0
48,113500.0,6.9,RENT,33800.0,debt_consolidation,60,3260.49,113102.46,0.25,8,1,219,0,0,0,0,0,1
52,50500.0,1.0,OWN,5100.0,debt_consolidation,60,1098.22,48812.6,0.674,10,0,239,0,0,0,0,0,1
70,90700.0,20.4,RENT,30200.0,debt_consolidation,36,1404.12,76276.8,0.173,4,0,540,0,0,0,0,0,1
27,22700.0,0.1,MORTGAGE,10000.0,debt_consolidation,60,399.41,22693.5,0.501,8,0,69,0,0,0,0,0,1
49,100700.0,6.2,RENT,45200.0,debt_consolidation,36,1056.53,35149.1,0.633,4,1,335,0,0,0,0,0,1
28,40600.0,3.8,OWN,12000.0,home_improvement,60,805.69,21008.35,0.531,6,2,52,0,0,0,0,0,1
21,50300.0,0.5,MORTGAGE,6300.0,credit_card,60,1365.85,69645.02,0.408,11,5,28,0,0,0,0,0,1
23,19100.0,0.7,MORTGAGE,7300.0,debt_consolidation,36,262.41,8393.83,0.428,7,0,23,0,0,0,0,0,1
44,58500.0,2.5,MORTGAGE,17500.0,debt_consolidation,60,1745.36,33882.62,0.306,6,0,284,0,0,0,0,0,1
43,137400.0,8.2,OWN,31700.0,debt_consolidation,60,4125.83,196633.3,0.202,3,3,282,0,0,0,0,0,0
28,28000.0,3.4,OWN,3100.0,debt_consolidation,36,450.79,21811.93,0.329,9,0,44,0,0,0,0,0,1
67,73600.0,20.7,MORTGAGE,10700.0,credit_card,36,1259.89,30389.94,0.071,6,1,357,0,1,1,0,0,1
57,21500.0,10.6,MORTGAGE,6100.0,major_purchase,36,263.5,4255.21,0.216,10,2,387,0,0,0,0,0,1
23,60900.0,1.7,RENT,9400.0,major_purchase,36,1122.02,22873.59,0.265,9,1,38,0,0,0,0,0,1
71,106100.0,11.8,RENT,25600.0,debt_consolidation,60,3072.61,89521.29,0.203,7,2,550,0,0,0,0,0,1
53,62300.0,7.7,MORTGAGE,20900.0,debt_consolidation,36,368.04,11497.36,0.406,10,2,370,0,0,0,0,0,1
48,101700.0,6.5,MORTGAGE,45300.0,credit_card,36,746.27,40973.38,0.331,8,3,297,2,0,0,0,0,1
67,50200.0,18.0,OWN,3400.0,credit_card,36,1462.97,55698.81,0.298,9,2,267,3,0,0,0,0,1
28,274100.0,2.2,RENT,50000.0,debt_consolidation,36,3419.59,186976.62,0.71,12,0,95,0,0,0,0,0,1
54,121200.0,22.8,MORTGAGE,12300.0,credit_card,36,1212.72,28425.97,0.124,9,0,307,0,0,0,0,0,1
55,74300.0,21.6,MORTGAGE,31800.0,credit_card,36,874.44,43664.99,0.127,8,0,205,1,0,0,0,1,1
52,169700.0,10.4,MORTGAGE,50000.0,credit_card,36,349.11,6675.75,0.511,5,0,185,0,0,0,0,0,1
44,142500.0,1.0,RENT,29800.0,debt_consolidation,60,1809.77,93882.23,0.415,9,0,275,0,0,0,0,0,1
34,49200.0,9.2,MORTGAGE,12500.0,medical,36,1974.37,62788.86,0.185,8,1,86,0,0,1,0,1,0
52,87200.0,14.7,RENT,28000.0,credit_card,36,2398.77,108307.55,0.641,7,0,320,0,0,0,0,0,1
66,56200.0,3.0,MORTGAGE,15400.0,small_business,36,758.45,43544.97,0.673,3,1,314,0,0,0,0,0,1
63,109700.0,21.5,MORTGAGE,48500.0,medical,36,1701.8,86941.96,0.489,6,2,175,0,0,0,0,0,1
36,157100.0,0.8,MORTGAGE,50000.0,small_business,36,4623.63,112875.28,0.372,9,0,112,0,0,0,0,0,1
24,29300.0,0.2,MORTGAGE,2100.0,medical,36,1229.33,57802.78,0.482,11,2,34,0,0,0,0,0,1
57,70700.0,9.2,OWN,24100.0,home_improvement,36,1808.42,56073.06,0.143,9,2,310,0,0,0,0,0,1
41,147900.0,19.3,RENT,50000.0,debt_consolidation,60,1719.15,76554.05,0.135,12,1,259,0,0,0,0,0,1
34,100500.0,1.9,MORTGAGE,36800.0,debt_consolidation,36,2113.19,39980.78,0.179,5,0,140,0,0,0,0,0,1
51,83700.0,20.2,RENT,34900.0,debt_consolidation,36,1926.11,29611.61,0.382,10,1,267,0,0,0,0,0,1
68,119500.0,27.1,MORTGAGE,34300.0,debt_consolidation,60,1018.03,57958.89,0.5,12,3,525,0,0,0,0,0,1
38,31700.0,2.4,MORTGAGE,4800.0,debt_consolidation,60,526.3,30267.21,0.71,7,3,134,2,0,0,0,0,0
27,90400.0,2.7,MORTGAGE,28800.0,small_business,36,2515.35,54424.0,0.535,8,2,62,0,0,0,0,0,1
30,130400.0,6.7,MORTGAGE,23400.0,debt_consolidation,60,1363.08,78086.62,0.556,9,0,89,0,0,0,0,0,1
27,90500.0,3.1,MORTGAGE,16900.0,home_improvement,36,2384.19,96716.66,0.417,6,0,68,1,2,0,1,0,1
53,33800.0,2.5,RENT,10000.0,major_purchase,60,178.07,7236.43,0.522,11,0,168,0,0,0,0,0,1
43,53800.0,0.9,OWN,8900.0,debt_consolidation,60,1095.25,52598.04,0.365,12,2,184,1,0,0,0,0,1
41,66600.0,11.4,MORTGAGE,21800.0,debt_consolidation,36,1392.09,68628.77,0.112,15,1,86,1,0,0,0,0,1
39,42200.0,3.3,MORTGAGE,16500.0,major_purchase,36,644.06,16554.18,0.343,7,0,209,0,0,0,0,0,1
68,40300.0,14.9,MORTGAGE,17900.0,debt_consolidation,60,788.5,40426.99,0.177,14,1,550,0,0,0,0,1,1
39,86700.0,3.7,OWN,10200.0,debt_consolidation,36,1029.98,53332.05,0.202,7,0,201,0,0,0,0,0,1
56,163700.0,8.1,RENT,38000.0,debt_consolidation,36,1604.95,37477.36,0.251,9,2,296,0,0,0,0,0,1
49,23500.0,6.5,RENT,8100.0,debt_consolidation,36,370.66,16094.72,0.155,10,3,326,0,0,0,0,0,1
38,50700.0,2.6,RENT,14200.0,small_business,36,345.51,16747.23,0.375,11,1,225,0,0,0,0,0,1
22,44500.0,0.9,MORTGAGE,3400.0,credit_card,60,1642.5,67961.73,0.37,8,1,31,0,0,0,0,0,0
21,151100.0,0.5,RENT,28600.0,debt_consolidation,60,1036.0,29814.83,0.245,9,2,12,0,0,0,0,0,1
67,98500.0,7.1,MORTGAGE,36200.0,credit_card,36,826.07,22898.91,0.118,6,0,182,0,0,0,0,0,1
25,142200.0,0.8,RENT,35100.0,debt_consolidation,36,5269.55,309935.19,0.365,11,2,48,0,0,0,0,0,1
40,107700.0,11.7,MORTGAGE,35300.0,debt_consolidation,36,2311.33,121796.68,0.219,14,0,124,1,0,0,0,0,1
31,126700.0,1.5,MORTGAGE,38800.0,credit_card,36,1863.16,49950.78,0.713,10,1,137,0,0,0,0,0,0
62,77500.0,17.3,RENT,33100.0,credit_card,60,402.6,20751.65,0.566,9,3,274,0,0,0,0,0,1
22,86000.0,1.3,RENT,33800.0,debt_consolidation,36,2380.36,68178.53,0.371,6,0,30,0,0,0,0,0,1
23,88300.0,0.3,MORTGAGE,16600.0,home_improvement,36,1086.52,62596.67,0.349,5,2,37,0,0,0,0,0,1
43,67400.0,4.0,MORTGAGE,16800.0,small_business,36,1572.19,80620.28,0.581,9,3,210,0,0,0,0,0,1
32,66400.0,2.2,MORTGAGE,16000.0,major_purchase,36,2240.87,115446.73,0.136,6,1,85,0,0,0,0,0,1
40,85900.0,4.8,RENT,13900.0,credit_card,36,999.26,17128.19,0.239,5,1,201,0,0,0,0,0,1
25,84700.0,1.7,OWN,25300.0,debt_consolidation,36,1833.58,32929.75,0.383,8,1,57,0,0,0,0,0,1
57,74300.0,6.8,MORTGAGE,11500.0,home_improvement,36,2446.01,126210.05,0.627,13,0,418,0,0,0,0,0,1
58,73100.0,15.6,RENT,8300.0,debt_consolidation,36,1910.07,67400.85,0.71,2,0,325,0,0,0,0,0,1
50,97900.0,13.6,MORTGAGE,9200.0,debt_consolidation,60,1676.04,95748.48,0.581,7,2,236,0,0,0,0,0,1
29,61700.0,2.8,MORTGAGE,10200.0,small_business,60,443.36,20417.59,0.353,5,3,55,0,0,0,0,0,1
54,33800.0,5.2,RENT,8100.0,major_purchase,60,1361.36,40970.4,0.482,8,0,324,0,0,0,0,0,0
64,74100.0,25.0,OWN,7100.0,debt_consolidation,36,1689.92,45466.5,0.623,9,4,442,0,0,0,0,0,1
55,40400.0,8.8,MORTGAGE,12900.0,debt_consolidation,60,1348.51,76845.45,0.582,12,1,147,0,0,0,0,0,1
42,117200.0,1.4,RENT,46700.0,credit_card,60,2422.32,53953.25,0.667,9,2,103,0,0,0,0,0,1
64,47900.0,5.8,OWN,10600.0,medical,36,1024.19,40926.86,0.579,11,3,488,0,0,0,0,0,1
44,50300.0,5.6,RENT,20100.0,credit_card,36,1349.36,40298.29,0.278,13,0,285,2,0,0,0,0,1
37,83100.0,3.8,MORTGAGE,9200.0,small_business,60,1044.91,58067.84,0.717,10,1,135,0,0,0,0,0,1
30,65700.0,1.4,MORTGAGE,5300.0,medical,36,1313.55,78253.43,0.326,5,2,50,0,0,0,0,0,1
50,126800.0,7.3,MORTGAGE,47600.0,credit_card,60,3611.75,144099.16,0.25,4,2,310,0,0,1,0,0,1
66,59000.0,5.3,MORTGAGE,26000.0,home_improvement,36,1685.51,29995.5,0.776,7,1,178,0,0,0,0,0,1
43,56300.0,7.1,RENT,10500.0,credit_card,36,378.78,22226.44,1.009,6,0,262,0,1,0,0,0,1
52,43500.0,7.4,MORTGAGE,13600.0,home_improvement,36,1261.17,43476.2,0.227,9,2,253,0,0,0,0,0,1
37,34500.0,5.6,MORTGAGE,10800.0,credit_card,36,349.92,12219.12,0.271,14,1,103,0,0,0,0,1,0
70,49500.0,14.9,MORTGAGE,16000.0,credit_card,36,688.32,23035.75,0.705,6,2,410,0,0,0,0,0,1
71,83000.0,23.5,MORTGAGE,23100.0,credit_card,36,2343.63,67391.88,0.211,12,1,383,0,0,0,0,0,1
37,134000.0,5.6,MORTGAGE,20400.0,credit_card,36,2442.18,47536.26,0.373,7,1,205,0,0,0,0,0,1
34,105700.0,5.5,MORTGAGE,8700.0,credit_card,36,2515.83,131667.63,0.35,7,3,135,0,0,0,0,0,1
29,48400.0,3.5,MORTGAGE,2700.0,debt_consolidation,60,828.8,21945.71,0.33,6,1,97,0,0,0,0,0,1
60,72300.0,14.5,RENT,8800.0,home_improvement,36,1673.65,60089.19,0.047,7,0,455,0,0,0,0,0,1
22,67200.0,0.8,RENT,6600.0,debt_consolidation,36,449.4,11158.09,0.656,8,1,25,0,0,0,0,0,1
65,125200.0,11.9,MORTGAGE,8200.0,debt_consolidation,36,491.76,7710.63,0.233,4,0,203,0,0,0,0,0,1
45,136400.0,18.1,RENT,11800.0,small_business,36,3123.87,120420.18,0.489,6,1,184,0,0,0,0,0,1
59,22700.0,13.6,RENT,1600.0,debt_consolidation,36,426.86,10008.98,0.167,9,2,419,0,0,0,0,0,1
29,142400.0,0.5,RENT,38300.0,credit_card,60,1748.65,53202.72,0.722,7,2,102,0,0,0,0,0,0
42,27900.0,2.9,RENT,2000.0,home_improvement,36,224.95,5664.16,0.732,6,2,111,0,0,0,0,0,1
63,76900.0,15.7,RENT,34500.0,credit_card,36,1553.78,64836.44,0.285,15,2,451,0,0,0,0,0,1
66,21000.0,12.5,RENT,5300.0,debt_consolidation,36,285.27,15010.91,0.374,7,2,497,0,0,0,0,0,1
24,115700.0,1.2,RENT,47500.0,debt_consolidation,36,3820.45,68379.16,0.641,11,2,38,2,0,0,0,0,1
46,54900.0,1.1,RENT,13500.0,debt_consolidation,60,374.06,7776.58,0.442,6,0,301,0,0,0,0,0,1
49,96000.0,11.4,RENT,10000.0,debt_consolidation,60,2992.98,114510.14,0.716,4,3,311,0,0,0,0,0,1
65,56500.0,2.9,RENT,21800.0,debt_consolidation,60,256.64,6645.99,0.385,7,2,403,0,0,0,0,0,1
54,112900.0,21.5,MORTGAGE,16400.0,credit_card,60,4214.71,225267.68,0.735,3,2,179,0,0,0,0,0,1
43,26500.0,4.2,RENT,1800.0,debt_consolidation,36,281.84,12583.88,0.198,13,0,181,0,0,0,0,0,1
57,92500.0,13.6,MORTGAGE,11700.0,auto,36,1780.29,88463.4,0.2,10,3,389,0,0,0,0,0,1
31,83200.0,1.5,RENT,24100.0,home_improvement,36,366.49,19199.9,0.334,9,2,120,0,0,0,0,0,1
26,81300.0,0.1,RENT,18200.0,credit_card,60,2732.27,43620.67,0.487,7,3,54,0,0,0,0,0,1
38,87800.0,2.2,MORTGAGE,10100.0,home_improvement,36,1889.7,105957.18,0.118,3,0,215,0,0,0,0,0,1
41,123500.0,5.2,MORTGAGE,32500.0,debt_consolidation,60,1617.33,90716.84,0.512,12,1,242,0,0,0,0,0,1
62,113900.0,1.8,RENT,49100.0,credit_card,36,1054.27,16480.71,0.226,10,1,317,0,0,0,0,0,1
56,30400.0,27.4,RENT,10400.0,major_purchase,36,236.21,3916.28,0.059,4,2,281,1,1,0,0,0,1
61,70500.0,12.2,RENT,5500.0,home_improvement,36,1053.49,23544.5,0.548,6,2,450,0,0,0,0,0,1
58,80500.0,6.5,MORTGAGE,14300.0,credit_card,36,688.07,40374.47,0.59,6,1,375,0,0,0,0,0,1
54,63800.0,18.3,RENT,20900.0,medical,36,1302.34,51901.5,0.205,8,1,296,0,0,0,0,0,1
37,72000.0,4.2,RENT,7600.0,credit_card,36,2167.74,75480.45,0.502,9,0,122,0,0,0,0,0,1
57,86100.0,16.4,MORTGAGE,22900.0,debt_consolidation,36,829.7,46005.63,0.781,7,2,246,0,0,0,0,0,1
45,100300.0,2.6,RENT,26900.0,debt_consolidation,60,1226.16,59510.74,0.8,9,0,292,0,0,0,1,0,1
58,90600.0,20.5,RENT,7700.0,debt_consolidation,36,2167.48,37286.25,0.219,8,4,242,0,0,0,0,0,1
32,106400.0,1.6,RENT,31100.0,medical,60,1752.63,99785.57,0.387,8,1,99,0,0,0,0,0,1
43,195500.0,6.5,RENT,50000.0,debt_consolidation,60,5383.54,290619.05,0.402,8,2,216,0,0,0,0,0,1
62,59000.0,12.3,RENT,18300.0,debt_consolidation,36,1810.59,61198.66,0.673,7,1,489,1,0,0,1,0,0
42,61500.0,12.9,OWN,25600.0,small_business,60,1177.71,21598.53,0.4,5,1,129,0,0,0,0,0,1
41,97400.0,7.3,MORTGAGE,28800.0,debt_consolidation,36,1878.51,93159.49,0.394,6,0,99,1,1,0,0,0,1
47,66000.0,12.8,RENT,23100.0,debt_consolidation,60,1405.89,25662.6,0.362,10,2,141,0,0,0,0,0,1
51,54900.0,4.8,MORTGAGE,22300.0,small_business,36,1901.43,59370.97,0.205,5,1,361,0,0,0,0,1,1
26,51500.0,3.1,MORTGAGE,12100.0,credit_card,36,447.37,7594.2,0.495,7,3,51,0,0,0,0,0,0
47,93500.0,12.1,MORTGAGE,10600.0,credit_card,60,2805.85,113680.84,0.125,2,3,193,0,0,0,0,0,1
60,84900.0,4.1,MORTGAGE,8300.0,debt_consolidation,36,2087.58,66390.62,0.274,12,0,172,0,0,0,0,0,1
54,184600.0,12.5,MORTGAGE,50000.0,home_improvement,36,2341.54,125101.66,0.289,8,1,237,0,0,0,0,0,1
32,37700.0,1.7,RENT,10100.0,major_purchase,36,1404.71,57128.73,0.123,6,2,147,0,0,0,0,0,1
65,38200.0,14.8,RENT,12300.0,home_improvement,36,704.97,31655.73,0.522,14,1,169,0,0,0,0,0,1
27,68600.0,4.9,OWN,20200.0,credit_card,36,1605.14,36381.76,0.308,9,3,45,0,0,0,0,0,1
30,43000.0,3.7,RENT,11900.0,debt_consolidation,36,1116.79,57747.29,0.593,10,1,92,0,0,0,0,0,1
65,24800.0,16.7,OWN,6800.0,small_business,36,534.72,30130.44,0.397,6,0,386,0,2,0,0,1,0
37,52500.0,4.5,MORTGAGE,12600.0,credit_card,60,1884.55,91607.62,0.625,4,1,155,0,0,0,0,0,1
46,217500.0,8.5,RENT,50000.0,major_purchase,36,3176.18,58080.51,0.633,10,2,301,0,0,0,0,0,1
41,259800.0,1.4,RENT,25600.0,debt_consolidation,36,3135.04,161147.03,0.334,9,0,152,0,0,0,0,0,1
48,89200.0,4.6,RENT,30000.0,credit_card,36,2578.16,123289.89,0.47,9,2,131,0,0,0,0,0,1
66,35900.0,16.1,MORTGAGE,11600.0,medical,36,733.75,17284.16,0.451,9,1,338,0,0,0,1,0,1
22,43100.0,0.2,MORTGAGE,3200.0,debt_consolidation,36,762.46,17924.13,0.423,9,1,26,0,0,0,0,0,1
63,69600.0,16.9,MORTGAGE,9500.0,medical,60,1100.28,60010.64,0.301,5,2,495,0,0,0,0,0,1
21,50100.0,0.3,MORTGAGE,18300.0,debt_consolidation,36,316.69,6587.32,0.213,7,1,26,0,0,0,0,0,1
71,72400.0,3.7,RENT,10400.0,debt_consolidation,36,1164.63,18581.58,0.35,10,0,366,1,0,0,0,0,1
56,67800.0,19.9,MORTGAGE,19100.0,small_business,36,1056.24,28213.55,0.468,8,0,185,0,0,0,0,0,1
71,33700.0,3.0,OWN,2800.0,debt_consolidation,36,665.56,23662.74,0.442,12,3,274,0,1,0,0,0,1
46,64400.0,4.4,OWN,9000.0,home_improvement,36,1050.0,39589.44,0.238,9,4,280,0,0,0,0,0,0
49,85400.0,3.5,MORTGAGE,34700.0,debt_consolidation,36,1607.62,71480.73,0.712,8,1,251,0,0,0,0,0,1
41,53900.0,3.5,RENT,10500.0,credit_card,36,1322.33,72711.96,0.074,11,3,106,0,0,0,0,0,1
31,111400.0,2.2,RENT,41500.0,home_improvement,36,4253.28,224272.27,0.769,6,1,73,0,0,0,0,0,0
60,68200.0,20.7,RENT,16500.0,debt_consolidation,36,1000.4,53535.44,0.275,8,0,371,0,0,0,0,0,1
31,61600.0,4.9,MORTGAGE,11000.0,debt_consolidation,36,1578.58,29216.76,0.507,5,2,98,0,0,0,0,0,1
56,68500.0,20.2,MORTGAGE,18900.0,medical,36,1796.84,29325.54,0.534,7,0,250,0,0,0,0,0,1
69,49100.0,6.5,MORTGAGE,12900.0,small_business,60,714.77,25743.48,0.643,9,3,499,0,0,0,0,0,1
59,82700.0,8.9,MORTGAGE,36700.0,major_purchase,60,522.06,14023.54,0.204,8,0,302,0,0,0,0,0,1
60,41300.0,0.8,RENT,7800.0,debt_consolidation,60,1709.72,88277.18,0.482,5,1,456,1,0,0,0,1,0
55,246200.0,1.1,OWN,50000.0,home_improvement,36,1547.37,83973.46,0.704,12,1,406,0,0,0,0,0,0
54,202000.0,10.9,RENT,50000.0,auto,60,5370.74,193374.34,0.795,13,2,371,0,0,0,0,0,1
67,63400.0,31.2,RENT,19100.0,debt_consolidation,36,567.63,25051.27,0.153,13,2,447,0,0,0,0,1,1
44,90500.0,2.7,MORTGAGE,21900.0,small_business,36,2449.79,62363.56,0.389,5,3,139,0,0,0,0,0,1
42,92200.0,15.5,OWN,33500.0,debt_consolidation,36,2795.88,114695.25,0.456,9,2,141,0,0,0,0,0,1
25,91800.0,0.3,MORTGAGE,32800.0,credit_card,60,1216.69,55625.9,0.548,8,1,61,0,0,0,0,0,1
53,96400.0,6.8,MORTGAGE,41800.0,debt_consolidation,60,2719.81,85692.51,0.261,9,2,216,0,0,0,0,0,1
56,100300.0,6.0,MORTGAGE,44200.0,credit_card,36,1623.91,69941.09,0.339,7,0,319,0,0,0,0,0,1
67,96900.0,10.1,MORTGAGE,13200.0,debt_consolidation,36,817.52,13555.75,0.268,10,1,489,0,0,0,0,0,1
40,43000.0,8.0,MORTGAGE,13400.0,debt_consolidation,36,612.53,30872.07,0.735,6,0,231,3,1,0,0,0,1
39,84500.0,3.2,RENT,33200.0,debt_consolidation,36,1676.83,67028.06,0.33,6,0,84,0,0,0,0,0,1
55,43900.0,15.8,RENT,19100.0,credit_card,36,781.75,13484.81,0.309,9,1,322,0,0,0,0,0,1
63,88200.0,4.4,MORTGAGE,9400.0,debt_consolidation,36,1771.17,62909.32,0.704,5,1,460,1,0,0,0,0,1
37,110700.0,1.3,MORTGAGE,47600.0,debt_consolidation,60,1574.95,66329.36,0.077,4,1,74,0,0,0,0,0,1
65,81300.0,15.0,RENT,11400.0,medical,36,834.72,15457.39,0.24,4,1,340,0,0,0,0,0,1
63,99900.0,1.4,RENT,27900.0,debt_consolidation,36,1487.72,88287.93,0.391,12,2,353,0,0,0,0,0,1
54,74700.0,21.1,OWN,23300.0,small_business,36,811.94,39317.75,0.575,6,0,216,0,0,0,0,0,1
29,183000.0,3.8,MORTGAGE,50000.0,debt_consolidation,60,3908.6,104173.72,0.087,12,0,82,0,0,0,0,0,1
46,82900.0,7.7,OWN,30800.0,debt_consolidation,36,163.91,8354.12,0.512,7,0,110,0,0,0,0,0,1
22,39900.0,0.4,MORTGAGE,16900.0,debt_consolidation,36,1303.95,64361.19,0.384,5,1,19,1,2,0,0,0,1
29,50600.0,2.7,MORTGAGE,18500.0,major_purchase,36,1136.11,28806.9,0.284,12,1,119,2,2,0,0,0,1
29,84000.0,2.6,RENT,15600.0,small_business,36,3019.98,152555.98,0.119,6,0,65,2,0,0,0,0,0
60,136200.0,25.4,RENT,16600.0,debt_consolidation,36,1889.82,35309.41,0.329,10,0,177,0,0,0,0,0,1
37,82500.0,3.7,RENT,9300.0,debt_consolidation,36,2110.21,96011.75,0.487,6,0,169,1,0,0,0,0,1
21,74900.0,0.1,MORTGAGE,6400.0,home_improvement,60,273.56,11754.16,0.28,8,1,33,0,0,0,0,0,1
45,35800.0,3.7,RENT,15100.0,debt_consolidation,60,457.44,26508.89,0.604,6,1,178,0,0,0,0,0,1
63,187800.0,13.2,MORTGAGE,45900.0,major_purchase,36,5245.31,229363.48,0.026,8,1,509,0,0,0,0,0,1
60,31900.0,10.0,MORTGAGE,13900.0,home_improvement,36,266.36,8178.27,0.24,11,1,306,0,0,0,0,0,1
62,28300.0,5.9,RENT,10200.0,major_purchase,36,425.74,16512.22,0.238,5,5,225,0,0,0,0,0,1
45,51100.0,2.4,MORTGAGE,22100.0,debt_consolidation,60,1340.15,79355.93,0.418,7,2,195,0,0,0,0,0,1
59,91700.0,11.2,RENT,36400.0,debt_consolidation,36,1548.16,32948.91,0.784,8,1,215,0,0,0,0,0,1
55,53100.0,5.0,RENT,15000.0,medical,36,619.78,27975.54,0.357,9,2,194,0,0,0,0,0,1
23,47100.0,0.6,RENT,6600.0,debt_consolidation,36,1110.66,53803.41,0.439,8,1,46,3,0,0,0,0,1
70,42100.0,18.9,RENT,6400.0,debt_consolidation,36,1277.11,64951.67,0.76,8,0,550,0,0,0,0,0,1
57,174900.0,6.0,MORTGAGE,34700.0,home_improvement,60,5600.02,303373.21,0.1,4,2,250,0,0,0,1,0,0
64,79600.0,17.7,MORTGAGE,4800.0,debt_consolidation,36,2540.75,113687.82,0.453,6,0,389,0,0,0,1,0,1
64,108300.0,21.5,MORTGAGE,34300.0,major_purchase,36,1487.65,56480.04,0.62,14,1,223,0,0,0,0,0,1
71,205100.0,19.4,MORTGAGE,50000.0,medical,60,5161.07,181605.67,0.772,7,2,309,0,0,0,0,0,1
50,201600.0,2.2,MORTGAGE,18200.0,debt_consolidation,60,5052.64,143342.27,0.207,13,0,214,0,0,0,0,0,1
58,40400.0,10.2,MORTGAGE,15400.0,debt_consolidation,36,168.97,9508.93,0.418,7,1,398,0,0,0,0,0,1
54,75900.0,10.0,MORTGAGE,28800.0,debt_consolidation,36,1126.92,28092.93,0.147,9,1,309,0,0,0,0,0,1
32,102000.0,3.6,MORTGAGE,9900.0,debt_consolidation,36,1879.75,100058.29,0.51,10,0,56,0,1,0,0,0,1
39,70200.0,1.5,MORTGAGE,9200.0,debt_consolidation,36,1887.19,71677.81,0.299,12,1,106,0,0,0,0,0,1
57,45600.0,17.5,MORTGAGE,6800.0,debt_consolidation,60,438.89,8974.85,0.41,2,1,207,0,0,0,0,0,1
64,18000.0,26.6,RENT,4700.0,debt_consolidation,36,178.15,8327.75,0.577,9,1,264,0,0,0,0,0,1
69,138700.0,4.1,MORTGAGE,50000.0,credit_card,36,3975.79,165515.38,0.434,7,0,227,0,0,0,0,0,1
37,182900.0,2.2,MORTGAGE,50000.0,home_improvement,36,5699.58,110141.91,0.36,6,1,93,1,0,1,0,0,0
30,99200.0,2.1,MORTGAGE,32000.0,auto,60,1560.47,24460.83,0.655,7,0,119,0,0,0,0,0,0
69,65300.0,4.3,RENT,10900.0,debt_consolidation,60,1041.19,21325.86,0.52,5,2,256,0,0,0,0,0,1
67,48800.0,1.2,RENT,14600.0,home_improvement,36,668.78,29902.71,0.287,10,0,199,0,0,0,0,0,1
32,71100.0,6.4,MORTGAGE,9600.0,credit_card,36,664.81,24117.93,0.137,8,2,118,1,1,0,0,0,1
36,138000.0,1.3,RENT,46100.0,credit_card,60,1465.72,27636.58,0.327,7,0,193,0,0,0,0,0,1
44,89600.0,16.7,RENT,12900.0,home_improvement,36,1575.56,68785.04,0.134,13,1,249,0,0,0,0,0,1
39,20000.0,1.1,RENT,1100.0,debt_consolidation,36,393.69,13426.63,0.557,3,3,117,3,0,0,0,0,0
28,159800.0,3.8,RENT,41500.0,debt_consolidation,36,5356.49,236605.74,0.169,8,2,108,0,0,0,0,0,1
51,96100.0,0.5,RENT,16300.0,debt_consolidation,36,1725.78,86518.04,0.357,10,1,287,0,0,0,0,0,1
41,36700.0,4.5,MORTGAGE,11100.0,debt_consolidation,36,522.0,8391.04,0.256,9,1,211,0,0,0,0,0,1
37,91600.0,5.4,RENT,31900.0,credit_card,36,1936.36,33883.15,0.769,11,0,210,0,0,0,0,0,1
43,74200.0,3.4,MORTGAGE,27900.0,debt_consolidation,60,1401.21,68230.32,0.415,8,0,125,0,0,0,0,0,1
57,74000.0,3.8,MORTGAGE,32800.0,debt_consolidation,36,725.09,12586.88,0.55,4,1,279,1,0,0,0,0,1
36,38000.0,1.2,MORTGAGE,10300.0,debt_consolidation,36,1276.37,51291.92,0.013,11,1,91,0,0,0,0,0,1
26,57300.0,1.0,RENT,13900.0,debt_consolidation,60,1374.02,70079.47,0.354,10,0,46,0,0,0,0,0,1
28,27300.0,5.1,RENT,4000.0,debt_consolidation,36,261.79,4631.28,0.423,8,3,54,0,0,0,0,0,0
45,129900.0,17.6,OWN,45300.0,credit_card,60,1191.26,54453.84,0.261,7,5,229,1,0,2,0,0,0
38,41300.0,2.1,MORTGAGE,10000.0,debt_consolidation,60,1428.52,28604.47,0.295,11,0,160,0,0,0,0,0,1
45,122700.0,4.7,MORTGAGE,22200.0,auto,36,1152.18,53879.67,0.537,6,2,126,0,0,0,0,0,1
32,92800.0,2.6,RENT,20700.0,debt_consolidation,60,2522.69,127835.88,0.377,7,0,57,0,0,0,0,0,1
35,53200.0,5.6,RENT,10500.0,debt_consolidation,36,1967.03,39126.34,0.47,10,1,77,0,0,0,0,0,1
46,43800.0,13.8,RENT,19300.0,debt_consolidation,36,773.37,42282.62,0.437,5,0,136,0,1,0,0,0,0
61,74200.0,32.7,RENT,10400.0,credit_card,36,545.39,26418.19,0.146,10,0,196,0,0,0,0,0,1
65,120200.0,9.2,RENT,25900.0,credit_card,36,1385.74,41956.2,0.37,6,2,178,0,0,0,0,0,1
46,103500.0,11.3,RENT,17900.0,major_purchase,36,1788.83,29049.66,0.338,5,2,186,0,0,0,0,0,1
67,90300.0,15.1,RENT,10700.0,debt_consolidation,36,3020.05,64304.01,0.283,9,0,224,0,0,0,0,1,1
52,60500.0,10.3,MORTGAGE,10300.0,debt_consolidation,36,1555.14,50701.53,0.545,7,2,152,0,0,0,0,0,1
30,103700.0,1.4,MORTGAGE,25500.0,major_purchase,60,4527.34,174173.16,0.285,15,0,119,0,0,0,0,0,1
36,28300.0,3.9,RENT,8600.0,small_business,36,1031.68,50579.05,0.347,6,0,87,0,1,0,0,0,1
27,75800.0,3.4,OWN,22500.0,debt_consolidation,60,1861.42,84087.35,0.451,9,1,64,2,0,1,0,0,1
37,66500.0,6.8,MORTGAGE,23900.0,major_purchase,60,1415.79,81414.7,0.254,5,0,119,0,0,0,0,0,1
43,33800.0,9.4,RENT,2700.0,home_improvement,36,428.48,18195.86,0.777,6,1,228,0,0,0,0,0,1
46,54600.0,10.9,RENT,9600.0,debt_consolidation,60,1734.05,62547.05,0.648,6,2,153,2,0,1,0,0,0
41,167800.0,5.0,RENT,32100.0,debt_consolidation,36,3013.85,116209.66,0.353,10,4,180,0,0,0,0,0,1
42,90600.0,12.2,MORTGAGE,29600.0,credit_card,60,1248.68,29276.16,0.098,9,1,233,0,0,0,0,0,1
27,110900.0,0.9,RENT,14700.0,home_improvement,36,3622.62,168775.83,0.431,8,1,46,0,0,0,0,0,0
34,51800.0,3.8,RENT,7000.0,debt_consolidation,60,238.44,7967.93,0.407,7,2,134,0,0,0,0,0,1
35,26300.0,3.4,MORTGAGE,2300.0,debt_consolidation,60,827.49,43681.79,0.353,11,1,121,2,0,0,0,0,1
27,151100.0,1.8,MORTGAGE,39800.0,debt_consolidation,36,5506.96,145628.24,0.261,15,2,89,1,0,0,0,0,0
29,44200.0,2.4,RENT,15100.0,small_business,36,939.3,37708.28,0.201,8,0,52,0,0,0,0,0,1
71,55200.0,5.8,MORTGAGE,18200.0,debt_consolidation,36,155.91,4131.48,0.1,9,3,211,0,0,0,0,0,0
68,31500.0,12.2,RENT,10900.0,credit_card,36,1001.28,44865.05,0.4,4,3,301,0,0,0,1,0,0
28,142300.0,2.7,MORTGAGE,16800.0,home_improvement,60,2020.94,105094.08,0.758,8,1,100,0,0,0,0,0,1
70,79400.0,5.2,RENT,22600.0,home_improvement,60,451.19,15164.85,0.594,6,0,362,0,0,0,0,0,0
43,61500.0,5.4,MORTGAGE,5400.0,credit_card,60,1757.22,52851.95,0.174,12,2,126,0,0,0,0,0,1
49,92700.0,16.8,MORTGAGE,40500.0,credit_card,60,880.79,48940.09,0.512,6,2,310,0,0,0,0,1,1
38,54000.0,6.3,RENT,5000.0,credit_card,36,716.76,25766.7,0.155,6,3,158,0,0,0,0,0,1
51,47400.0,4.9,RENT,19000.0,debt_consolidation,60,1008.96,24722.45,0.215,11,0,122,0,0,0,0,0,1
50,34600.0,3.9,RENT,2300.0,debt_consolidation,36,807.16,18950.83,0.5,10,0,124,0,1,0,1,0,1
59,32200.0,13.8,RENT,8500.0,credit_card,36,980.32,23316.75,0.182,8,1,197,0,0,0,0,1,1
55,119300.0,30.0,RENT,46700.0,debt_consolidation,36,2228.35,64222.32,0.688,7,1,244,0,0,0,0,0,1
38,132900.0,2.5,RENT,40400.0,credit_card,36,1881.63,39144.55,0.076,10,1,91,0,0,0,0,0,1
62,26000.0,8.0,RENT,6400.0,home_improvement,36,62.43,2883.05,0.152,8,2,389,0,0,0,0,0,1
59,64300.0,9.3,RENT,6500.0,debt_consolidation,36,1492.46,54319.71,0.719,9,0,281,0,0,0,0,0,1
37,70100.0,4.5,OWN,22000.0,credit_card,36,1345.05,61898.96,0.103,3,2,178,0,0,0,0,1,1
34,46300.0,3.3,MORTGAGE,13500.0,small_business,36,961.08,28072.57,0.431,7,2,76,0,0,0,0,0,1
51,42300.0,2.9,RENT,9900.0,credit_card,60,845.73,28587.34,0.314,4,2,319,0,0,0,0,0,1
44,70000.0,4.4,MORTGAGE,10100.0,debt_consolidation,36,512.64,20248.13,0.353,6,2,122,0,0,0,0,0,1
55,45100.0,20.8,OWN,6200.0,credit_card,36,582.76,20389.49,0.532,7,1,372,0,0,0,0,0,1
64,67300.0,12.6,MORTGAGE,29500.0,debt_consolidation,36,1029.92,19255.7,0.406,7,0,225,0,0,0,0,0,1
65,36500.0,2.3,MORTGAGE,15900.0,debt_consolidation,36,327.18,8155.36,0.134,5,1,327,0,0,0,0,0,1
54,48000.0,12.7,MORTGAGE,20400.0,credit_card,36,1335.29,51665.92,0.278,7,2,263,0,0,0,0,0,1
23,56800.0,0.1,OWN,14600.0,debt_consolidation,36,369.57,20903.07,0.606,6,1,19,0,0,0,0,0,1
57,55100.0,13.4,RENT,24500.0,home_improvement,36,1387.3,38877.48,0.194,8,1,368,0,0,0,1,0,0
63,124300.0,11.0,RENT,21000.0,credit_card,36,4234.45,156601.59,0.054,11,1,386,0,0,0,0,0,1
60,48800.0,23.8,RENT,10800.0,debt_consolidation,60,809.16,19954.45,0.118,13,0,237,0,0,0,0,0,1
46,111100.0,2.1,MORTGAGE,13300.0,debt_consolidation,36,3314.02,110958.58,0.749,5,2,147,0,1,0,0,0,0
43,18000.0,16.4,MORTGAGE,4200.0,debt_consolidation,36,159.29,3171.9,0.589,9,0,119,0,0,0,0,0,1
64,66200.0,14.9,RENT,8200.0,debt_consolidation,60,1275.11,37687.68,0.447,8,1,391,0,0,0,0,0,1
59,20900.0,12.6,RENT,1600.0,small_business,36,602.98,12641.43,0.192,6,1,327,0,0,0,0,0,1
35,130400.0,8.6,MORTGAGE,7000.0,debt_consolidation,36,2457.65,52298.88,0.542,4,1,97,0,0,0,0,0,1
69,201500.0,29.8,RENT,40600.0,credit_card,36,6161.24,121376.47,0.022,6,0,369,1,0,0,0,0,1
24,64900.0,0.9,MORTGAGE,26500.0,major_purchase,36,1272.44,61030.48,0.242,17,1,35,0,0,0,0,0,1
49,170600.0,13.0,MORTGAGE,38400.0,credit_card,36,3478.53,121830.28,0.25,8,1,158,2,0,0,0,0,1
42,42700.0,6.2,MORTGAGE,13200.0,debt_consolidation,36,1507.21,33317.95,0.971,5,1,232,1,0,0,0,0,1
45,113600.0,2.5,RENT,42800.0,small_business,60,1948.16,111911.15,0.386,11,0,109,1,2,0,0,1,0
33,105400.0,5.4,MORTGAGE,28600.0,debt_consolidation,60,744.15,29231.73,0.567,7,0,117,0,0,0,0,0,1
38,60800.0,4.7,RENT,16700.0,credit_card,60,2462.72,96789.51,0.513,10,1,208,0,0,0,0,0,1
53,65800.0,5.5,MORTGAGE,17100.0,major_purchase,60,1921.55,74744.23,0.061,9,1,139,1,0,1,1,0,0
36,79400.0,2.8,MORTGAGE,7900.0,credit_card,36,1408.01,45555.67,0.094,9,2,198,0,0,0,0,0,1
65,74100.0,20.5,MORTGAGE,22500.0,debt_consolidation,36,673.33,14432.45,0.457,2,2,266,2,0,0,0,0,1
62,80000.0,13.4,MORTGAGE,27100.0,home_improvement,60,1172.79,38995.04,0.385,9,1,483,0,0,0,0,0,1
64,214600.0,10.5,RENT,10800.0,debt_consolidation,60,4156.61,150689.79,0.533,9,2,229,0,0,0,0,0,0
22,199300.0,0.5,MORTGAGE,16600.0,major_purchase,36,4490.21,227325.21,0.073,6,1,28,0,0,0,0,0,1
55,105500.0,2.8,RENT,28100.0,major_purchase,36,1379.8,66087.24,0.633,3,1,193,0,0,0,0,0,1
62,206400.0,22.8,MORTGAGE,50000.0,credit_card,36,2585.12,121362.5,0.298,7,2,270,2,1,0,0,0,1
54,36200.0,10.3,RENT,9500.0,debt_consolidation,36,571.22,16470.28,0.23,4,0,211,0,0,0,0,0,1
50,104100.0,11.8,OWN,23300.0,credit_card,36,1815.12,99842.44,0.205,4,0,188,0,0,0,0,0,1
33,106300.0,4.9,OWN,45100.0,debt_consolidation,36,2474.96,107988.32,0.423,7,0,115,0,0,0,0,1,1
33,52800.0,9.1,MORTGAGE,4300.0,debt_consolidation,36,1372.89,22665.55,0.407,4,1,142,0,0,0,0,0,1
38,216700.0,5.9,MORTGAGE,22800.0,debt_consolidation,60,4221.0,183112.69,0.078,15,1,95,0,0,0,0,0,1
52,161100.0,5.6,RENT,50000.0,debt_consolidation,36,1438.77,65820.38,0.052,7,1,234,1,0,0,0,0,1
52,88900.0,11.0,MORTGAGE,8300.0,credit_card,36,2529.28,136092.03,0.356,12,1,325,0,0,0,0,0,1
55,44800.0,1.0,MORTGAGE,4700.0,home_improvement,60,1552.78,83939.52,0.203,9,0,133,0,0,0,0,0,1
59,28400.0,9.7,MORTGAGE,11300.0,auto,60,259.25,7819.47,0.229,9,0,204,0,0,0,0,0,1
66,37500.0,20.9,MORTGAGE,5000.0,debt_consolidation,60,217.49,3616.66,0.79,5,2,268,0,0,0,0,0,1
49,163000.0,4.7,MORTGAGE,48700.0,debt_consolidation,36,4885.59,163938.06,0.724,2,1,253,0,0,0,0,0,1
69,56900.0,32.4,RENT,11900.0,debt_consolidation,60,1503.92,64987.76,0.127,6,0,426,0,0,0,0,0,1
49,124800.0,3.1,MORTGAGE,13100.0,medical,60,2382.21,81596.56,0.49,10,1,290,0,0,0,0,0,1
64,80900.0,19.9,MORTGAGE,16500.0,debt_consolidation,60,1275.18,38843.88,0.573,9,2,456,0,0,0,0,0,1
36,21700.0,3.6,RENT,4700.0,medical,36,480.04,16787.92,0.652,6,1,132,0,0,0,0,0,1
64,57300.0,33.9,MORTGAGE,17300.0,major_purchase,36,1291.89,54227.37,0.183,8,4,377,0,0,0,0,0,1
67,39100.0,15.5,MORTGAGE,4400.0,debt_consolidation,36,1161.56,57283.5,0.405,5,1,345,0,0,0,0,1,1
30,104600.0,1.3,MORTGAGE,6800.0,debt_consolidation,60,863.85,13505.96,0.343,9,0,66,0,0,0,0,0,1
50,107800.0,17.3,MORTGAGE,31500.0,debt_consolidation,36,1642.73,70778.2,0.055,11,2,129,0,0,0,0,0,1
45,59800.0,10.5,MORTGAGE,4600.0,debt_consolidation,60,1154.14,23852.18,0.73,11,1,252,0,0,0,0,0,1
59,154400.0,21.2,OWN,17200.0,debt_consolidation,36,3931.25,209345.05,0.335,9,1,342,0,0,0,0,0,1
40,120000.0,10.2,OWN,50000.0,credit_card,60,2449.77,97908.15,0.36,4,1,103,0,0,0,0,0,1
25,52300.0,1.0,RENT,3100.0,home_improvement,36,1220.63,40161.33,0.171,4,2,73,0,0,0,0,0,1
21,89300.0,0.2,MORTGAGE,27400.0,debt_consolidation,36,1918.87,98266.23,0.422,9,0,17,0,0,0,0,0,0
50,42800.0,8.2,MORTGAGE,4500.0,debt_consolidation,36,499.91,23960.59,0.333,12,2,199,0,0,0,0,0,1
69,55000.0,3.8,MORTGAGE,20800.0,credit_card,36,1708.14,96026.93,0.468,8,2,536,0,0,0,0,0,1
23,92500.0,1.6,MORTGAGE,26200.0,debt_consolidation,36,716.14,34099.69,0.682,6,0,26,0,0,0,0,0,1
65,68300.0,34.5,MORTGAGE,16300.0,credit_card,36,312.06,7101.38,0.335,5,0,275,0,1,0,0,0,1
34,30400.0,6.8,RENT,7100.0,debt_consolidation,60,839.41,45504.89,0.268,11,1,76,0,0,0,0,0,1
50,83200.0,11.0,RENT,26500.0,debt_consolidation,36,1071.81,20632.04,0.202,10,1,309,0,1,0,0,0,1
70,55500.0,20.1,RENT,21400.0,small_business,60,1076.29,55020.66,0.313,8,1,423,0,0,0,0,0,1
24,42700.0,1.5,MORTGAGE,2300.0,home_improvement,60,1121.87,64292.73,0.295,5,0,59,2,0,0,0,0,1
38,36200.0,6.9,RENT,2100.0,debt_consolidation,36,274.81,15877.64,0.051,17,0,141,0,0,0,0,0,1
57,59500.0,4.0,OWN,9500.0,debt_consolidation,36,1068.0,48583.3,0.365,11,1,230,0,1,0,0,0,1
45,76100.0,6.0,RENT,26300.0,debt_consolidation,36,1241.14,69196.69,0.681,5,1,164,0,0,0,0,0,1
68,58300.0,12.4,RENT,7400.0,debt_consolidation,36,1191.61,69584.13,0.352,5,1,476,0,0,0,0,0,0
21,78300.0,0.0,OWN,16700.0,credit_card,36,2415.45,120434.53,0.377,9,1,25,0,0,0,1,0,1
66,57300.0,18.5,MORTGAGE,14500.0,debt_consolidation,36,438.22,13731.34,0.266,8,1,290,0,0,0,0,0,1
35,91600.0,0.8,RENT,18200.0,debt_consolidation,60,1573.89,45034.26,0.11,8,0,102,0,0,0,0,0,1
29,61000.0,4.2,MORTGAGE,14400.0,debt_consolidation,36,2135.66,55899.99,0.291,8,1,52,0,0,0,0,0,1
35,26900.0,3.7,MORTGAGE,9900.0,home_improvement,36,288.03,10350.81,0.425,11,0,168,0,0,0,0,0,1
69,34200.0,34.5,MORTGAGE,4800.0,debt_consolidation,60,1206.82,54382.52,0.483,9,0,447,0,0,0,0,0,1
44,49600.0,15.8,OWN,9000.0,major_purchase,36,470.7,7979.87,0.207,9,1,206,1,0,0,0,0,1
24,132300.0,1.2,RENT,34500.0,debt_consolidation,60,875.44,40391.04,0.114,2,0,54,0,0,0,0,0,1
32,39100.0,1.4,RENT,15500.0,debt_consolidation,60,766.46,22761.48,0.588,10,2,100,0,0,0,0,0,0
57,82100.0,9.1,MORTGAGE,10800.0,small_business,36,1497.07,46010.83,0.403,14,0,342,1,0,0,0,0,1
57,82800.0,8.0,RENT,21500.0,credit_card,36,2545.28,64201.87,0.733,3,0,423,0,1,0,0,0,1
63,33900.0,22.1,OWN,13600.0,debt_consolidation,36,784.6,16466.34,0.337,2,2,189,0,0,0,0,0,1
26,57000.0,2.5,RENT,5400.0,credit_card,36,870.16,39774.78,0.368,9,2,30,0,0,0,0,0,1
59,72000.0,29.7,RENT,24400.0,debt_consolidation,36,891.49,19170.04,0.447,17,0,216,0,0,0,0,0,1
66,56700.0,15.3,MORTGAGE,7900.0,home_improvement,60,1645.05,70949.41,0.656,11,0,540,0,0,0,0,0,1
44,90400.0,0.3,MORTGAGE,10800.0,debt_consolidation,60,1756.49,95431.2,0.427,6,0,140,0,0,0,0,0,1
31,88500.0,8.0,RENT,12800.0,major_purchase,36,1887.09,99877.43,0.051,11,1,56,0,0,0,0,0,1
33,74300.0,7.3,RENT,18700.0,credit_card,36,2305.84,72093.4,0.565,12,5,118,0,0,0,0,0,1
54,109600.0,16.6,OWN,31900.0,home_improvement,60,2482.59,119371.07,0.257,5,0,301,0,0,0,0,0,1
45,66000.0,12.7,OWN,8400.0,home_improvement,36,1448.12,60336.88,0.179,4,3,211,1,0,0,0,0,1
27,70400.0,1.9,RENT,6700.0,debt_consolidation,36,581.15,13899.01,0.32,5,2,65,0,0,0,0,1,1
24,77300.0,2.0,MORTGAGE,17900.0,major_purchase,60,749.75,20235.65,0.639,9,2,28,0,0,0,0,0,0
28,36200.0,1.6,MORTGAGE,2600.0,debt_consolidation,60,1317.08,48839.73,0.441,16,0,90,0,0,0,0,0,0
40,91000.0,5.1,MORTGAGE,24200.0,debt_consolidation,36,3891.28,220446.67,0.435,17,3,197,0,0,0,0,0,0
49,47200.0,13.2,MORTGAGE,15300.0,credit_card,36,1154.26,49981.39,0.281,5,0,228,0,0,0,0,0,1
71,58900.0,13.5,MORTGAGE,25200.0,auto,60,746.19,28402.64,0.475,13,1,408,0,0,0,0,0,1
65,89400.0,14.4,OWN,9600.0,debt_consolidation,36,1603.44,70667.06,0.062,7,2,227,0,0,0,0,0,1
66,84600.0,9.8,MORTGAGE,18900.0,medical,60,1815.4,39600.11,0.296,9,1,258,0,0,0,0,0,1
30,30300.0,5.6,RENT,4600.0,debt_consolidation,36,225.56,4646.14,0.214,9,1,51,0,0,0,1,0,1
63,30400.0,15.5,MORTGAGE,4200.0,small_business,36,709.63,41642.2,0.259,7,0,487,0,0,0,0,0,1
54,38300.0,19.6,MORTGAGE,9900.0,credit_card,36,791.83,41709.34,0.356,2,1,173,0,0,0,0,0,1
46,73900.0,2.7,MORTGAGE,7900.0,debt_consolidation,36,2540.56,100902.92,0.389,14,0,261,0,0,0,0,0,1
61,135800.0,7.6,OWN,7600.0,major_purchase,36,1034.14,37240.5,0.16,13,1,370,1,0,0,0,0,1
69,50800.0,17.9,OWN,5800.0,debt_consolidation,36,750.25,22787.37,0.418,7,2,550,0,0,0,0,0,1
23,39400.0,1.6,RENT,7300.0,home_improvement,36,1427.07,55704.62,0.351,14,1,40,1,1,0,0,0,1
26,39500.0,1.6,MORTGAGE,2100.0,small_business,36,300.4,17447.68,1.04,10,3,84,2,0,0,0,0,0
25,84200.0,3.5,MORTGAGE,33100.0,small_business,36,2471.71,44377.06,0.51,8,3,43,0,0,0,0,0,1
25,119500.0,0.6,RENT,33900.0,credit_card,36,3991.5,165192.41,0.614,6,0,38,1,0,0,0,0,1
67,115800.0,15.9,MORTGAGE,7000.0,debt_consolidation,60,1791.97,103521.47,0.176,9,0,524,0,0,0,0,0,1
43,45700.0,14.6,RENT,6500.0,credit_card,36,522.56,25969.89,0.493,5,2,257,0,0,0,0,0,1
69,28700.0,34.9,MORTGAGE,9100.0,credit_card,36,342.71,17272.21,0.575,12,3,379,0,0,0,0,0,1
29,69300.0,2.4,OWN,4300.0,major_purchase,36,1547.83,68029.51,0.212,9,2,107,1,0,0,0,0,1
55,149500.0,2.3,RENT,30000.0,debt_consolidation,36,2034.62,115607.01,0.359,12,4,304,0,0,0,0,0,1
40,83900.0,6.0,MORTGAGE,7400.0,credit_card,36,1911.47,108873.45,0.292,6,1,191,0,0,0,0,0,1
69,31400.0,4.3,MORTGAGE,6500.0,debt_consolidation,36,1050.84,40232.91,0.319,9,0,259,0,0,0,0,0,1
62,63800.0,12.7,MORTGAGE,27900.0,debt_consolidation,36,1939.74,94227.09,0.194,11,0,162,0,0,0,0,0,1
55,38000.0,12.0,MORTGAGE,8800.0,debt_consolidation,60,492.61,29292.08,0.435,7,2,234,1,0,0,0,0,1
70,79300.0,8.6,RENT,23400.0,debt_consolidation,36,2237.13,78725.58,0.566,5,3,356,0,0,0,0,0,1
38,64600.0,7.8,RENT,13800.0,home_improvement,36,613.1,19070.82,0.195,10,1,168,0,0,0,0,0,1
37,57000.0,7.6,RENT,10000.0,credit_card,36,1467.17,29268.58,0.488,8,2,130,0,0,0,0,1,0
44,46800.0,9.7,OWN,13800.0,credit_card,60,838.48,37757.15,0.219,6,4,241,0,0,0,1,0,1
23,83600.0,1.3,MORTGAGE,24900.0,major_purchase,36,2682.25,57172.08,0.609,9,0,19,0,0,0,0,0,1
52,127600.0,9.3,OWN,37800.0,debt_consolidation,36,2143.53,85489.33,0.382,9,2,329,0,0,0,1,0,1
55,161100.0,9.8,MORTGAGE,9800.0,debt_consolidation,36,1687.03,29886.2,0.151,10,1,263,0,0,0,0,0,1
58,83100.0,9.5,MORTGAGE,27300.0,debt_consolidation,36,2504.85,149707.1,0.334,5,2,375,0,0,0,0,0,1
33,133100.0,4.3,MORTGAGE,42600.0,credit_card,36,948.31,42486.76,0.2,9,1,88,0,0,0,0,0,0
67,37900.0,6.1,MORTGAGE,3000.0,credit_card,60,1197.73,20938.07,0.241,13,1,343,0,0,0,0,0,1
45,55000.0,11.6,RENT,6900.0,credit_card,60,785.99,37150.62,0.666,15,0,244,1,1,0,0,0,1
29,39100.0,3.3,RENT,10100.0,credit_card,36,417.26,17694.41,0.267,10,4,78,0,0,0,0,0,1
24,50600.0,0.8,RENT,9800.0,credit_card,36,599.28,27759.52,0.233,5,1,40,1,1,0,0,0,1
34,37600.0,2.0,MORTGAGE,10500.0,small_business,36,437.41,22548.08,0.568,6,0,153,0,0,0,0,0,1
57,162100.0,2.2,MORTGAGE,50000.0,debt_consolidation,36,1431.48,66929.27,0.312,7,1,297,0,0,0,0,0,1
54,53900.0,9.3,RENT,14500.0,major_purchase,36,732.79,16595.2,0.378,9,1,311,0,0,0,0,0,1
31,61200.0,2.7,RENT,14300.0,debt_consolidation,60,1988.41,53732.5,0.662,6,0,57,0,0,0,0,0,1
61,28300.0,26.4,MORTGAGE,4400.0,debt_consolidation,36,608.05,14231.38,0.28,9,0,445,0,0,0,0,0,1
23,21900.0,1.1,MORTGAGE,6500.0,credit_card,60,404.43,18976.68,0.398,9,0,55,0,0,0,0,0,1
48,168500.0,18.3,MORTGAGE,50000.0,debt_consolidation,60,829.83,27451.89,0.591,8,0,272,2,1,0,0,1,0
49,58000.0,14.6,OWN,9000.0,credit_card,36,943.8,16842.51,0.124,15,1,169,0,0,0,0,0,1
29,233700.0,2.3,MORTGAGE,50000.0,home_improvement,60,6479.31,239100.91,0.216,11,3,59,0,0,0,0,0,1
23,60900.0,1.3,RENT,13200.0,debt_consolidation,36,566.01,19917.2,0.43,16,2,57,0,0,0,0,0,1
45,33400.0,8.2,RENT,3200.0,debt_consolidation,36,627.81,25310.86,0.359,5,0,170,0,0,0,0,0,0
54,67000.0,7.1,RENT,27800.0,debt_consolidation,60,1773.14,99489.69,0.339,5,0,385,0,0,0,0,0,1
32,68900.0,2.4,RENT,22200.0,major_purchase,36,2069.32,106325.74,0.293,5,2,153,0,0,0,0,0,1
62,71600.0,9.3,MORTGAGE,27700.0,credit_card,36,782.59,38466.82,0.51,9,0,323,0,0,0,0,0,1
29,63700.0,2.9,RENT,19900.0,credit_card,36,337.16,8186.01,0.414,7,0,95,1,0,0,0,0,1
35,28800.0,4.9,MORTGAGE,2900.0,debt_consolidation,60,624.75,34875.13,0.444,4,0,167,0,0,0,0,0,1
60,28400.0,3.2,MORTGAGE,7600.0,credit_card,60,918.89,28965.6,0.304,5,0,329,0,0,0,0,0,1
45,125500.0,13.2,RENT,38100.0,credit_card,36,2503.06,87291.0,0.269,10,1,300,1,1,1,0,0,1
25,195200.0,2.0,RENT,30200.0,debt_consolidation,60,3983.71,65741.74,0.121,13,1,52,0,0,0,0,0,1
31,56500.0,1.9,MORTGAGE,17100.0,debt_consolidation,60,576.33,25538.86,0.461,6,0,113,0,0,0,0,0,1
54,24200.0,10.3,MORTGAGE,6700.0,debt_consolidation,36,283.46,16281.25,0.575,5,0,181,0,0,0,0,0,1
44,128300.0,2.4,RENT,7500.0,debt_consolidation,36,3583.86,95510.59,0.395,11,1,118,0,0,0,0,0,1
35,41500.0,3.6,MORTGAGE,16700.0,debt_consolidation,36,1200.71,29924.37,0.214,8,1,181,0,0,0,0,1,0
58,80100.0,1.4,MORTGAGE,21100.0,home_improvement,36,440.94,10459.83,0.302,10,1,163,0,0,0,0,0,1
28,49600.0,0.9,MORTGAGE,14100.0,credit_card,36,869.5,25059.96,0.279,7,2,37,0,0,0,0,0,1
25,50400.0,1.2,MORTGAGE,5600.0,debt_consolidation,60,1558.01,75559.77,0.281,10,0,42,0,0,0,0,0,1
68,41200.0,20.1,MORTGAGE,15300.0,credit_card,36,1581.86,83703.57,0.175,6,1,208,0,0,0,0,0,1
46,142700.0,8.6,RENT,37500.0,small_business,60,1687.0,80889.0,0.655,7,1,112,1,0,1,0,0,0
38,84800.0,0.7,RENT,7200.0,small_business,36,2132.24,61622.98,0.64,7,1,90,0,0,0,0,0,1
26,79400.0,3.5,MORTGAGE,26200.0,credit_card,36,1101.44,48931.94,0.762,11,0,56,0,1,0,0,0,0
57,67600.0,7.7,MORTGAGE,16600.0,debt_consolidation,36,1599.36,67447.73,0.526,5,3,395,0,0,0,0,0,1
68,81800.0,19.1,RENT,15000.0,debt_consolidation,36,2009.16,74428.58,0.365,5,2,213,0,0,0,0,0,1
33,34500.0,1.9,MORTGAGE,14400.0,debt_consolidation,36,800.39,30695.49,0.784,12,2,166,0,0,0,0,1,0
48,88200.0,10.4,RENT,33400.0,home_improvement,36,1254.15,48457.16,0.681,11,0,291,2,0,0,0,0,1
25,128700.0,3.2,MORTGAGE,8600.0,debt_consolidation,36,754.86,17503.19,0.14,9,1,77,0,0,0,0,0,1
33,74700.0,4.2,MORTGAGE,24600.0,credit_card,36,689.24,39116.42,0.381,7,1,104,0,0,0,0,0,1
37,106600.0,2.8,RENT,12700.0,small_business,60,3881.39,175100.72,0.622,7,1,131,0,0,0,0,0,1
70,52900.0,7.4,MORTGAGE,3000.0,major_purchase,36,282.27,15620.51,0.191,10,2,513,0,0,0,0,0,1
60,82900.0,10.4,MORTGAGE,11400.0,small_business,60,956.63,27527.46,0.237,11,0,301,0,0,0,0,0,1
65,53500.0,14.2,RENT,3700.0,debt_consolidation,36,1125.44,37738.05,0.397,9,2,488,1,0,1,0,0,1
52,26700.0,2.4,OWN,8200.0,major_purchase,36,274.0,8324.52,0.507,11,0,163,0,0,0,0,0,1
49,58100.0,5.3,RENT,20500.0,home_improvement,36,481.58,25650.38,0.222,7,2,349,0,0,0,0,0,1
71,122900.0,32.4,MORTGAGE,14900.0,credit_card,60,1957.55,81245.3,0.252,10,0,257,0,1,0,0,1,1
23,31800.0,0.7,MORTGAGE,4300.0,debt_consolidation,36,847.7,21583.41,0.595,9,1,28,0,0,0,0,0,1
60,162400.0,0.7,MORTGAGE,16800.0,medical,36,6022.31,228126.51,0.793,6,0,438,0,0,0,0,0,1
54,48900.0,4.8,RENT,13400.0,debt_consolidation,36,1126.58,44939.81,0.801,8,2,230,0,0,0,0,0,1
60,90200.0,11.7,MORTGAGE,22200.0,debt_consolidation,60,2871.9,153665.58,0.59,6,2,189,3,0,0,0,0,1
47,152500.0,4.9,RENT,8000.0,debt_consolidation,36,1563.31,42071.56,0.494,7,1,325,1,0,1,0,0,1
33,180800.0,6.1,MORTGAGE,35800.0,home_improvement,36,6851.05,185700.43,0.563,4,2,95,0,0,0,0,0,1
65,160300.0,20.8,RENT,13700.0,credit_card,36,3428.22,73492.19,0.18,5,2,240,0,0,0,0,0,1
53,43600.0,12.3,MORTGAGE,12300.0,medical,60,808.05,17222.92,0.811,4,2,320,0,0,0,0,0,1
26,124100.0,3.5,MORTGAGE,29700.0,debt_consolidation,60,2572.42,50399.85,0.761,5,3,58,0,0,0,1,0,0
44,47700.0,16.8,RENT,11100.0,debt_consolidation,36,1158.78,18663.32,0.87,11,1,178,0,0,0,0,0,1
39,39500.0,6.3,RENT,13600.0,credit_card,36,1010.63,25283.87,0.468,9,1,110,0,0,0,0,1,1
36,47900.0,0.1,RENT,11200.0,debt_consolidation,36,386.42,10280.11,0.554,8,0,197,0,0,0,0,0,1
60,132700.0,19.1,OWN,32400.0,credit_card,60,3260.47,132524.05,0.271,5,1,299,0,0,0,0,0,1
48,51100.0,15.0,MORTGAGE,15500.0,debt_consolidation,36,783.2,21019.99,0.214,8,1,318,0,0,0,0,0,1
53,43100.0,5.1,OWN,7400.0,credit_card,60,867.27,49132.54,0.38,9,1,280,1,1,0,0,0,1
68,159700.0,18.1,RENT,50000.0,home_improvement,60,3689.1,62860.23,0.438,9,0,338,3,0,0,0,0,1
61,61400.0,25.8,RENT,10000.0,debt_consolidation,36,1324.22,45236.78,0.258,5,1,355,0,0,0,0,0,1
33,94800.0,2.7,OWN,39400.0,debt_consolidation,36,477.7,10889.8,0.486,6,1,95,0,0,0,0,0,1
63,39400.0,3.1,MORTGAGE,14800.0,debt_consolidation,36,513.23,8725.27,0.521,5,0,213,0,0,0,0,0,1
65,53200.0,18.3,MORTGAGE,21900.0,credit_card,36,1210.78,38961.84,0.406,11,1,416,0,0,0,0,0,1
45,59200.0,4.0,OWN,7300.0,credit_card,60,1473.33,66708.31,0.558,7,0,226,0,0,0,0,0,1
62,48100.0,32.6,OWN,6900.0,small_business,36,502.39,28000.45,0.203,8,1,339,1,0,0,1,0,1
56,63300.0,14.1,RENT,24600.0,auto,36,1286.09,21189.04,0.728,11,1,425,0,0,0,0,0,1
47,40600.0,12.1,RENT,17600.0,auto,36,561.17,28779.3,0.44,4,0,143,0,0,0,0,0,1
58,63500.0,7.3,RENT,22300.0,debt_consolidation,36,1236.13,26955.12,0.248,7,0,278,0,0,0,0,1,1
27,123900.0,3.5,MORTGAGE,37800.0,credit_card,36,2534.55,81095.2,0.668,5,1,56,0,1,0,0,0,1
25,26400.0,0.7,RENT,9900.0,home_improvement,36,497.66,21971.28,0.097,8,0,61,0,0,0,0,0,1
63,61500.0,5.4,MORTGAGE,4100.0,credit_card,36,1556.46,42967.41,0.449,7,0,366,0,0,0,0,0,1
65,50800.0,25.9,MORTGAGE,19900.0,major_purchase,36,1654.95,92591.36,0.288,8,0,487,0,0,0,0,0,1
71,48200.0,8.8,MORTGAGE,7800.0,debt_consolidation,36,1515.36,59340.33,0.485,5,3,508,0,0,0,0,0,1
51,193700.0,11.6,RENT,14100.0,debt_consolidation,36,935.41,40333.98,0.369,9,1,343,0,0,0,0,0,1
43,146600.0,10.8,MORTGAGE,47300.0,debt_consolidation,36,4442.63,103051.59,0.45,8,2,206,0,0,0,0,0,1
62,50600.0,7.6,RENT,17800.0,debt_consolidation,60,679.03,23773.99,0.322,3,0,341,0,0,0,0,0,1
30,31400.0,0.9,MORTGAGE,9400.0,home_improvement,60,585.01,8816.88,0.704,6,0,102,0,0,0,0,0,1
52,152700.0,0.8,RENT,29000.0,credit_card,60,3871.79,145878.54,0.698,9,2,229,0,0,0,0,0,0
63,82500.0,6.1,RENT,8000.0,credit_card,60,626.83,23380.82,0.346,13,2,507,0,0,0,0,0,1
50,35100.0,23.4,MORTGAGE,12600.0,debt_consolidation,36,958.27,31170.25,0.325,7,1,358,0,0,0,0,0,1
59,40100.0,5.5,OWN,2800.0,major_purchase,36,1198.56,50022.52,0.552,6,0,395,0,0,0,0,0,1
51,70100.0,0.9,OWN,24800.0,major_purchase,36,1055.23,51411.41,0.297,4,1,186,1,0,0,0,0,1
38,173700.0,12.8,RENT,50000.0,credit_card,60,1414.42,24718.85,0.688,2,0,174,0,0,0,0,0,1
56,54100.0,4.2,MORTGAGE,24300.0,debt_consolidation,36,881.83,24116.93,0.125,11,1,353,0,0,0,0,0,1
22,84900.0,1.0,MORTGAGE,17700.0,debt_consolidation,36,1801.51,39245.81,0.667,4,2,24,0,0,0,0,0,1
34,47800.0,0.5,MORTGAGE,4500.0,credit_card,60,1232.51,33073.64,0.177,13,1,128,0,0,0,0,0,1
33,85900.0,5.0,MORTGAGE,7500.0,medical,60,1431.04,31765.34,0.363,12,0,60,0,0,0,0,0,1
49,27000.0,19.9,OWN,6700.0,credit_card,36,824.91,42151.91,0.583,11,2,278,0,0,0,0,0,1
32,94000.0,1.5,RENT,34500.0,small_business,36,1366.0,24110.45,0.34,6,2,94,0,0,0,0,0,1
59,75600.0,3.7,MORTGAGE,5200.0,credit_card,60,1206.61,24873.18,0.285,7,2,366,0,0,0,0,0,1
22,42000.0,0.7,MORTGAGE,4900.0,home_improvement,36,841.73,35437.88,0.353,10,1,42,0,0,0,1,0,1
52,18000.0,7.3,RENT,5100.0,credit_card,60,490.82,29306.01,0.452,10,2,325,0,0,0,0,1,1
33,161800.0,6.0,RENT,13600.0,credit_card,60,3859.36,217696.37,0.271,10,0,137,0,0,0,0,0,1
66,25400.0,27.5,RENT,10200.0,home_improvement,36,301.45,12863.62,0.694,7,1,454,0,0,0,0,0,1
47,132500.0,8.4,OWN,33300.0,debt_consolidation,36,3478.57,114607.19,0.268,11,2,229,0,0,0,0,0,1
69,42000.0,31.6,MORTGAGE,8600.0,major_purchase,36,954.24,30927.85,0.359,12,1,373,0,0,0,0,0,1
61,81600.0,23.9,MORTGAGE,4500.0,major_purchase,36,2214.68,119519.49,0.212,10,0,307,0,0,0,0,0,1
37,92800.0,1.7,MORTGAGE,8800.0,home_improvement,36,955.79,15804.68,0.354,7,2,206,0,0,0,0,0,1
60,164500.0,10.9,RENT,50000.0,home_improvement,60,2174.0,60937.98,0.186,7,0,268,0,0,0,0,0,1
51,36500.0,2.8,MORTGAGE,12000.0,debt_consolidation,36,1329.84,28386.31,0.623,13,1,305,0,0,0,0,0,1
54,64800.0,15.4,RENT,3800.0,small_business,36,665.74,16101.09,0.111,9,1,232,0,0,0,0,0,1
44,38900.0,9.6,MORTGAGE,17100.0,medical,36,504.05,9360.52,0.201,4,0,272,0,0,0,0,0,1
65,37300.0,13.2,MORTGAGE,7100.0,small_business,36,881.26,23459.34,0.345,9,2,446,0,0,1,0,0,1
55,69700.0,6.8,MORTGAGE,20400.0,debt_consolidation,36,1106.71,28618.95,0.127,5,3,250,0,0,0,0,0,1
68,105000.0,9.0,MORTGAGE,35600.0,home_improvement,60,2305.33,61554.02,0.355,12,0,550,2,0,0,0,0,1
26,259700.0,0.9,RENT,50000.0,credit_card,36,2027.46,50889.95,0.207,8,2,45,0,0,0,0,0,1
39,58600.0,6.2,RENT,23800.0,credit_card,60,672.22,16886.88,0.444,8,1,79,0,0,0,0,0,1
50,63700.0,3.3,MORTGAGE,18400.0,auto,36,1589.68,82309.46,0.52,10,4,220,2,0,0,0,0,1
27,66000.0,1.5,RENT,7000.0,debt_consolidation,60,2109.74,100968.39,0.454,7,1,65,0,0,0,0,0,1
30,72400.0,1.2,RENT,28100.0,debt_consolidation,36,1323.7,60673.34,0.371,7,0,50,0,0,0,0,0,1
61,76000.0,30.1,RENT,28600.0,debt_consolidation,60,771.61,19848.64,0.051,7,0,316,0,0,0,0,0,1
52,35100.0,4.5,MORTGAGE,10700.0,debt_consolidation,60,1359.79,57029.31,0.251,8,0,272,0,0,0,0,0,1
54,18000.0,9.3,RENT,8000.0,debt_consolidation,60,382.61,18632.78,0.55,7,3,242,0,0,0,0,0,0
48,57000.0,5.5,MORTGAGE,14900.0,credit_card,36,2002.19,48991.59,0.028,9,1,212,0,0,0,0,0,1
35,194500.0,6.9,MORTGAGE,26400.0,major_purchase,36,2456.41,83009.44,0.442,3,0,104,0,0,0,0,1,1
50,68900.0,11.2,RENT,10400.0,small_business,36,829.11,33805.71,0.288,9,0,282,4,1,0,0,0,0
57,61500.0,13.0,RENT,13100.0,debt_consolidation,36,1885.9,49586.01,0.14,14,1,185,0,0,0,0,0,1
49,65400.0,7.2,MORTGAGE,14300.0,credit_card,60,850.06,40656.58,0.852,7,2,157,0,0,0,0,0,0
42,45100.0,1.5,MORTGAGE,17200.0,small_business,60,1067.24,43867.72,0.113,8,2,209,0,0,0,0,0,1
24,62700.0,1.3,RENT,25400.0,credit_card,36,1238.85,35605.0,0.383,10,1,44,0,0,0,0,0,1
40,67800.0,1.9,MORTGAGE,13800.0,major_purchase,36,1524.47,47739.66,0.138,7,2,242,0,0,0,0,0,1
52,67600.0,20.9,RENT,28900.0,major_purchase,36,912.45,28696.35,0.477,7,3,274,0,0,0,0,0,1
56,70400.0,10.7,RENT,29700.0,debt_consolidation,36,1407.14,50856.52,0.243,8,1,277,0,0,0,0,0,1
70,70000.0,2.5,MORTGAGE,15000.0,major_purchase,36,1622.42,64066.82,0.381,12,0,360,1,0,0,0,0,1
24,63900.0,0.4,RENT,25400.0,credit_card,36,850.53,31078.18,0.287,5,1,48,0,0,0,0,1,1
47,123600.0,16.3,MORTGAGE,11800.0,credit_card,36,2098.59,45809.26,0.545,9,4,122,0,0,0,0,0,1
37,187600.0,4.5,RENT,47700.0,home_improvement,36,4019.7,180640.95,0.274,6,0,183,0,0,0,0,0,1
32,26100.0,6.3,RENT,8700.0,home_improvement,60,567.77,11173.26,0.104,11,0,148,0,0,0,0,0,1
42,48700.0,2.3,RENT,9200.0,home_improvement,60,1011.61,22798.15,0.644,4,0,182,2,1,1,0,0,0
37,19500.0,3.8,RENT,1200.0,small_business,36,465.99,20722.11,0.298,8,2,215,0,0,0,0,0,1
30,87000.0,1.1,OWN,6300.0,medical,60,1585.88,55765.81,0.461,11,2,51,0,0,0,0,0,1
21,131400.0,0.3,RENT,50000.0,major_purchase,60,4551.68,185098.08,0.454,7,0,25,0,0,0,0,0,1
42,70400.0,11.5,OWN,18100.0,debt_consolidation,36,369.13,10140.47,0.395,4,2,242,2,1,0,0,0,1
46,70800.0,11.2,OWN,7900.0,small_business,36,1007.49,18205.18,0.519,4,1,180,2,1,0,0,0,1
38,48200.0,0.7,MORTGAGE,19800.0,home_improvement,60,1257.29,72021.91,0.3,8,2,157,0,0,0,0,0,1
70,73400.0,14.3,MORTGAGE,31300.0,medical,60,1322.75,50773.66,0.265,10,0,215,0,0,0,1,0,1
34,63500.0,2.1,OWN,11500.0,home_improvement,36,442.36,15779.83,0.253,8,4,156,0,0,0,0,0,0
67,120100.0,11.6,RENT,34200.0,major_purchase,60,4195.68,239305.15,0.278,8,4,398,0,0,1,0,0,1
49,203200.0,7.6,RENT,36600.0,debt_consolidation,36,1924.79,114076.89,0.426,8,0,152,0,0,0,0,0,1
32,155800.0,1.3,RENT,50000.0,auto,36,841.77,14721.88,0.477,10,1,81,1,0,0,0,0,1
56,230100.0,23.2,MORTGAGE,50000.0,debt_consolidation,36,2583.96,75929.31,0.025,14,1,141,0,1,0,0,0,1
55,94800.0,6.6,RENT,5800.0,major_purchase,36,1217.07,53167.26,0.317,5,2,232,0,0,0,0,0,1
32,79700.0,9.0,OWN,19000.0,medical,36,1044.24,57654.24,0.343,10,2,72,2,0,0,0,0,1
27,65600.0,2.1,MORTGAGE,24200.0,debt_consolidation,36,847.41,35006.6,0.464,7,0,77,0,0,0,0,0,1
49,81200.0,15.4,OWN,26400.0,major_purchase,36,2328.59,138034.94,0.695,16,0,216,0,0,0,1,0,1
31,79700.0,0.8,RENT,9800.0,small_business,36,969.51,44289.99,0.248,8,1,80,0,0,0,0,0,1
53,137100.0,1.0,MORTGAGE,28400.0,medical,60,3608.25,55845.56,0.489,9,0,274,0,0,0,0,0,1
26,60000.0,2.2,MORTGAGE,14200.0,debt_consolidation,36,1885.75,69951.06,0.496,9,1,54,0,0,0,0,0,1
67,37200.0,22.6,RENT,12900.0,home_improvement,36,235.77,13673.74,0.264,8,1,418,0,0,0,0,0,1
35,65100.0,12.7,OWN,15200.0,credit_card,36,1381.43,31888.92,0.332,11,1,177,0,0,0,0,0,1
52,39800.0,11.2,MORTGAGE,7000.0,debt_consolidation,60,726.07,41462.36,0.47,9,2,239,0,0,0,1,0,1
71,58800.0,14.4,RENT,12700.0,home_improvement,36,2068.09,55984.38,0.175,4,2,459,0,0,0,0,0,1
31,25600.0,3.5,OWN,11200.0,credit_card,36,171.51,9619.13,0.114,10,1,129,0,0,0,1,0,1
43,67500.0,1.7,MORTGAGE,4600.0,major_purchase,60,1517.39,64412.06,0.571,11,5,233,0,0,0,0,0,1
46,40700.0,13.9,RENT,7500.0,home_improvement,36,842.32,26575.7,0.468,6,0,200,0,0,0,0,0,1
54,99700.0,7.7,RENT,12900.0,debt_consolidation,36,1038.19,58117.61,0.348,14,2,184,0,0,0,0,0,1
66,53700.0,6.8,MORTGAGE,11300.0,debt_consolidation,60,1127.55,21369.82,0.53,5,1,326,0,0,0,1,0,1
54,23100.0,6.2,MORTGAGE,6600.0,debt_consolidation,60,586.87,28300.79,0.263,7,0,406,0,0,0,0,0,1
49,52900.0,5.0,MORTGAGE,6800.0,debt_consolidation,60,792.11,33034.85,0.789,5,1,312,0,0,0,0,0,1
24,63200.0,3.5,MORTGAGE,13900.0,credit_card,36,1671.32,53550.53,0.211,4,1,63,0,0,0,0,0,1
37,79400.0,8.8,RENT,30300.0,major_purchase,60,2781.47,108818.52,0.59,10,1,132,0,0,0,0,0,1
55,88600.0,2.5,RENT,27200.0,credit_card,60,726.52,35833.4,0.732,4,1,256,1,0,0,0,0,1
33,42500.0,4.5,MORTGAGE,13700.0,home_improvement,36,446.73,9055.08,0.127,6,1,112,0,0,0,0,0,1
61,43500.0,18.6,MORTGAGE,18500.0,debt_consolidation,36,1061.27,28555.83,0.433,10,0,273,0,0,0,0,0,1
59,65100.0,11.0,RENT,13900.0,credit_card,36,959.23,30833.92,0.238,14,0,310,0,0,0,0,0,0
35,78200.0,8.5,RENT,35100.0,credit_card,36,1354.99,64983.03,0.816,8,2,109,0,0,0,0,0,1
49,85800.0,12.7,OWN,17400.0,home_improvement,60,3036.22,168765.73,0.03,9,1,286,0,0,0,0,0,1
49,111700.0,1.7,MORTGAGE,13700.0,credit_card,60,4497.77,256274.93,0.751,8,1,153,0,1,0,0,0,0
31,26300.0,4.9,MORTGAGE,9800.0,debt_consolidation,36,200.03,6422.88,0.35,10,2,53,0,0,0,0,1,0
52,112800.0,3.3,RENT,28600.0,debt_consolidation,60,885.26,31513.58,0.733,9,0,293,2,0,0,0,0,1
22,103800.0,0.5,MORTGAGE,19500.0,debt_consolidation,36,3069.58,171369.23,0.341,9,2,18,1,2,0,0,0,1
67,105600.0,9.7,RENT,15700.0,auto,36,1592.87,27899.84,0.473,2,2,229,0,0,0,0,0,1
34,58600.0,3.0,MORTGAGE,22200.0,debt_consolidation,36,1760.21,84519.22,0.248,12,1,171,3,0,1,0,0,0
40,76100.0,3.2,MORTGAGE,21000.0,small_business,60,2290.63,95786.11,0.459,6,0,102,0,0,0,0,0,1
42,86800.0,3.4,MORTGAGE,26000.0,debt_consolidation,60,1717.37,39840.3,0.097,5,0,262,0,0,0,0,0,1
31,59800.0,8.3,RENT,14000.0,debt_consolidation,60,917.43,46809.84,0.667,5,0,112,0,0,1,0,1,0
47,111700.0,10.5,MORTGAGE,15200.0,home_improvement,36,810.29,14890.4,0.095,9,1,236,0,0,0,0,0,1
23,34500.0,2.0,MORTGAGE,6400.0,credit_card,36,922.97,19071.27,0.039,9,2,50,1,1,0,0,0,1
37,98300.0,7.1,MORTGAGE,10000.0,major_purchase,36,915.96,36353.48,0.485,8,1,213,0,0,0,0,0,1
64,86900.0,11.5,MORTGAGE,16200.0,major_purchase,60,1943.09,56056.57,0.384,9,1,291,0,0,0,0,0,1
48,152600.0,5.0,RENT,50000.0,home_improvement,36,2541.89,50422.48,0.576,4,1,311,0,0,0,0,0,1
49,192200.0,19.6,MORTGAGE,50000.0,small_business,36,5838.15,271383.05,0.463,6,1,261,0,0,0,0,0,1
41,59500.0,9.4,MORTGAGE,4100.0,major_purchase,36,1296.24,28696.74,0.42,8,2,109,1,0,0,0,0,1
67,154200.0,43.0,RENT,50000.0,home_improvement,60,2676.81,158247.86,0.264,5,2,214,0,0,0,0,0,1
36,78200.0,1.8,MORTGAGE,27900.0,credit_card,36,582.89,33336.9,0.556,7,2,70,0,0,0,0,0,1
57,79400.0,10.9,MORTGAGE,28100.0,debt_consolidation,60,390.47,12978.24,0.408,8,3,316,0,0,0,0,0,1
40,82200.0,5.9,MORTGAGE,24400.0,home_improvement,36,963.3,46841.42,0.603,13,2,126,0,0,0,0,0,1
26,31700.0,2.0,RENT,2000.0,debt_consolidation,36,291.98,14981.22,0.259,10,1,76,0,0,0,0,0,1
39,123600.0,1.2,RENT,25100.0,debt_consolidation,36,1443.64,57970.37,0.257,14,2,162,0,0,0,0,0,1
25,30800.0,2.3,OWN,5500.0,debt_consolidation,36,1022.05,52600.43,0.352,12,2,30,0,0,0,0,0,1
23,87300.0,0.3,MORTGAGE,5100.0,credit_card,36,1608.39,81696.77,0.234,6,1,52,0,0,0,0,0,1
21,18000.0,0.6,RENT,1500.0,debt_consolidation,36,530.62,31540.36,0.379,8,0,31,0,0,0,0,0,1
58,58700.0,8.4,OWN,12800.0,debt_consolidation,36,1988.92,55687.41,0.309,7,2,365,0,0,0,0,0,1
35,65800.0,2.6,RENT,26500.0,home_improvement,36,352.88,19221.22,0.579,5,3,102,0,0,0,0,0,1
54,94100.0,5.7,RENT,40900.0,small_business,36,3357.08,151450.32,0.306,6,1,268,0,0,0,0,0,1
55,147000.0,19.8,RENT,50000.0,debt_consolidation,60,4053.5,92401.96,0.413,11,0,314,0,0,0,0,0,1
69,63500.0,4.7,OWN,8900.0,small_business,36,2273.11,50401.36,0.402,3,1,488,0,0,0,0,0,1
45,33300.0,3.5,RENT,13900.0,debt_consolidation,36,1344.89,67831.69,0.729,7,4,226,0,0,0,0,0,0
44,51700.0,5.2,MORTGAGE,22800.0,auto,36,1371.55,45756.44,0.442,8,1,94,0,0,0,0,0,1
32,75400.0,5.6,MORTGAGE,16700.0,debt_consolidation,36,1035.22,56375.82,0.556,12,3,98,0,0,0,0,0,1
38,72000.0,4.5,RENT,18600.0,debt_consolidation,36,1943.9,74134.48,0.61,7,0,221,3,1,1,0,0,0
35,25400.0,2.4,RENT,4800.0,medical,36,152.61,4400.65,0.462,9,0,138,0,0,0,0,0,1
64,49900.0,16.2,RENT,19500.0,debt_consolidation,60,1865.48,99658.85,0.283,10,0,182,0,0,0,0,0,0
36,49400.0,5.8,OWN,8400.0,debt_consolidation,36,1375.88,77216.5,0.787,8,0,155,0,0,0,0,0,1
47,59000.0,12.5,MORTGAGE,5500.0,debt_consolidation,36,771.81,28108.6,0.719,9,0,288,0,0,0,0,0,1
28,92100.0,4.2,MORTGAGE,21400.0,debt_consolidation,36,1989.05,73659.92,0.719,8,0,111,0,0,0,0,1,0
66,42900.0,36.6,RENT,5100.0,small_business,60,1226.57,68922.56,0.462,3,3,471,0,0,0,0,0,1
45,119000.0,1.8,RENT,26500.0,small_business,60,4487.54,136113.41,0.255,9,1,265,0,0,0,0,0,1
37,99300.0,7.8,MORTGAGE,28200.0,credit_card,36,1338.29,58341.44,0.474,10,4,98,0,0,0,0,0,0
49,20900.0,2.4,MORTGAGE,7800.0,auto,36,173.44,2938.01,0.581,6,0,261,0,0,0,0,0,1
28,52600.0,0.7,MORTGAGE,17200.0,small_business,36,208.44,12497.91,0.777,7,0,91,0,0,0,0,0,1
35,74400.0,2.1,MORTGAGE,25700.0,home_improvement,36,1021.22,21542.88,0.073,9,1,91,0,0,0,0,1,1
47,151900.0,0.3,MORTGAGE,43500.0,debt_consolidation,36,5787.31,133124.52,0.305,12,0,136,0,0,0,0,0,1
66,34200.0,10.0,RENT,2800.0,credit_card,36,580.65,12718.71,0.235,4,1,281,0,0,0,0,0,1
70,25600.0,20.6,MORTGAGE,10300.0,debt_consolidation,36,701.27,12001.83,0.443,10,1,251,0,0,0,0,0,1
27,74800.0,0.6,MORTGAGE,24600.0,debt_consolidation,36,586.47,29272.51,0.112,11,1,79,0,0,0,0,0,1
23,38000.0,1.8,MORTGAGE,13900.0,home_improvement,60,625.67,22073.72,0.218,9,0,34,2,2,0,0,0,1
49,63600.0,3.5,MORTGAGE,27100.0,debt_consolidation,60,2743.6,98609.05,0.157,5,2,131,0,0,0,0,0,1
64,44300.0,0.5,OWN,19400.0,debt_consolidation,36,367.47,21597.18,0.263,9,3,192,0,0,0,0,0,1
44,109800.0,1.8,MORTGAGE,47800.0,credit_card,36,3942.3,98014.89,0.176,5,2,294,0,1,0,0,0,1
23,99600.0,0.2,RENT,15700.0,debt_consolidation,36,3313.45,58124.13,0.376,10,3,22,0,0,0,0,0,1
40,47400.0,11.1,MORTGAGE,18500.0,credit_card,36,1595.47,67581.93,0.444,7,0,103,0,0,0,1,0,0
66,151900.0,20.8,OWN,50000.0,major_purchase,36,3836.26,133529.73,0.214,6,1,191,0,1,0,0,0,0
35,68500.0,3.8,MORTGAGE,22800.0,debt_consolidation,36,1087.74,26165.77,0.377,7,2,129,0,0,0,0,0,1
45,79400.0,9.9,RENT,26700.0,debt_consolidation,36,2115.64,76952.85,0.053,9,1,262,1,0,0,0,0,1
50,46000.0,17.8,MORTGAGE,18600.0,major_purchase,36,345.91,8107.6,0.374,11,1,319,0,0,0,0,0,1
34,44100.0,5.0,RENT,7300.0,home_improvement,36,1239.18,71908.21,0.507,5,5,109,0,0,0,0,0,1
27,153800.0,2.4,RENT,19500.0,debt_consolidation,60,818.81,45253.38,0.199,7,1,84,0,0,0,0,0,1
37,70500.0,9.9,MORTGAGE,15800.0,debt_consolidation,60,949.54,36579.28,0.286,8,1,211,0,1,1,0,0,0
64,75000.0,5.8,MORTGAGE,32200.0,home_improvement,36,150.74,5308.92,0.332,8,3,460,0,0,0,0,0,1
40,49900.0,1.2,RENT,3700.0,credit_card,36,1094.63,30292.63,0.519,7,1,202,0,0,1,0,1,0
56,76900.0,11.4,MORTGAGE,17500.0,debt_consolidation,36,758.89,36095.78,0.138,7,0,365,0,0,0,0,0,1
29,66800.0,2.7,MORTGAGE,21800.0,debt_consolidation,60,1062.14,22519.2,0.894,6,2,101,0,0,0,0,0,1
58,65500.0,4.5,MORTGAGE,20300.0,home_improvement,36,703.71,33915.61,0.712,8,1,326,0,0,0,0,0,1
68,164000.0,27.9,RENT,50000.0,credit_card,36,3577.8,127093.15,0.125,4,0,291,0,0,0,0,1,1
42,71200.0,4.5,RENT,11200.0,debt_consolidation,36,1395.55,56419.81,0.573,13,2,263,0,0,0,0,0,1
22,35500.0,0.3,RENT,5100.0,auto,36,1055.73,48509.5,0.484,13,1,19,0,1,0,0,0,0
44,87000.0,9.5,RENT,33100.0,debt_consolidation,60,1215.67,58175.91,0.538,7,1,132,0,0,0,0,0,1
28,54000.0,1.6,MORTGAGE,20500.0,debt_consolidation,36,1218.13,55555.9,0.495,5,1,79,0,0,0,0,0,1
31,37900.0,0.3,MORTGAGE,5700.0,debt_consolidation,36,821.03,23700.24,0.217,8,2,74,0,0,0,0,0,1
33,44700.0,4.6,RENT,10100.0,small_business,60,341.2,7407.07,0.356,11,3,71,0,0,0,0,0,1
37,120500.0,2.8,RENT,27800.0,medical,36,2406.54,68382.9,0.394,8,3,161,0,0,0,0,0,1
28,37600.0,2.7,OWN,9600.0,debt_consolidation,60,583.28,13330.12,0.342,7,1,47,0,0,0,0,0,1
41,38600.0,4.6,MORTGAGE,14800.0,debt_consolidation,60,452.37,24280.27,0.377,6,2,166,1,1,0,0,0,1
38,68500.0,4.9,MORTGAGE,20000.0,home_improvement,36,864.93,15505.95,0.264,7,3,134,0,0,0,0,0,1
50,55200.0,5.5,MORTGAGE,14200.0,credit_card,36,1391.24,56674.6,0.213,12,1,129,0,0,1,0,1,1
38,38600.0,8.4,RENT,6400.0,debt_consolidation,60,444.68,25131.56,0.845,6,0,138,0,0,0,0,0,1
66,109700.0,1.5,OWN,7300.0,medical,36,944.76,55586.48,0.417,7,1,368,0,0,0,0,0,1
67,52500.0,5.2,RENT,21900.0,credit_card,60,1989.54,109121.02,0.093,7,2,319,0,0,0,0,0,1
51,32500.0,6.1,MORTGAGE,10900.0,debt_consolidation,60,638.47,23950.48,0.527,5,1,162,1,0,0,0,0,1
58,78000.0,13.2,RENT,6200.0,credit_card,60,3504.5,149353.7,0.645,14,2,366,0,0,0,0,0,1
52,103600.0,4.3,MORTGAGE,17500.0,credit_card,36,2185.5,47305.06,0.058,8,0,361,2,0,0,1,0,1
31,85700.0,3.4,OWN,26500.0,credit_card,36,1112.28,27296.18,0.413,6,0,124,2,0,0,0,0,1
65,95000.0,12.1,MORTGAGE,12700.0,credit_card,36,1113.24,27775.32,0.563,6,0,466,0,0,0,0,0,1
45,94200.0,13.4,RENT,8700.0,credit_card,36,1357.57,53017.96,0.128,7,0,150,0,0,0,0,0,1
53,57100.0,14.5,MORTGAGE,15400.0,debt_consolidation,36,1087.74,43449.94,0.561,8,1,286,0,0,0,0,0,1
58,51300.0,20.1,RENT,9300.0,debt_consolidation,60,1835.09,45387.3,0.494,7,0,226,0,0,0,0,0,1
61,45700.0,2.1,OWN,17400.0,credit_card,60,1124.41,26496.77,0.322,7,0,328,0,0,0,0,0,1
28,65900.0,5.1,MORTGAGE,28400.0,small_business,36,901.77,44152.15,0.279,10,3,49,0,0,0,0,0,1
31,26900.0,2.4,RENT,7700.0,small_business,36,348.52,9096.07,0.49,6,2,108,0,0,0,0,0,1
42,35100.0,14.2,RENT,11800.0,debt_consolidation,36,658.09,27161.97,0.437,12,1,144,0,0,0,0,0,1
71,137400.0,38.0,RENT,50000.0,debt_consolidation,36,1787.39,43481.24,0.046,5,1,383,0,0,1,0,0,1
44,108400.0,4.7,MORTGAGE,15200.0,auto,36,2443.38,92659.84,0.412,9,0,143,1,0,1,0,0,0
61,72100.0,12.5,MORTGAGE,29700.0,debt_consolidation,60,608.62,26127.21,0.281,12,0,339,1,0,0,0,0,1
37,153300.0,4.0,RENT,42000.0,home_improvement,36,5244.79,309110.99,0.027,4,1,145,0,0,0,0,0,1
32,81700.0,2.1,OWN,10200.0,debt_consolidation,36,1982.76,40215.7,0.455,7,0,88,0,0,0,0,0,1
66,67200.0,3.1,RENT,11100.0,small_business,36,1707.76,79835.85,0.621,5,2,290,0,0,0,0,0,1
52,31400.0,4.2,RENT,10200.0,home_improvement,36,348.87,16761.02,0.322,7,1,145,0,0,1,0,0,1
35,56800.0,5.7,RENT,23800.0,home_improvement,36,1502.17,37558.14,0.546,12,1,102,0,0,0,0,0,0
36,113400.0,8.3,RENT,11100.0,auto,60,1957.31,65101.51,0.148,8,2,124,0,0,0,0,0,1
42,90100.0,7.8,MORTGAGE,27500.0,medical,36,2606.88,122298.77,0.052,8,0,213,0,0,0,0,0,0
48,194200.0,3.9,MORTGAGE,39000.0,debt_consolidation,36,6044.74,284259.87,0.09,8,0,117,1,0,0,0,1,0
40,67100.0,10.0,RENT,12000.0,debt_consolidation,36,2100.93,78878.55,0.186,7,0,91,0,0,0,0,0,1
53,18000.0,6.3,RENT,2200.0,debt_consolidation,36,60.38,2800.81,0.287,9,0,270,0,0,0,0,0,1
30,81800.0,4.9,RENT,33200.0,debt_consolidation,36,2408.76,94942.31,0.897,7,1,71,0,0,0,0,0,0
60,18000.0,26.9,RENT,3500.0,debt_consolidation,36,338.52,6848.46,0.502,13,3,168,0,0,0,0,0,1
52,50900.0,20.9,RENT,11600.0,auto,36,1162.12,58083.92,0.167,11,2,362,0,0,0,0,0,1
70,108200.0,4.5,RENT,14400.0,credit_card,36,2659.99,71249.69,0.608,9,0,303,0,0,0,0,0,1
53,167100.0,14.2,RENT,49000.0,medical,36,4313.21,253675.96,0.24,7,1,218,0,0,0,0,1,1
22,37500.0,1.1,MORTGAGE,8500.0,debt_consolidation,36,1016.55,52082.6,0.203,6,1,34,0,0,0,0,0,1
53,82400.0,4.3,RENT,10500.0,debt_consolidation,36,2736.23,134326.81,0.244,10,0,139,0,0,0,1,0,1
53,157400.0,5.1,MORTGAGE,27400.0,credit_card,60,2028.69,102886.06,0.315,10,3,318,0,0,0,0,0,1
61,69800.0,0.6,RENT,14400.0,home_improvement,36,992.25,32185.05,0.686,9,0,282,2,0,0,0,0,1
33,47200.0,6.1,MORTGAGE,3800.0,debt_consolidation,60,429.36,7779.48,0.522,12,4,166,0,0,0,0,0,1
50,182700.0,8.2,MORTGAGE,12900.0,credit_card,36,5007.91,164806.26,0.888,8,3,227,0,0,0,0,0,0
53,114200.0,17.9,MORTGAGE,50000.0,major_purchase,36,688.52,20400.57,0.227,7,0,331,0,0,0,0,0,1
33,68600.0,1.8,RENT,28900.0,home_improvement,36,1447.95,35900.67,0.191,10,2,71,0,0,0,0,0,1
46,28500.0,8.8,RENT,8200.0,debt_consolidation,60,119.72,3617.93,0.887,9,2,158,0,0,0,0,0,1
42,54400.0,4.3,MORTGAGE,8000.0,debt_consolidation,36,665.13,29810.69,0.928,6,0,260,1,0,0,0,0,1
59,44300.0,1.1,MORTGAGE,6300.0,debt_consolidation,36,795.64,14207.24,0.353,9,2,379,0,0,0,0,0,1
22,25700.0,0.3,RENT,5800.0,home_improvement,36,863.96,25093.48,0.147,6,2,29,0,0,0,0,0,1
58,139000.0,2.1,OWN,28400.0,medical,36,803.0,22642.77,0.724,8,1,346,0,0,0,0,0,1
59,90700.0,21.1,MORTGAGE,31100.0,debt_consolidation,36,2090.26,51103.6,0.054,11,0,344,0,0,0,0,0,1
46,44800.0,19.1,MORTGAGE,9500.0,credit_card,36,621.41,34426.56,0.565,5,0,264,0,0,0,0,0,1
66,48000.0,20.6,RENT,20700.0,auto,36,879.05,47027.28,0.225,11,2,213,1,0,0,0,0,1
70,51400.0,17.2,RENT,7800.0,debt_consolidation,60,1381.72,61427.85,0.111,7,2,201,0,0,0,0,0,0
35,38200.0,1.5,MORTGAGE,2300.0,credit_card,36,1450.4,74517.7,0.415,12,1,66,0,0,0,0,0,1
54,300000.0,14.8,MORTGAGE,50000.0,debt_consolidation,60,7381.49,346047.25,0.285,8,0,360,0,0,0,0,0,1
62,44600.0,2.9,RENT,19900.0,auto,60,726.48,13151.5,0.42,9,1,353,0,1,0,0,0,1
64,55400.0,16.2,MORTGAGE,21600.0,debt_consolidation,60,1926.49,99597.14,0.423,6,1,368,0,0,0,0,1,1
69,45300.0,25.6,MORTGAGE,2400.0,credit_card,36,706.77,25187.88,1.005,5,1,243,0,0,1,0,0,1
60,24700.0,21.5,RENT,6900.0,debt_consolidation,36,548.74,20751.2,0.576,10,0,315,0,0,0,0,0,1
31,33600.0,1.2,MORTGAGE,7800.0,debt_consolidation,60,986.34,58234.8,0.577,9,3,80,0,0,0,0,0,0
23,118500.0,0.7,RENT,42300.0,medical,36,1635.35,94637.87,0.249,8,0,31,0,1,0,0,0,1
26,55300.0,1.1,MORTGAGE,8400.0,credit_card,36,283.22,7918.94,0.442,9,1,78,0,0,0,1,0,0
29,83100.0,3.0,RENT,12300.0,home_improvement,36,1042.21,33098.4,0.62,6,1,92,0,0,0,1,0,1
26,85100.0,1.3,MORTGAGE,15000.0,credit_card,60,240.28,3876.51,0.181,6,1,44,0,0,0,0,0,1
29,85200.0,5.9,RENT,12600.0,debt_consolidation,36,1106.81,37669.75,0.284,12,1,89,0,0,0,0,0,1
59,45200.0,11.1,MORTGAGE,2700.0,debt_consolidation,36,511.91,14373.81,1.033,8,0,240,1,0,0,0,0,1
51,167600.0,13.2,MORTGAGE,50000.0,credit_card,36,2851.06,48615.46,0.398,6,2,300,0,0,0,0,0,1
52,109800.0,9.3,MORTGAGE,32400.0,home_improvement,36,320.35,9465.7,0.243,12,1,153,0,0,0,0,0,1
61,86000.0,23.5,OWN,33600.0,credit_card,36,2937.77,122080.99,0.631,15,2,409,0,0,0,0,1,0
70,76000.0,2.0,RENT,25000.0,credit_card,36,1459.43,47681.21,0.14,11,1,477,0,0,0,0,0,1
32,31000.0,0.3,MORTGAGE,9500.0,home_improvement,36,645.35,16418.15,0.289,9,2,110,0,0,0,0,0,1
28,104400.0,4.8,RENT,14900.0,debt_consolidation,60,1835.98,33716.0,0.323,14,1,92,0,0,0,0,1,0
28,61500.0,4.2,OWN,21300.0,home_improvement,36,783.98,40159.31,0.099,9,1,43,0,0,0,0,0,1
70,42400.0,36.8,MORTGAGE,16600.0,debt_consolidation,36,328.13,8181.12,0.519,5,5,190,0,0,0,0,0,1
48,37700.0,9.3,MORTGAGE,8600.0,home_improvement,36,1090.75,58374.6,0.152,8,2,206,0,0,0,0,0,1
40,113600.0,5.0,RENT,30200.0,debt_consolidation,60,1737.92,55044.17,1.011,7,3,225,0,0,0,0,0,1
67,30700.0,13.6,RENT,11200.0,debt_consolidation,60,340.07,19329.79,0.107,4,1,429,0,0,0,0,0,1
27,53100.0,2.5,RENT,12500.0,debt_consolidation,60,1525.36,90977.95,0.41,12,0,82,1,2,0,0,0,0
31,72300.0,0.9,MORTGAGE,22900.0,small_business,36,1314.78,52594.33,0.306,10,1,136,0,0,0,0,0,1
40,61000.0,6.7,RENT,8300.0,debt_consolidation,36,2578.31,100390.5,0.465,2,0,243,0,0,0,1,0,1
36,83200.0,4.1,RENT,23600.0,debt_consolidation,36,2470.62,77121.96,0.502,10,0,194,0,0,0,0,0,0
24,126300.0,0.6,MORTGAGE,8200.0,home_improvement,36,2827.11,156590.43,0.385,6,0,25,0,0,0,0,0,1
26,93000.0,3.0,MORTGAGE,12400.0,credit_card,36,1123.7,31546.51,0.469,7,0,34,0,0,0,0,0,0
42,68600.0,7.3,RENT,28700.0,debt_consolidation,60,1240.41,51603.42,0.142,6,2,102,0,0,0,0,0,1
46,51800.0,4.5,OWN,14900.0,debt_consolidation,36,1366.74,58846.15,0.526,6,2,260,0,0,0,0,0,0
23,30100.0,0.9,RENT,7000.0,debt_consolidation,36,1043.79,60060.24,0.112,9,3,23,0,0,0,0,0,0
61,63900.0,5.1,RENT,16500.0,credit_card,36,1381.3,47153.15,0.19,10,0,168,0,0,0,0,0,1
62,53800.0,14.5,MORTGAGE,2700.0,debt_consolidation,36,590.35,15883.97,0.31,6,2,416,0,0,0,0,0,1
34,88500.0,4.6,MORTGAGE,20700.0,major_purchase,36,1461.0,46032.75,0.512,11,0,173,0,0,0,0,0,1
31,61400.0,4.7,OWN,6600.0,debt_consolidation,36,537.15,24991.91,0.322,13,1,49,0,0,0,0,0,1
38,117200.0,12.1,MORTGAGE,46100.0,debt_consolidation,36,999.51,25392.82,0.558,8,1,200,0,0,0,0,0,1
32,51900.0,1.4,OWN,11200.0,home_improvement,36,968.42,36078.4,0.625,7,1,103,0,0,0,0,0,1
43,48600.0,8.7,RENT,6900.0,major_purchase,36,966.76,16501.26,0.108,9,3,162,0,0,0,0,0,1
32,83500.0,3.9,MORTGAGE,21300.0,debt_consolidation,36,1415.87,60075.72,0.205,7,0,126,0,0,0,0,0,1
33,70200.0,8.5,OWN,13800.0,home_improvement,36,430.68,16086.43,0.708,8,1,165,0,0,0,0,0,1
45,81500.0,10.0,RENT,19100.0,credit_card,60,1035.54,37250.09,0.328,5,1,260,0,0,0,0,0,1
65,61500.0,14.7,RENT,20900.0,debt_consolidation,60,618.04,15500.45,0.497,6,1,337,0,0,0,0,0,1
71,67100.0,27.3,RENT,17000.0,home_improvement,36,2542.4,119084.45,0.344,7,0,534,0,0,0,0,0,1
39,56200.0,4.3,MORTGAGE,23400.0,debt_consolidation,60,1716.35,95537.81,0.322,8,1,183,0,0,0,0,0,1
66,71200.0,16.5,MORTGAGE,10900.0,home_improvement,36,1571.9,45400.88,0.66,7,0,507,0,0,0,0,0,1
56,130600.0,8.8,MORTGAGE,23600.0,major_purchase,36,2538.57,150864.35,0.16,9,0,332,0,0,0,0,0,1
65,50000.0,26.6,MORTGAGE,18100.0,credit_card,36,972.79,19363.52,0.584,7,1,245,0,0,0,0,0,1
28,47400.0,0.8,MORTGAGE,17200.0,debt_consolidation,36,509.8,14059.4,0.289,9,0,84,0,0,0,0,0,1
49,78900.0,12.6,MORTGAGE,34800.0,home_improvement,36,1428.74,39725.38,0.606,8,1,183,0,0,0,0,0,1
52,59800.0,19.8,MORTGAGE,18000.0,credit_card,36,827.86,37817.89,0.046,6,2,155,0,0,0,0,0,1
71,143900.0,15.4,MORTGAGE,40200.0,debt_consolidation,60,3878.82,73801.85,0.293,5,2,214,2,0,0,0,0,1
64,97200.0,19.8,MORTGAGE,27800.0,debt_consolidation,36,2002.07,83124.36,0.7,9,0,362,0,0,0,0,0,1
38,105900.0,0.6,RENT,20600.0,debt_consolidation,36,2005.77,114039.96,0.626,4,4,76,0,0,0,0,0,1
26,111300.0,3.1,RENT,22700.0,home_improvement,36,2858.22,161753.22,0.323,9,1,56,0,0,0,0,0,1
38,46100.0,9.8,MORTGAGE,7500.0,debt_consolidation,60,928.12,55307.78,0.401,8,1,129,0,0,0,0,0,1
39,70400.0,5.4,RENT,20300.0,credit_card,60,1962.85,103302.93,0.394,6,2,107,0,0,0,0,0,0
42,96000.0,6.7,RENT,37100.0,credit_card,36,1608.71,43207.99,0.351,13,2,198,0,0,0,0,0,1
57,66300.0,12.8,MORTGAGE,20100.0,home_improvement,36,2175.62,48803.16,0.317,11,1,329,0,0,0,0,0,1
52,40400.0,5.0,MORTGAGE,9700.0,home_improvement,36,536.15,9486.95,0.271,9,0,287,0,0,0,0,0,1
61,110300.0,6.0,RENT,8300.0,debt_consolidation,36,1840.78,54925.97,0.478,10,1,429,0,0,0,0,0,1
23,60100.0,1.6,MORTGAGE,9000.0,debt_consolidation,36,1294.25,74449.35,0.514,9,0,28,0,0,0,0,0,1
48,78100.0,6.4,MORTGAGE,30300.0,debt_consolidation,36,855.59,34535.74,0.579,5,4,339,0,0,0,0,0,0
30,91100.0,3.4,MORTGAGE,19000.0,debt_consolidation,36,1753.97,53424.22,0.298,4,1,127,0,0,0,0,0,1
71,152100.0,20.6,MORTGAGE,50000.0,medical,36,3377.51,51571.67,0.144,11,1,379,0,0,0,0,0,1
55,74000.0,21.4,RENT,10900.0,medical,60,554.47,22672.56,0.562,5,2,196,0,0,0,0,0,1
49,21800.0,11.8,RENT,6100.0,credit_card,36,610.95,35702.12,0.705,8,1,252,0,0,0,0,0,1
35,73100.0,2.4,RENT,31800.0,debt_consolidation,60,1311.44,78411.76,0.085,12,1,79,0,0,0,0,0,0
53,77200.0,2.5,RENT,21100.0,debt_consolidation,36,1777.22,70469.24,0.25,13,1,279,0,0,0,0,0,1
27,26400.0,3.4,RENT,3500.0,major_purchase,60,363.77,19001.49,0.415,10,2,92,0,0,0,0,0,1
32,148700.0,7.8,OWN,21100.0,debt_consolidation,36,4214.72,85849.75,0.202,6,1,150,0,0,0,0,1,0
69,18000.0,7.5,OWN,2000.0,credit_card,60,359.66,21437.34,0.269,12,2,263,2,0,0,0,0,1
50,91000.0,3.9,MORTGAGE,5300.0,debt_consolidation,60,549.74,21535.06,0.258,12,1,233,0,0,0,0,0,1
41,28500.0,12.2,RENT,9300.0,small_business,36,840.6,27218.02,0.405,8,0,256,0,0,0,0,0,1
51,119100.0,9.6,RENT,43300.0,major_purchase,36,4726.85,149855.36,0.431,4,2,165,1,0,0,0,0,1
44,90300.0,20.7,RENT,34100.0,credit_card,36,1083.49,55787.61,0.178,7,0,161,0,0,0,0,0,1
40,148900.0,3.7,OWN,11800.0,credit_card,60,3190.71,181888.02,0.743,7,0,112,0,0,0,1,0,0
57,88000.0,6.3,MORTGAGE,37600.0,debt_consolidation,36,1592.92,93577.76,0.585,13,2,345,0,0,0,1,0,1
24,80400.0,0.1,MORTGAGE,23900.0,home_improvement,36,360.45,15103.21,0.196,5,1,61,4,1,0,0,0,1
48,55300.0,6.9,MORTGAGE,4700.0,credit_card,60,968.83,38014.46,0.373,9,1,156,0,0,0,0,1,1
64,25500.0,13.6,MORTGAGE,2100.0,home_improvement,36,314.7,8957.9,0.169,9,1,448,0,0,0,0,0,1
40,219500.0,0.9,MORTGAGE,50000.0,medical,60,6605.09,304958.48,0.117,13,1,142,0,0,0,0,0,1
44,50700.0,9.1,RENT,7500.0,small_business,60,1115.36,24077.39,0.211,5,0,132,0,0,0,1,0,0
70,79700.0,9.8,MORTGAGE,11600.0,credit_card,36,1134.44,67613.34,0.587,10,0,453,0,0,0,0,0,1
69,42100.0,11.0,MORTGAGE,2300.0,auto,60,731.52,40095.13,0.18,4,1,441,0,0,0,0,0,1
71,36700.0,14.1,MORTGAGE,8900.0,credit_card,36,1167.23,49961.3,0.322,6,0,550,0,0,0,0,0,1
52,68400.0,9.9,MORTGAGE,5800.0,debt_consolidation,36,230.48,7922.54,0.549,4,5,189,0,0,0,0,0,0
61,83200.0,4.5,MORTGAGE,6700.0,home_improvement,36,2920.53,155934.41,0.344,5,0,421,0,1,0,0,0,1
56,174000.0,7.9,RENT,19700.0,small_business,60,5339.85,226769.25,0.343,13,1,192,0,0,0,0,0,1
54,115100.0,11.0,MORTGAGE,6200.0,debt_consolidation,60,3292.35,182933.02,0.268,5,1,240,0,0,0,0,0,1
56,77200.0,16.7,RENT,7100.0,home_improvement,36,621.1,19464.7,0.303,9,3,266,0,0,0,0,0,1
22,64000.0,0.7,OWN,18400.0,medical,36,2274.29,121410.7,0.333,7,1,34,0,0,0,0,0,1
35,80000.0,3.8,RENT,12200.0,debt_consolidation,60,1302.96,19787.13,0.135,9,0,70,0,0,0,0,1,1
54,57300.0,4.5,MORTGAGE,4400.0,credit_card,36,1033.49,24089.31,0.674,4,1,320,0,0,0,0,0,1
56,76300.0,26.1,RENT,7900.0,debt_consolidation,36,406.93,20512.15,0.375,10,0,416,0,0,0,0,0,1
26,42700.0,4.9,RENT,2900.0,home_improvement,36,683.79,34153.31,0.606,5,2,32,0,0,0,0,0,0
59,48800.0,4.5,MORTGAGE,17600.0,credit_card,36,869.38,30603.67,0.61,3,1,322,0,0,0,0,0,1
62,64300.0,12.3,OWN,17700.0,debt_consolidation,60,2077.08,47416.78,0.211,7,0,335,0,0,0,0,0,1
71,79100.0,40.2,MORTGAGE,19000.0,debt_consolidation,60,1334.1,23085.06,0.672,10,1,251,0,0,0,0,0,1
71,62000.0,10.1,RENT,24800.0,medical,60,1025.04,30595.89,0.793,8,1,431,0,0,0,0,1,1
32,73600.0,5.0,MORTGAGE,6000.0,credit_card,36,2089.16,91294.65,0.678,13,0,104,0,0,0,0,0,1
23,40100.0,1.2,RENT,2600.0,small_business,36,1451.73,47415.08,0.201,8,0,50,0,0,0,0,0,1
65,34200.0,18.3,MORTGAGE,7500.0,debt_consolidation,36,663.1,35649.12,0.726,6,1,497,0,0,0,0,0,0
38,64400.0,12.6,RENT,10000.0,small_business,60,521.77,10421.45,0.716,7,0,176,0,0,0,0,0,1
60,26200.0,13.1,MORTGAGE,6300.0,debt_consolidation,36,300.27,7513.87,0.457,8,1,424,3,1,1,1,0,0
41,106200.0,5.5,RENT,43700.0,debt_consolidation,36,2783.19,133669.11,0.844,13,3,110,0,0,0,1,0,0
35,31100.0,5.5,RENT,7100.0,debt_consolidation,36,593.69,26716.46,0.448,10,1,129,0,0,0,0,0,1
53,53400.0,9.2,MORTGAGE,6300.0,debt_consolidation,36,914.02,32262.45,0.296,15,0,175,0,0,0,0,0,1
55,87300.0,16.1,OWN,32200.0,debt_consolidation,36,423.82,24068.33,0.201,7,2,162,0,0,0,0,0,1
46,109500.0,2.3,RENT,22500.0,credit_card,36,1473.32,25139.16,0.091,11,2,123,0,0,0,0,0,1
28,94200.0,1.5,RENT,33200.0,debt_consolidation,60,1433.2,27651.83,0.25,9,3,74,0,0,0,0,0,1
56,86400.0,10.9,MORTGAGE,9200.0,debt_consolidation,36,1638.94,26523.99,0.584,13,2,361,0,0,0,0,0,1
68,272300.0,20.4,MORTGAGE,50000.0,debt_consolidation,36,2124.27,90412.31,0.751,6,3,528,0,0,0,0,0,1
50,37100.0,6.0,OWN,2200.0,major_purchase,60,303.81,6132.99,0.128,5,2,148,0,0,0,0,0,1
43,78600.0,10.5,RENT,11300.0,credit_card,36,1453.48,77136.1,0.218,5,1,201,0,0,0,0,0,1
62,93700.0,10.0,RENT,28900.0,medical,60,3833.88,153448.56,0.171,15,3,332,0,0,0,0,0,1
64,80500.0,37.0,RENT,13500.0,debt_consolidation,36,883.88,20096.33,0.502,11,1,323,0,0,1,0,0,1
34,51300.0,5.2,MORTGAGE,5400.0,debt_consolidation,36,1079.24,48475.65,0.394,7,2,127,0,0,0,0,0,1
34,89300.0,10.4,MORTGAGE,6500.0,debt_consolidation,36,1710.49,80197.85,0.482,7,2,105,0,0,0,0,0,1
22,85900.0,0.8,MORTGAGE,25000.0,debt_consolidation,36,718.28,41077.74,0.11,12,1,29,0,0,0,0,0,1
57,131200.0,4.0,OWN,10600.0,home_improvement,36,1101.28,24144.16,0.122,8,2,208,0,0,0,0,0,1
25,85800.0,0.5,RENT,31700.0,debt_consolidation,36,2461.68,66914.39,0.55,11,0,74,0,0,0,0,0,1
58,23300.0,10.9,MORTGAGE,4500.0,debt_consolidation,36,475.31,8819.8,0.625,9,0,208,1,0,1,0,0,0
65,102100.0,26.2,MORTGAGE,17600.0,debt_consolidation,60,3132.97,148295.25,0.162,9,3,432,0,0,0,0,0,1
61,53100.0,7.5,MORTGAGE,15900.0,medical,36,1203.11,71049.28,0.152,4,4,353,0,0,0,0,0,1
67,59600.0,2.5,RENT,16200.0,major_purchase,36,740.55,17701.25,0.092,12,0,485,0,0,0,0,0,1
34,35300.0,10.4,MORTGAGE,15700.0,debt_consolidation,60,606.81,33598.9,0.613,9,2,167,0,0,0,0,0,0
59,71300.0,3.5,MORTGAGE,5000.0,credit_card,60,503.88,25361.8,0.228,16,4,455,0,0,0,0,0,1
45,196000.0,7.2,MORTGAGE,50000.0,credit_card,36,3898.58,85364.62,0.723,9,2,108,0,0,0,0,0,1
40,119000.0,5.6,RENT,34500.0,debt_consolidation,36,3553.42,159551.23,0.452,10,0,126,0,0,0,0,0,0
22,34500.0,0.1,MORTGAGE,13900.0,credit_card,36,1111.96,22770.79,0.313,8,1,36,0,0,0,0,0,1
59,59300.0,16.6,MORTGAGE,19400.0,debt_consolidation,36,148.87,4797.9,0.791,9,0,432,1,0,0,0,0,1
26,115200.0,1.0,RENT,40900.0,debt_consolidation,36,1771.38,87599.17,0.183,11,1,45,0,0,0,0,0,1
37,60000.0,1.5,MORTGAGE,21900.0,debt_consolidation,36,1045.16,59733.82,0.26,10,0,199,0,1,0,0,0,1
45,21500.0,19.9,MORTGAGE,1200.0,credit_card,60,808.82,38336.14,0.366,14,2,242,0,0,0,1,0,1
48,49000.0,15.3,MORTGAGE,18900.0,debt_consolidation,60,1983.72,50011.32,0.274,7,2,183,0,0,0,0,0,0
22,141400.0,0.5,MORTGAGE,45500.0,credit_card,36,2788.17,140103.44,0.284,6,2,20,0,0,0,0,0,1
55,151600.0,26.5,MORTGAGE,50000.0,home_improvement,36,1682.79,68997.93,0.886,3,0,371,0,0,0,0,0,1
57,60000.0,3.0,MORTGAGE,6200.0,credit_card,36,926.09,32102.14,0.601,7,2,391,0,0,0,0,0,1
25,56900.0,1.2,RENT,23800.0,credit_card,60,996.73,24716.29,0.198,8,0,47,0,0,0,0,0,1
21,18700.0,0.4,RENT,7300.0,debt_consolidation,60,312.31,15040.0,0.476,11,1,24,0,0,0,0,0,1
60,62800.0,20.6,RENT,8800.0,debt_consolidation,36,341.36,11753.56,0.33,15,1,249,0,0,0,0,0,1
32,48300.0,4.5,RENT,4800.0,debt_consolidation,60,1049.61,29123.32,0.59,9,2,145,0,0,0,0,0,1
56,23400.0,8.6,MORTGAGE,7100.0,home_improvement,60,786.62,16917.58,0.247,13,0,392,0,0,0,0,0,1
65,39200.0,2.4,OWN,12600.0,credit_card,36,544.35,23603.95,0.162,6,1,214,0,0,0,0,0,0
43,32200.0,7.4,RENT,10800.0,debt_consolidation,60,499.7,20994.6,0.523,9,1,151,1,1,0,0,0,1
67,68300.0,7.0,OWN,26500.0,home_improvement,36,505.46,29802.78,0.21,5,0,519,0,0,0,0,0,1
51,155300.0,2.8,MORTGAGE,42300.0,credit_card,36,4366.92,206162.62,0.318,6,0,178,0,0,0,0,0,1
31,60800.0,3.9,RENT,9900.0,debt_consolidation,36,2512.05,97062.02,0.601,11,0,95,0,0,0,0,0,1
30,76400.0,3.4,RENT,30000.0,home_improvement,36,656.17,20079.26,0.641,16,0,99,0,0,0,0,0,1
23,256400.0,0.6,MORTGAGE,50000.0,small_business,36,3414.62,160948.71,0.373,7,1,56,1,0,0,0,0,1
34,23200.0,9.8,MORTGAGE,5200.0,debt_consolidation,60,402.08,11795.36,0.632,6,1,61,0,0,0,0,0,1
36,73500.0,6.3,RENT,18200.0,credit_card,36,1475.55,40070.64,0.452,13,2,193,1,0,0,0,0,1
30,124200.0,0.8,RENT,47700.0,debt_consolidation,36,2187.02,112026.65,0.149,9,1,70,1,0,0,0,0,1
49,78600.0,7.2,OWN,34500.0,debt_consolidation,36,1329.74,36948.49,0.407,8,1,142,0,0,0,0,0,1
30,27000.0,6.8,RENT,3200.0,major_purchase,60,190.51,4095.26,0.228,10,2,100,0,0,0,0,0,1
32,191100.0,6.6,MORTGAGE,18900.0,small_business,36,3215.53,74699.06,0.729,7,2,54,0,0,0,0,0,1
50,105000.0,25.3,RENT,17300.0,debt_consolidation,36,2682.68,106280.38,0.518,10,0,307,0,0,0,0,0,1
61,76700.0,14.1,MORTGAGE,31600.0,credit_card,60,3046.81,155452.94,0.197,13,1,454,0,0,1,0,0,0
21,30900.0,0.4,MORTGAGE,8100.0,credit_card,36,627.88,15956.41,0.453,9,0,28,0,0,0,0,0,1
25,233300.0,1.1,MORTGAGE,12200.0,debt_consolidation,60,7706.99,323789.94,0.889,9,3,46,0,0,0,0,0,0
40,91400.0,9.6,RENT,25800.0,debt_consolidation,36,1731.84,28469.13,0.192,6,1,126,0,0,0,0,0,1
28,84600.0,1.1,RENT,22800.0,small_business,36,2374.89,83872.1,0.553,10,1,74,0,0,0,0,0,0
63,91300.0,2.1,MORTGAGE,7500.0,major_purchase,36,1236.81,25263.64,0.156,12,2,301,0,0,0,0,0,1
32,112100.0,5.5,RENT,12300.0,home_improvement,60,2168.52,128333.53,0.316,6,2,130,0,0,0,0,0,1
21,70500.0,0.2,MORTGAGE,6100.0,debt_consolidation,36,596.81,20338.17,0.127,3,1,31,1,0,0,0,0,1
40,62000.0,3.8,MORTGAGE,16000.0,major_purchase,36,1160.32,26831.38,0.293,8,2,110,0,0,0,0,0,1
48,19300.0,17.7,MORTGAGE,5100.0,auto,36,344.2,16913.15,0.025,7,0,171,1,1,0,0,0,1
63,43000.0,5.5,RENT,10100.0,home_improvement,36,1128.3,27143.01,0.494,6,1,264,0,0,0,0,0,1
57,196700.0,7.8,MORTGAGE,45300.0,debt_consolidation,60,2796.65,43807.09,0.099,6,2,175,0,0,0,0,0,1
67,41900.0,35.5,MORTGAGE,11800.0,debt_consolidation,60,909.44,29261.2,0.841,9,0,342,0,0,0,0,0,1
57,56200.0,14.7,RENT,17700.0,major_purchase,60,692.13,29582.07,0.222,9,1,251,0,0,0,0,0,1
32,35100.0,4.0,RENT,15300.0,debt_consolidation,36,482.28,13563.73,0.145,9,1,137,0,0,0,0,0,1
57,87600.0,31.6,RENT,23500.0,debt_consolidation,60,1955.75,66795.08,0.466,5,2,437,0,0,0,0,0,1
69,57500.0,17.4,MORTGAGE,9000.0,small_business,36,2210.89,62375.03,0.604,11,1,550,0,0,0,0,0,0
69,56400.0,11.3,MORTGAGE,24800.0,debt_consolidation,36,970.69,53208.22,0.359,9,1,339,0,0,0,0,0,1
64,42600.0,14.1,MORTGAGE,3900.0,major_purchase,36,247.57,6447.59,0.563,10,0,372,0,0,0,0,0,1
48,83200.0,16.5,MORTGAGE,14600.0,credit_card,60,1435.84,29705.81,0.091,6,1,326,0,0,0,0,0,1
67,148700.0,38.2,MORTGAGE,50000.0,credit_card,36,3331.54,105836.86,0.581,9,0,311,0,0,0,0,0,1
35,26100.0,3.6,OWN,11200.0,home_improvement,36,446.11,13231.21,0.456,9,2,64,0,0,0,0,0,0
26,56000.0,1.0,MORTGAGE,17200.0,debt_consolidation,36,941.62,39135.36,0.483,6,1,51,0,0,0,0,0,1
64,60500.0,5.7,MORTGAGE,3400.0,home_improvement,60,1348.1,65054.34,0.57,11,0,462,0,0,0,0,0,1
40,43500.0,6.8,MORTGAGE,9900.0,credit_card,36,723.57,38300.17,0.724,11,2,174,0,0,0,0,0,0
70,125000.0,12.0,RENT,50000.0,credit_card,36,2426.0,106824.87,0.371,5,0,329,0,0,0,0,0,1
34,125900.0,1.1,RENT,50000.0,debt_consolidation,36,2218.78,132178.78,0.318,10,2,91,0,0,0,0,0,1
22,75100.0,1.2,MORTGAGE,30600.0,small_business,36,936.22,39178.26,0.084,6,1,28,0,0,0,0,0,1
29,45600.0,3.5,MORTGAGE,7600.0,debt_consolidation,36,1853.44,29142.77,0.389,8,2,51,0,0,0,0,1,0
57,124400.0,11.9,RENT,47300.0,credit_card,36,3689.58,81330.06,0.642,8,2,392,0,0,0,0,0,1
40,56300.0,11.7,MORTGAGE,18000.0,debt_consolidation,36,1122.05,34710.17,0.191,5,1,221,0,0,0,0,0,1
46,113300.0,10.4,MORTGAGE,46200.0,auto,36,2801.76,83228.79,0.605,9,1,296,0,0,0,0,0,1
49,253600.0,13.8,MORTGAGE,50000.0,debt_consolidation,36,4087.38,117312.17,0.713,7,2,271,0,0,0,0,0,1
21,66200.0,0.1,RENT,13200.0,small_business,36,906.23,40463.8,0.314,6,0,25,0,0,0,0,0,1
55,72200.0,8.2,OWN,21900.0,debt_consolidation,36,1290.15,35886.09,0.282,10,0,421,0,0,0,0,0,1
26,45100.0,0.5,OWN,8700.0,debt_consolidation,60,1269.26,38376.84,0.607,8,0,85,0,0,0,0,0,1
57,115900.0,4.9,RENT,5900.0,debt_consolidation,36,1091.12,61101.65,0.526,9,0,309,0,0,0,0,0,1
25,74300.0,2.0,OWN,28000.0,small_business,36,1197.29,68770.58,0.434,15,2,47,0,0,0,1,0,0
53,33100.0,12.6,OWN,12900.0,home_improvement,36,411.37,6220.04,0.033,8,0,135,0,0,0,0,0,1
69,44700.0,12.0,MORTGAGE,15600.0,major_purchase,36,907.52,32918.82,0.399,7,4,199,0,0,0,0,0,0
71,194300.0,2.5,OWN,27400.0,debt_consolidation,36,2641.63,86585.6,0.137,8,1,262,0,0,0,0,0,1
34,57800.0,4.7,OWN,6000.0,medical,36,950.34,35275.72,0.392,7,1,66,0,0,0,0,0,1
32,36200.0,6.9,RENT,4300.0,debt_consolidation,36,954.48,55477.25,0.414,11,0,153,0,0,0,0,0,1
62,73400.0,18.2,RENT,18400.0,home_improvement,36,2360.91,111697.22,0.705,7,1,481,0,0,0,0,0,1
40,49400.0,10.2,RENT,7700.0,debt_consolidation,36,733.68,42597.98,0.84,6,2,124,0,0,0,0,0,1
70,59800.0,15.3,MORTGAGE,24000.0,small_business,36,2026.24,62339.27,0.121,5,1,322,0,0,0,0,0,1
44,89100.0,12.5,RENT,23900.0,major_purchase,60,681.07,14816.19,0.09,8,1,170,0,0,0,0,0,1
63,79700.0,20.6,RENT,18300.0,credit_card,36,2271.12,101128.14,0.272,5,2,218,0,0,0,0,0,1
54,67400.0,23.4,OWN,26900.0,debt_consolidation,60,1221.0,49200.57,0.359,6,1,142,0,0,0,0,0,1
45,47200.0,5.3,MORTGAGE,3900.0,small_business,36,1215.52,64832.79,0.317,8,0,159,0,0,0,0,0,1
70,24800.0,27.1,MORTGAGE,9900.0,major_purchase,36,338.02,18370.96,0.467,2,2,427,0,0,0,0,0,1
49,190300.0,17.0,OWN,50000.0,home_improvement,36,1695.52,55878.89,0.188,8,0,231,0,0,0,1,0,1
59,184100.0,10.4,RENT,50000.0,major_purchase,60,3927.6,208723.99,0.484,4,2,307,0,0,0,0,0,1
51,67100.0,23.9,MORTGAGE,6300.0,credit_card,36,1568.38,46127.84,0.039,6,0,230,0,0,0,0,0,1
67,104700.0,15.6,RENT,7400.0,home_improvement,36,2724.85,66007.3,0.427,8,0,331,0,0,0,0,0,1
63,65000.0,2.5,MORTGAGE,7600.0,credit_card,36,2074.09,74233.42,0.726,8,1,231,0,0,0,0,0,1
70,43300.0,9.7,RENT,6800.0,credit_card,60,499.72,26291.16,0.514,11,1,413,0,0,0,0,0,1
43,68900.0,4.1,RENT,20400.0,credit_card,60,2192.09,79383.06,0.216,8,2,160,0,0,0,0,1,1
64,71500.0,25.4,RENT,5900.0,credit_card,36,1057.12,37980.42,0.473,6,1,452,0,0,0,0,0,1
58,150100.0,16.6,MORTGAGE,18500.0,home_improvement,36,1154.65,20252.96,0.256,3,3,268,0,0,0,0,0,1
40,69700.0,7.4,OWN,9100.0,medical,36,1142.27,22746.34,0.599,12,2,167,0,0,0,0,0,1
43,169000.0,6.0,RENT,50000.0,debt_consolidation,60,5628.06,199939.6,0.17,8,0,208,0,0,0,0,0,1
65,60600.0,24.3,MORTGAGE,11400.0,debt_consolidation,36,1974.59,72666.66,0.534,8,1,420,0,0,0,0,0,1
36,48400.0,4.4,MORTGAGE,7700.0,debt_consolidation,36,1280.82,24801.44,0.309,9,2,159,0,0,0,0,0,0
70,150100.0,10.7,MORTGAGE,9300.0,credit_card,36,3449.41,65314.92,0.066,7,3,463,0,0,0,0,0,1
62,142500.0,9.2,OWN,12500.0,debt_consolidation,60,2971.71,125775.58,0.129,6,1,247,0,0,0,0,0,1
28,69000.0,1.2,RENT,18600.0,home_improvement,36,1868.98,73536.0,0.741,8,2,64,0,0,0,0,0,1
70,79900.0,15.8,RENT,24200.0,home_improvement,36,1037.36,49724.47,0.428,7,0,460,0,0,0,0,0,1
41,77400.0,5.9,RENT,26900.0,home_improvement,36,1044.94,49118.67,0.231,9,2,111,0,0,0,0,0,1
21,74300.0,0.3,MORTGAGE,18500.0,credit_card,60,1152.84,32020.27,0.304,5,2,28,0,0,0,0,0,1
28,53900.0,1.1,RENT,8500.0,credit_card,36,528.1,23714.82,0.396,6,0,44,0,0,0,0,0,1
49,247200.0,13.8,RENT,41300.0,credit_card,60,1757.09,71564.79,0.03,12,1,228,0,0,0,0,0,1
52,53100.0,4.0,MORTGAGE,16500.0,credit_card,36,942.98,14540.9,0.325,8,1,172,0,0,0,0,0,1
58,89800.0,15.0,RENT,19800.0,home_improvement,60,651.0,22144.28,0.526,8,0,203,1,0,0,0,0,1
25,73500.0,3.2,MORTGAGE,8300.0,major_purchase,60,2511.71,116233.47,0.349,8,0,45,0,0,0,0,0,0
67,18000.0,12.1,OWN,1000.0,credit_card,36,237.36,13285.4,0.628,11,1,227,1,0,0,0,0,1
42,70600.0,5.3,MORTGAGE,10900.0,debt_consolidation,36,573.4,11871.75,0.645,5,1,192,0,0,0,0,0,1
67,56700.0,12.4,MORTGAGE,20000.0,debt_consolidation,36,1097.72,27076.69,0.731,5,2,362,0,0,0,0,0,1
54,48700.0,5.7,RENT,15400.0,debt_consolidation,60,335.24,16486.99,0.47,9,1,344,0,1,0,0,0,1
21,37400.0,0.3,MORTGAGE,3300.0,credit_card,36,648.36,12399.53,0.318,4,2,30,0,0,0,0,0,0
46,178400.0,5.4,MORTGAGE,40600.0,debt_consolidation,36,6479.44,104678.61,0.598,6,4,278,2,0,1,0,0,0
63,35900.0,9.3,MORTGAGE,3900.0,credit_card,36,556.95,16537.1,0.312,9,3,186,0,0,0,0,0,1
30,59600.0,2.8,MORTGAGE,14300.0,debt_consolidation,36,1014.72,29593.61,0.539,8,3,82,0,0,0,0,0,1
50,49600.0,11.6,MORTGAGE,4700.0,debt_consolidation,60,1206.64,44282.32,0.411,7,3,295,0,0,0,0,0,1
70,37000.0,5.1,RENT,11900.0,home_improvement,36,1101.62,28904.29,0.974,3,1,219,0,0,0,0,0,1
38,100900.0,8.5,RENT,28600.0,auto,60,659.66,10150.64,0.161,11,3,171,0,0,0,0,0,1
37,84500.0,0.6,MORTGAGE,13000.0,debt_consolidation,60,1442.52,80982.71,0.245,11,0,146,0,0,0,0,0,1
46,50300.0,12.3,RENT,22500.0,debt_consolidation,36,1870.63,110336.79,0.475,5,1,228,2,2,1,0,0,0
28,39900.0,1.6,MORTGAGE,11400.0,debt_consolidation,36,379.41,22643.39,0.749,10,2,54,0,0,0,0,0,1
67,88300.0,31.2,MORTGAGE,13900.0,debt_consolidation,36,2897.11,169858.82,0.299,6,0,284,0,0,0,0,0,1
60,84100.0,13.9,MORTGAGE,16200.0,debt_consolidation,36,881.05,45627.27,0.201,2,0,464,0,0,0,0,0,1
69,61100.0,16.6,MORTGAGE,25400.0,debt_consolidation,36,555.76,22873.62,0.191,9,0,529,0,0,0,0,0,1
32,145800.0,3.4,MORTGAGE,19100.0,major_purchase,36,4278.73,165163.43,0.422,4,1,144,0,0,0,0,0,1
47,157000.0,12.9,MORTGAGE,20600.0,credit_card,36,390.72,6958.98,0.423,6,2,225,0,0,0,0,0,1
28,50000.0,2.3,MORTGAGE,13900.0,debt_consolidation,36,360.32,19687.41,0.042,12,2,85,1,0,0,1,0,1
45,208700.0,3.3,MORTGAGE,38200.0,debt_consolidation,36,5262.62,133278.89,0.372,6,3,291,0,0,0,0,0,1
66,56900.0,16.3,OWN,9800.0,credit_card,60,1778.45,86041.78,0.211,8,0,292,0,0,0,0,0,1
24,57300.0,1.6,OWN,12300.0,home_improvement,36,2115.15,98111.06,0.34,9,2,55,0,0,0,0,0,0
53,97900.0,3.7,RENT,37400.0,debt_consolidation,36,934.8,45635.9,0.404,8,0,349,1,1,0,0,0,1
21,80100.0,0.2,MORTGAGE,31000.0,debt_consolidation,60,975.01,20123.28,0.619,11,0,12,0,0,0,0,0,1
39,67400.0,7.8,OWN,21300.0,debt_consolidation,36,1683.52,58780.78,0.095,9,3,154,0,0,0,0,0,1
51,23100.0,3.7,MORTGAGE,6500.0,debt_consolidation,60,462.26,21662.31,0.301,14,1,154,0,0,0,0,0,1
36,27500.0,2.2,MORTGAGE,1500.0,debt_consolidation,36,388.63,6068.37,0.787,9,0,85,0,0,0,0,0,1
34,32700.0,2.6,MORTGAGE,9000.0,credit_card,36,211.52,7117.77,0.384,6,0,112,0,0,0,0,0,1
68,66600.0,9.6,RENT,28700.0,credit_card,36,931.26,27399.0,0.143,4,0,449,0,0,0,0,0,1
25,49800.0,2.3,RENT,19200.0,debt_consolidation,60,919.67,47185.66,0.788,11,0,58,0,0,0,0,0,1
61,53800.0,16.3,MORTGAGE,5800.0,auto,36,277.55,10657.58,0.571,9,0,254,0,0,0,0,1,1
46,56200.0,4.4,MORTGAGE,24700.0,credit_card,36,811.9,32950.2,0.388,5,0,275,0,0,0,0,0,1
48,113300.0,19.9,RENT,15500.0,major_purchase,36,1448.64,27097.74,0.05,10,0,171,0,0,0,0,0,1
22,101300.0,0.8,RENT,10100.0,major_purchase,60,2206.92,49886.75,0.18,15,1,19,0,0,0,0,0,1
70,52600.0,10.8,RENT,8700.0,small_business,36,1785.52,86988.87,0.174,9,1,482,1,0,0,0,0,1
26,56000.0,1.7,MORTGAGE,6000.0,debt_consolidation,36,1630.0,60746.27,0.234,6,3,80,0,0,0,0,0,0
29,41200.0,0.8,MORTGAGE,5800.0,debt_consolidation,60,1016.49,22651.24,0.269,10,1,74,0,0,0,0,0,1
53,55000.0,15.4,MORTGAGE,9500.0,debt_consolidation,36,1158.07,17611.4,0.039,5,1,351,0,2,0,0,0,1
61,135200.0,19.4,RENT,38700.0,credit_card,36,2786.74,86597.46,0.211,7,1,400,0,0,0,0,0,1
45,109700.0,9.1,MORTGAGE,32400.0,debt_consolidation,36,1361.88,40632.58,0.158,10,1,283,1,1,0,0,0,1
68,81700.0,14.9,OWN,21600.0,debt_consolidation,60,1937.3,62375.45,0.473,14,3,236,0,0,0,0,0,1
33,36700.0,5.9,MORTGAGE,6200.0,small_business,36,382.28,6107.9,0.271,8,2,159,0,0,0,0,0,1
29,64300.0,6.0,MORTGAGE,27700.0,home_improvement,36,1517.93,85513.37,0.233,7,1,111,0,0,0,0,0,1
33,53600.0,7.2,MORTGAGE,9000.0,auto,36,1120.9,37288.68,0.242,9,2,125,0,0,0,0,0,1
51,60800.0,1.5,RENT,12800.0,credit_card,36,584.04,28166.35,0.632,6,0,281,2,0,0,0,0,1
61,102200.0,3.9,RENT,22400.0,debt_consolidation,60,3538.51,84750.16,0.361,6,1,265,0,0,0,0,0,1
31,119700.0,3.3,MORTGAGE,7100.0,debt_consolidation,60,1691.52,26930.28,0.306,6,1,68,0,0,0,0,0,1
24,254100.0,1.8,RENT,50000.0,debt_consolidation,36,2768.1,132679.13,0.557,8,1,54,0,0,0,0,0,1
54,40400.0,14.0,RENT,7500.0,debt_consolidation,60,365.09,20289.81,0.31,11,0,201,0,0,0,0,0,1
58,130200.0,12.9,MORTGAGE,10200.0,auto,36,3643.29,147668.93,0.82,4,3,307,0,0,0,0,0,1
66,61400.0,8.7,RENT,23000.0,debt_consolidation,36,532.87,12042.78,0.875,5,1,448,0,0,0,0,0,1
24,44700.0,1.2,MORTGAGE,15000.0,debt_consolidation,36,175.19,8123.99,0.299,13,2,36,0,0,0,0,0,1
58,218700.0,11.5,RENT,35700.0,debt_consolidation,36,3432.31,197165.44,0.183,8,0,330,0,0,0,0,0,1
39,174300.0,3.8,OWN,26900.0,major_purchase,60,4356.74,254802.27,0.38,5,3,130,0,0,0,1,0,1
26,56700.0,0.1,RENT,23400.0,home_improvement,36,1571.86,60383.1,0.647,14,1,91,0,0,0,0,0,0
54,44500.0,3.7,MORTGAGE,5600.0,home_improvement,36,1086.8,57813.62,0.692,8,3,217,0,0,0,0,0,0
38,25100.0,3.1,RENT,10000.0,debt_consolidation,60,289.59,14202.1,0.225,7,2,107,0,0,0,0,0,1
33,131900.0,7.0,MORTGAGE,10700.0,credit_card,36,903.6,28482.3,0.617,6,0,105,0,0,0,0,0,1
61,21500.0,18.3,OWN,8300.0,home_improvement,36,246.57,8218.8,0.257,6,2,341,0,0,0,0,0,1
43,61100.0,2.2,MORTGAGE,16300.0,debt_consolidation,36,1827.39,61291.88,0.371,7,1,141,0,0,0,0,0,0
39,40500.0,9.2,RENT,14600.0,home_improvement,36,956.49,16349.77,0.315,10,2,119,0,0,0,0,0,1
65,142400.0,31.1,MORTGAGE,12400.0,credit_card,60,1537.9,68170.06,0.392,7,1,396,0,0,0,0,0,1
31,182500.0,4.3,MORTGAGE,39800.0,debt_consolidation,36,5124.12,206150.95,0.242,7,3,67,0,0,0,0,0,1
21,25900.0,0.4,RENT,6000.0,debt_consolidation,36,131.1,6438.77,0.536,6,0,30,1,0,0,0,0,1
44,69200.0,18.2,OWN,17700.0,debt_consolidation,36,657.26,19703.83,0.177,5,1,145,0,0,0,0,0,1
27,76800.0,1.2,RENT,23100.0,credit_card,36,2259.64,38970.12,0.653,8,1,72,0,0,0,0,0,1
45,56500.0,11.1,MORTGAGE,11600.0,credit_card,60,475.86,18924.27,0.341,7,1,144,0,0,0,0,0,1
41,46500.0,2.8,RENT,10600.0,credit_card,60,335.55,17437.28,0.149,7,2,201,0,0,0,0,0,1
35,156400.0,2.6,RENT,31000.0,debt_consolidation,36,1001.42,52743.1,0.447,5,0,134,0,0,0,0,0,1
21,49600.0,0.1,OWN,16300.0,debt_consolidation,36,236.09,12038.06,0.31,7,2,19,0,0,0,0,0,1
32,196900.0,7.3,RENT,50000.0,debt_consolidation,36,4079.57,163780.13,0.725,6,2,150,0,0,0,0,0,1
27,46000.0,0.3,RENT,4400.0,credit_card,60,848.57,40697.3,0.662,9,0,96,0,0,0,0,0,1
35,101200.0,2.3,MORTGAGE,16700.0,major_purchase,36,2684.28,54837.08,0.242,4,2,184,0,0,0,0,1,1
41,104800.0,1.4,RENT,14500.0,credit_card,36,2694.47,63893.63,0.573,13,1,249,0,0,0,0,0,1
39,46000.0,0.6,MORTGAGE,19600.0,debt_consolidation,60,1544.02,90695.28,0.623,9,1,178,0,0,0,0,0,1
49,24900.0,7.3,MORTGAGE,7200.0,small_business,60,677.63,22774.36,0.112,9,1,323,0,0,0,0,0,1
45,41300.0,12.8,OWN,4400.0,debt_consolidation,60,899.26,29759.84,0.357,7,1,199,0,0,0,0,0,1
53,34600.0,14.7,MORTGAGE,7200.0,credit_card,36,1187.94,21949.48,0.511,11,1,215,0,0,0,0,0,1
69,104100.0,14.4,OWN,24900.0,debt_consolidation,60,1300.27,45735.21,0.2,7,0,205,0,0,0,0,0,1
52,53700.0,14.3,MORTGAGE,16100.0,home_improvement,60,1129.12,50414.48,0.571,8,2,246,0,0,0,0,0,1
69,140900.0,33.8,RENT,19200.0,credit_card,36,2630.74,127114.08,0.135,7,2,550,0,0,0,0,0,1
55,90700.0,20.5,RENT,22700.0,debt_consolidation,36,2056.29,65320.36,0.166,18,2,411,0,0,0,0,0,1
64,59500.0,22.8,MORTGAGE,22100.0,medical,36,812.94,47142.12,0.212,9,2,325,0,0,0,0,0,1
58,69300.0,12.3,MORTGAGE,21800.0,credit_card,36,555.08,19848.71,0.226,8,0,366,0,1,0,0,0,1
46,31900.0,2.5,RENT,2900.0,debt_consolidation,36,453.47,16734.41,0.556,11,2,233,0,0,0,0,0,0
31,59500.0,7.9,OWN,24700.0,medical,60,2103.87,93959.03,0.32,5,2,113,0,0,0,0,0,1
55,71600.0,18.5,RENT,13300.0,debt_consolidation,36,1492.49,30610.03,0.723,3,1,346,2,1,1,0,0,1
28,53600.0,3.4,MORTGAGE,11800.0,credit_card,36,757.0,34107.67,0.319,8,1,83,2,2,0,0,0,0
66,48600.0,13.7,MORTGAGE,15900.0,credit_card,36,423.76,13292.71,0.107,9,1,252,0,0,0,0,0,1
34,115000.0,8.7,MORTGAGE,27000.0,major_purchase,36,867.1,14105.45,0.531,5,2,74,0,0,0,0,0,1
30,39400.0,0.6,RENT,11200.0,home_improvement,36,1203.6,60260.04,0.31,10,0,80,0,0,0,0,0,1
22,91300.0,1.2,MORTGAGE,22000.0,small_business,60,3070.65,175854.91,0.066,11,2,15,0,0,0,0,0,1
66,121200.0,23.2,RENT,21000.0,home_improvement,36,1313.8,53681.13,0.536,9,1,513,0,1,0,0,0,1
29,86900.0,4.4,MORTGAGE,19700.0,debt_consolidation,36,1014.35,31786.09,0.205,12,3,56,0,0,0,0,0,1
23,34100.0,1.4,MORTGAGE,6000.0,home_improvement,36,1255.92,58198.69,0.64,7,3,57,0,0,0,0,0,1
41,70500.0,8.7,MORTGAGE,16200.0,credit_card,36,480.58,26781.12,0.83,9,0,176,0,0,0,0,0,1
46,108200.0,15.8,RENT,14200.0,debt_consolidation,60,1051.86,30687.18,0.568,9,2,147,0,0,0,0,0,0
28,56500.0,1.4,MORTGAGE,4200.0,debt_consolidation,36,583.93,23500.63,0.168,8,2,71,0,0,0,0,0,1
68,41400.0,10.9,MORTGAGE,13600.0,home_improvement,36,1233.84,31867.86,0.735,7,2,383,0,0,0,0,0,1
22,40600.0,0.1,MORTGAGE,4100.0,auto,36,540.44,23728.63,0.749,8,1,22,0,0,0,0,0,1
26,79000.0,1.6,RENT,29900.0,home_improvement,36,1420.73,71848.12,0.178,6,0,43,0,0,0,0,0,1
48,55100.0,9.4,RENT,10800.0,home_improvement,36,1579.77,38884.58,0.314,8,0,185,0,0,0,0,0,1
49,47100.0,21.5,MORTGAGE,7000.0,debt_consolidation,36,368.03,14706.62,0.175,5,2,326,0,0,0,0,0,1
46,20900.0,3.3,OWN,4500.0,debt_consolidation,36,195.08,4494.42,0.378,11,3,166,0,0,0,0,0,1
45,178400.0,2.6,RENT,19600.0,credit_card,36,6794.44,246783.75,0.393,7,0,186,0,0,0,0,0,1
32,55700.0,2.5,OWN,21700.0,debt_consolidation,36,830.1,37684.4,0.389,10,1,53,0,0,0,0,0,1
25,103500.0,0.3,MORTGAGE,12100.0,credit_card,36,2564.21,42237.94,0.571,10,3,56,0,0,0,0,1,0
54,138200.0,2.5,MORTGAGE,34200.0,debt_consolidation,60,4727.9,228968.9,0.797,11,1,164,0,0,0,1,1,0
68,300000.0,26.6,RENT,34400.0,debt_consolidation,36,7344.62,227973.17,0.184,15,0,294,1,0,0,0,0,1
57,96300.0,13.8,MORTGAGE,6600.0,debt_consolidation,36,1854.41,74706.21,0.252,8,1,299,0,0,0,0,0,1
35,79600.0,9.6,MORTGAGE,29400.0,debt_consolidation,36,2888.91,103727.07,0.451,11,0,138,0,0,0,0,1,1
64,28200.0,5.3,MORTGAGE,7700.0,credit_card,36,752.51,37671.75,0.542,3,1,286,0,0,0,0,0,1
56,21700.0,11.2,MORTGAGE,1800.0,debt_consolidation,36,90.81,4397.19,0.334,7,2,155,0,0,0,0,0,1
35,18000.0,11.7,RENT,7300.0,debt_consolidation,36,205.39,3104.02,0.51,6,1,67,0,0,0,0,0,1
63,60300.0,16.5,MORTGAGE,12500.0,debt_consolidation,60,581.23,12547.4,0.275,9,1,412,0,0,0,0,0,1
68,38200.0,14.3,RENT,8400.0,credit_card,36,751.39,19357.07,0.782,9,2,404,0,0,0,0,0,1
43,50700.0,10.3,RENT,12600.0,debt_consolidation,36,479.2,18262.16,0.088,5,1,92,0,0,1,0,0,1
26,145900.0,1.7,RENT,20400.0,credit_card,36,2178.72,62225.0,0.489,3,1,79,1,1,0,0,0,0
66,87900.0,21.7,RENT,23800.0,debt_consolidation,36,3547.86,72130.57,0.884,7,2,393,0,0,0,0,0,1
70,65700.0,17.6,MORTGAGE,9900.0,debt_consolidation,60,718.32,13473.61,0.482,13,2,387,0,0,0,0,0,1
64,73700.0,7.2,MORTGAGE,28300.0,small_business,60,1670.62,54151.61,0.404,12,1,474,0,0,0,0,0,1
63,45100.0,1.1,RENT,17200.0,credit_card,60,463.79,15163.52,0.352,6,3,334,0,0,0,0,0,1
65,50900.0,19.2,MORTGAGE,12300.0,debt_consolidation,36,786.42,35653.43,0.499,6,4,297,0,0,0,0,0,1
41,30900.0,7.7,RENT,8100.0,small_business,36,972.4,20767.43,0.034,9,0,126,0,0,0,0,0,1
43,101500.0,1.6,RENT,45400.0,major_purchase,36,2467.72,80035.74,0.827,16,4,225,0,0,0,0,0,1
63,175200.0,14.7,MORTGAGE,50000.0,debt_consolidation,36,2492.89,72765.6,0.464,7,1,241,0,0,0,0,0,1
36,139900.0,7.7,RENT,10500.0,debt_consolidation,36,4332.12,158546.21,0.499,8,0,68,0,0,0,0,0,1
67,67100.0,3.5,MORTGAGE,8000.0,credit_card,36,1910.67,98940.23,0.54,6,2,457,0,0,0,0,0,1
35,112000.0,3.6,RENT,32300.0,home_improvement,36,2238.46,67455.57,0.665,5,0,73,0,0,0,0,0,0
45,89300.0,9.9,MORTGAGE,17700.0,credit_card,36,2520.78,150520.03,0.482,3,0,244,2,1,0,0,0,0
56,72800.0,5.9,RENT,27100.0,home_improvement,60,806.14,46422.97,0.38,8,1,369,0,0,0,0,0,1
31,80300.0,4.5,RENT,24600.0,credit_card,36,1523.62,38090.9,0.658,5,2,65,0,0,0,0,0,1
71,32000.0,22.0,RENT,14300.0,medical,36,313.41,11964.67,0.292,8,3,355,0,0,0,0,0,1
35,50800.0,0.4,MORTGAGE,2800.0,major_purchase,36,1488.24,83443.82,0.3,11,2,67,0,0,0,0,0,1
24,45500.0,0.6,RENT,10300.0,debt_consolidation,36,1072.88,50576.73,0.662,9,0,59,0,0,0,0,0,1
41,28800.0,9.3,RENT,6100.0,credit_card,60,734.98,39914.68,0.218,10,1,188,0,0,0,0,0,1
33,90900.0,3.2,RENT,20300.0,credit_card,36,2432.59,124014.18,0.684,7,1,71,0,0,0,0,0,1
42,97400.0,3.0,RENT,39400.0,credit_card,36,1936.81,83120.52,0.909,13,0,161,0,0,1,1,0,0
39,18000.0,6.6,RENT,3800.0,medical,60,351.13,15660.38,0.55,14,0,208,3,0,0,0,0,1
54,65600.0,17.4,RENT,24200.0,debt_consolidation,36,204.83,5450.25,0.163,8,1,139,0,0,0,0,0,1
34,54900.0,1.2,OWN,16600.0,credit_card,36,1396.54,32641.08,0.651,6,2,145,0,0,0,0,0,1
24,46900.0,1.5,RENT,11500.0,major_purchase,36,1335.02,54349.63,0.483,11,1,67,0,0,0,0,0,1
68,26700.0,14.9,MORTGAGE,8700.0,debt_consolidation,60,373.99,7050.12,0.937,5,2,481,0,0,0,1,0,1
66,68400.0,17.4,OWN,9700.0,major_purchase,36,806.61,21289.3,0.106,5,1,251,0,0,0,0,0,1
47,66900.0,8.4,RENT,7200.0,home_improvement,60,1852.27,78486.19,0.648,6,1,292,0,0,0,0,0,1
49,53800.0,20.7,MORTGAGE,23500.0,debt_consolidation,36,620.86,11949.7,0.457,5,1,301,0,0,0,0,0,1
67,103200.0,13.3,RENT,21300.0,debt_consolidation,36,1812.17,78470.32,0.56,5,3,524,0,0,0,0,0,1
48,100800.0,9.5,OWN,17300.0,debt_consolidation,36,1551.91,60513.79,0.173,7,2,152,0,0,0,0,0,1
55,23700.0,15.7,OWN,3700.0,debt_consolidation,36,331.54,7025.3,0.497,10,2,213,0,0,0,0,0,1
28,100700.0,1.9,RENT,30100.0,credit_card,36,2553.18,95638.19,0.554,12,0,104,0,0,0,0,0,0
36,39100.0,8.2,RENT,17500.0,auto,36,284.16,13383.03,0.256,8,0,175,0,0,0,0,0,1
62,57000.0,13.6,MORTGAGE,23300.0,debt_consolidation,36,1624.35,65925.39,0.227,6,1,336,0,0,0,0,0,1
56,163800.0,8.1,OWN,34400.0,debt_consolidation,36,3934.64,215737.89,0.737,5,1,332,0,0,0,0,0,1
50,64600.0,4.3,RENT,26400.0,debt_consolidation,36,1931.87,111454.63,0.05,8,2,322,0,0,0,0,0,1
38,116400.0,9.5,OWN,27100.0,medical,36,2884.33,90478.54,0.474,10,2,79,0,0,0,0,0,1
22,57600.0,0.3,MORTGAGE,5400.0,credit_card,60,1041.78,27814.99,0.754,4,1,35,0,0,0,0,0,1
69,110700.0,20.6,RENT,13900.0,debt_consolidation,60,2088.01,69436.74,0.317,12,2,469,0,0,1,1,0,0
33,64200.0,5.4,MORTGAGE,9400.0,small_business,60,2624.44,93769.84,0.768,15,0,157,0,0,0,0,0,0
24,57100.0,0.5,RENT,23800.0,medical,36,1013.66,23697.47,0.43,11,3,32,0,0,0,0,0,0
46,70800.0,4.4,MORTGAGE,31300.0,debt_consolidation,60,1438.36,69614.59,0.54,9,1,206,2,0,0,0,1,1
45,35800.0,8.4,RENT,5000.0,debt_consolidation,36,468.28,26293.56,0.515,8,1,116,0,0,0,0,0,1
50,49800.0,16.5,MORTGAGE,10500.0,debt_consolidation,36,1313.1,47810.95,0.652,11,1,196,1,0,0,0,0,0
31,92600.0,5.0,MORTGAGE,41000.0,debt_consolidation,60,1518.61,26506.77,0.233,9,0,79,0,0,0,0,0,1
27,104900.0,3.0,MORTGAGE,40800.0,debt_consolidation,36,2683.62,159124.58,0.253,4,2,58,0,0,0,0,0,1
51,40100.0,23.2,MORTGAGE,9100.0,debt_consolidation,36,589.55,17984.73,0.55,10,1,168,0,0,0,0,0,1
64,170700.0,24.5,MORTGAGE,39400.0,major_purchase,60,4982.25,123929.91,0.091,10,0,227,0,0,0,0,0,1
30,178800.0,1.9,OWN,50000.0,debt_consolidation,36,7954.14,254680.22,0.136,9,1,91,0,0,0,0,0,1
59,39800.0,15.8,MORTGAGE,2500.0,debt_consolidation,36,94.74,3380.27,0.262,4,0,371,0,0,0,0,0,1
33,51500.0,2.4,MORTGAGE,21700.0,debt_consolidation,36,1719.41,48940.03,0.659,13,1,98,0,0,0,0,0,1
51,65100.0,17.8,RENT,5600.0,debt_consolidation,36,2071.28,71827.39,0.476,12,0,162,0,0,0,0,0,1
27,129100.0,2.2,RENT,50000.0,home_improvement,60,1765.17,100241.72,0.456,10,3,52,0,0,0,0,0,0
69,90700.0,6.7,RENT,6900.0,debt_consolidation,36,1882.47,81484.98,0.508,6,0,406,0,0,0,0,0,1
62,55900.0,21.7,MORTGAGE,24500.0,auto,60,1040.29,30699.41,0.466,4,1,196,2,0,0,0,0,1
62,33000.0,19.5,MORTGAGE,1800.0,debt_consolidation,36,1268.25,19443.18,0.092,11,2,370,0,0,0,0,0,1
56,22600.0,7.0,MORTGAGE,9900.0,debt_consolidation,60,574.94,24440.5,0.157,3,1,215,0,0,0,0,0,1
40,77400.0,5.2,OWN,5800.0,home_improvement,60,2212.65,73058.51,0.456,15,1,169,0,0,0,0,0,1
24,180100.0,0.9,RENT,18000.0,auto,36,5120.91,184380.94,0.145,12,1,67,0,0,0,0,0,1
27,66300.0,3.4,MORTGAGE,28900.0,medical,36,2186.96,118654.23,0.602,12,1,40,0,0,0,0,0,1
21,83100.0,0.4,OWN,30500.0,small_business,60,1046.06,36761.42,0.205,5,0,31,0,0,0,0,0,1
64,74300.0,12.3,RENT,28700.0,auto,36,1055.03,22450.33,0.854,8,1,359,0,0,0,0,0,1
65,26900.0,13.4,MORTGAGE,6000.0,small_business,60,479.12,18857.98,0.816,9,2,458,0,0,0,0,0,1
62,157000.0,10.2,OWN,12900.0,debt_consolidation,36,3443.27,160937.56,0.422,6,0,285,0,0,0,0,0,1
67,42900.0,13.9,MORTGAGE,4700.0,small_business,36,1155.6,32948.91,0.65,10,3,450,0,0,0,0,0,1
33,42600.0,0.8,MORTGAGE,17900.0,credit_card,36,612.89,16062.46,0.249,7,2,141,1,1,0,0,0,0
42,85500.0,1.3,OWN,17400.0,credit_card,36,1024.16,32572.79,0.649,6,1,166,0,0,0,0,0,1
41,44600.0,5.4,MORTGAGE,15700.0,debt_consolidation,36,366.89,12022.91,0.596,9,1,154,0,0,0,0,0,1
42,32300.0,2.1,RENT,10500.0,credit_card,36,462.99,10773.93,0.093,4,1,227,0,0,0,0,0,1
48,112700.0,8.8,MORTGAGE,27000.0,home_improvement,60,2407.75,104923.73,0.753,16,0,341,0,0,0,0,0,1
29,71000.0,7.3,MORTGAGE,28000.0,small_business,36,1357.39,67525.59,0.685,8,1,54,0,0,0,0,0,1
46,112200.0,1.9,RENT,35000.0,debt_consolidation,36,142.96,6126.13,0.443,8,0,208,0,0,0,0,0,1
29,54000.0,4.0,MORTGAGE,18700.0,debt_consolidation,36,1227.25,46203.49,0.806,4,2,69,0,0,0,0,0,1
35,51500.0,5.9,MORTGAGE,19800.0,debt_consolidation,60,781.0,31857.52,0.594,7,0,78,0,0,0,0,0,1
30,76000.0,4.9,MORTGAGE,10600.0,debt_consolidation,60,1867.84,71181.49,0.282,9,0,90,0,0,0,0,0,1
44,80300.0,10.1,RENT,13400.0,home_improvement,36,963.75,34572.13,0.81,4,0,210,0,1,0,0,0,1
62,46500.0,20.4,MORTGAGE,16400.0,debt_consolidation,60,297.02,4831.58,0.236,10,1,461,1,0,0,0,1,1
28,43500.0,0.6,MORTGAGE,16600.0,debt_consolidation,60,630.88,24818.3,0.223,4,0,65,2,1,0,0,0,1
44,109000.0,8.4,MORTGAGE,31500.0,debt_consolidation,36,1387.11,25478.14,0.195,13,0,161,0,0,0,0,0,1
36,79500.0,1.7,OWN,35600.0,credit_card,60,2567.07,101647.23,0.341,13,2,152,0,0,0,0,0,0
69,77000.0,9.3,OWN,30900.0,debt_consolidation,36,330.97,12357.37,0.155,5,3,550,0,0,0,0,0,1
46,22300.0,6.8,RENT,8300.0,debt_consolidation,36,446.09,23845.65,0.093,5,0,202,0,0,0,1,0,1
47,76300.0,4.2,RENT,11300.0,debt_consolidation,60,1445.35,48434.22,0.645,7,0,299,0,0,0,0,0,1
57,81200.0,8.9,RENT,14900.0,medical,36,1286.52,74470.11,0.446,7,1,208,0,0,0,0,0,1
24,55500.0,0.8,RENT,10800.0,medical,36,1358.95,48412.48,0.759,6,4,34,0,0,0,0,0,1
70,90300.0,6.0,MORTGAGE,7900.0,home_improvement,36,3506.62,202230.47,0.498,9,3,304,0,0,0,0,0,1
44,45200.0,3.4,MORTGAGE,15500.0,home_improvement,60,1494.14,32978.09,0.308,7,1,178,0,0,0,0,0,1
39,79900.0,2.0,RENT,17200.0,debt_consolidation,36,1744.46,94813.21,0.378,10,2,91,0,0,0,0,0,1
56,28600.0,9.9,RENT,8500.0,debt_consolidation,36,807.42,40418.54,0.86,9,2,187,0,0,0,0,0,0
59,108800.0,15.0,RENT,36300.0,credit_card,36,2661.86,68965.01,0.424,13,1,454,0,0,0,0,0,1
30,43300.0,1.0,MORTGAGE,2300.0,home_improvement,60,744.5,44542.88,0.082,11,2,123,1,0,1,1,0,1
45,84000.0,2.3,MORTGAGE,5800.0,debt_consolidation,36,253.53,6783.23,0.242,8,1,120,0,0,0,0,0,1
38,131100.0,4.7,RENT,24100.0,credit_card,36,2521.51,94197.04,0.263,8,0,192,0,0,0,0,0,1
39,113900.0,3.7,RENT,35600.0,debt_consolidation,36,837.83,39884.85,0.288,9,1,118,0,0,0,0,0,1
56,83800.0,27.2,MORTGAGE,20200.0,credit_card,36,3159.27,47946.5,0.444,5,3,386,0,0,0,0,1,1
30,104000.0,3.2,MORTGAGE,44300.0,home_improvement,36,1080.74,33152.3,0.686,9,3,64,0,0,0,0,0,1
53,150500.0,18.4,RENT,23000.0,small_business,60,5270.05,214282.86,0.054,6,1,190,0,0,0,0,0,1
70,70700.0,10.2,MORTGAGE,6500.0,home_improvement,36,1720.56,71843.09,0.403,6,2,454,0,0,0,0,0,1
25,112800.0,1.6,RENT,10800.0,debt_consolidation,36,1336.84,65979.72,0.475,9,0,45,0,0,0,0,0,1
67,34600.0,10.8,RENT,4800.0,small_business,60,519.77,20486.81,0.17,9,0,379,0,0,0,0,0,1
69,44500.0,4.9,MORTGAGE,6400.0,debt_consolidation,36,866.21,51579.9,0.338,6,2,292,0,0,0,0,0,1
55,151500.0,7.8,RENT,30500.0,small_business,36,3154.7,139849.23,0.42,9,3,409,0,0,0,1,0,0
64,57700.0,0.5,MORTGAGE,15900.0,debt_consolidation,36,2166.0,95710.72,0.662,11,1,249,0,0,0,0,0,0
54,49600.0,3.3,OWN,7400.0,credit_card,60,1511.35,52767.74,0.587,5,3,277,0,0,2,0,0,1
53,56600.0,18.6,MORTGAGE,14500.0,credit_card,60,786.99,28182.38,0.657,10,0,203,0,0,0,0,1,0
41,44700.0,5.8,MORTGAGE,10800.0,debt_consolidation,60,1252.04,46525.31,0.274,3,1,122,0,0,0,0,0,1
37,60200.0,8.1,RENT,10500.0,major_purchase,36,565.3,32899.11,0.613,8,0,197,0,0,0,0,0,1
42,37200.0,13.3,RENT,8300.0,credit_card,36,750.97,30889.19,0.226,15,0,267,0,0,0,0,0,1
68,48400.0,10.3,MORTGAGE,9800.0,debt_consolidation,36,1005.17,17532.24,0.467,5,1,321,1,0,0,0,1,1
57,69100.0,3.3,RENT,29700.0,debt_consolidation,60,1754.45,78415.47,0.447,6,0,236,0,0,0,0,1,0
35,157100.0,4.7,RENT,12200.0,home_improvement,60,3252.16,73638.18,0.057,15,2,73,1,1,0,0,0,1
55,64600.0,13.9,RENT,23000.0,debt_consolidation,60,1865.82,63106.61,0.574,7,2,236,0,0,0,0,0,1
48,25600.0,11.5,RENT,4400.0,debt_consolidation,60,659.3,12629.53,0.165,12,0,117,0,0,0,0,0,1
27,115100.0,5.8,MORTGAGE,14300.0,credit_card,60,3316.55,72989.23,0.226,5,0,96,0,0,0,0,0,0
52,103100.0,26.0,MORTGAGE,41100.0,debt_consolidation,36,1929.55,94561.55,0.633,10,1,260,0,0,0,0,0,1
31,42800.0,4.0,OWN,10200.0,debt_consolidation,60,1052.88,33162.99,0.507,8,1,125,0,0,0,0,0,1
30,102100.0,2.3,MORTGAGE,25900.0,credit_card,36,1141.14,19575.6,0.386,11,1,110,0,0,0,0,0,1
29,61600.0,1.4,RENT,13300.0,debt_consolidation,36,431.7,20534.17,0.51,10,1,72,0,0,0,0,0,0
34,146400.0,8.8,RENT,31000.0,debt_consolidation,36,3554.09,54330.01,0.553,8,0,157,0,0,0,0,0,0
33,246000.0,2.1,RENT,50000.0,debt_consolidation,36,1001.83,51387.97,0.483,6,1,75,0,1,0,0,0,0
45,82400.0,12.4,RENT,29200.0,credit_card,36,943.88,37857.38,0.254,4,2,208,0,0,0,0,1,1
22,100900.0,0.9,MORTGAGE,36900.0,debt_consolidation,36,2590.24,138490.96,0.496,3,1,40,0,0,0,0,0,0
55,159800.0,6.9,OWN,41600.0,medical,36,2721.96,75083.87,0.366,5,1,346,0,0,0,1,0,0
27,112300.0,2.6,MORTGAGE,37100.0,home_improvement,36,1529.41,34647.81,0.521,3,2,54,0,0,0,0,0,1
41,85000.0,5.8,MORTGAGE,30700.0,debt_consolidation,36,1821.56,32832.75,0.408,5,0,216,2,0,0,0,0,1
38,62300.0,3.6,MORTGAGE,20100.0,debt_consolidation,60,157.38,7316.56,0.451,6,1,208,0,0,0,0,0,1
23,35500.0,0.5,MORTGAGE,4500.0,major_purchase,60,545.2,30499.63,0.406,11,0,56,2,0,0,0,0,0
62,56800.0,18.4,OWN,19000.0,debt_consolidation,36,1985.49,92361.77,0.792,10,2,282,0,0,0,0,0,1
59,58100.0,8.4,MORTGAGE,18000.0,major_purchase,36,1075.21,45720.94,0.404,8,0,251,0,0,0,0,1,1
61,67000.0,8.3,MORTGAGE,5900.0,home_improvement,60,2137.67,32629.58,0.373,10,2,238,2,1,0,0,0,0
69,24100.0,10.2,RENT,7400.0,debt_consolidation,36,802.73,25125.09,0.382,9,0,231,3,0,0,0,0,0
31,54300.0,3.5,RENT,21700.0,small_business,36,1137.45,65314.62,0.312,4,2,57,3,0,0,0,0,1
59,57400.0,24.8,MORTGAGE,12400.0,credit_card,60,533.36,21105.42,0.431,14,1,416,0,0,0,0,0,1
44,30800.0,4.8,RENT,3200.0,home_improvement,36,1031.84,27714.85,0.498,8,1,102,1,0,0,0,0,1
66,82700.0,14.1,MORTGAGE,24300.0,debt_consolidation,36,1547.69,31674.27,0.327,7,1,216,0,0,0,0,0,1
39,110200.0,12.0,MORTGAGE,16000.0,debt_consolidation,36,1044.97,34126.61,0.238,8,1,78,0,0,0,0,1,1
24,66000.0,1.0,MORTGAGE,17700.0,debt_consolidation,36,1624.99,34710.03,0.2,9,3,26,1,0,0,0,0,0
46,33400.0,4.0,RENT,10600.0,debt_consolidation,36,629.58,36587.97,0.203,11,1,168,0,0,0,0,0,1
58,62500.0,10.4,RENT,15900.0,debt_consolidation,60,1151.64,60825.3,0.253,6,0,265,3,0,0,0,0,1
62,99000.0,18.0,MORTGAGE,17200.0,debt_consolidation,36,1516.57,55138.42,0.186,4,1,343,0,0,0,0,0,1
52,97200.0,6.2,MORTGAGE,38200.0,major_purchase,36,2349.71,139964.66,0.247,8,1,332,0,0,0,0,0,1
59,64500.0,12.7,RENT,6700.0,debt_consolidation,60,1571.63,34250.19,0.721,10,0,325,2,0,0,0,0,1
65,82900.0,22.7,OWN,5600.0,home_improvement,36,645.29,14395.27,0.392,9,1,290,1,0,0,0,0,1
66,46700.0,18.7,MORTGAGE,17800.0,medical,36,128.16,2844.25,0.708,8,1,431,0,0,0,0,0,1
56,99700.0,1.0,MORTGAGE,6300.0,debt_consolidation,36,2024.41,43057.76,0.572,9,1,426,0,0,0,0,0,1
60,52800.0,23.9,MORTGAGE,12900.0,debt_consolidation,36,1179.2,43842.1,0.106,6,1,309,0,0,0,0,0,1
57,43500.0,5.7,RENT,11500.0,home_improvement,36,955.32,47568.95,0.65,9,0,149,0,0,0,0,0,1
53,111700.0,5.7,OWN,20700.0,home_improvement,36,2336.14,102556.78,0.103,10,1,346,0,0,0,0,0,1
56,71200.0,13.0,OWN,11400.0,debt_consolidation,36,1029.53,34924.57,0.385,10,1,142,0,0,0,0,0,1
23,69200.0,1.4,MORTGAGE,24000.0,debt_consolidation,60,972.52,15862.21,0.611,11,2,35,0,0,0,0,0,1
29,88700.0,7.1,MORTGAGE,17400.0,debt_consolidation,36,559.87,17050.69,0.306,8,1,68,0,0,0,0,0,1
28,63800.0,1.0,MORTGAGE,6300.0,credit_card,36,2119.12,57866.07,0.318,9,2,57,1,0,0,0,0,0
53,39600.0,13.3,MORTGAGE,9300.0,debt_consolidation,60,916.61,23314.4,0.247,8,1,234,0,1,0,0,0,1
26,58500.0,2.9,MORTGAGE,19900.0,credit_card,36,1208.23,39465.46,0.233,4,1,64,1,0,0,0,0,0
61,29200.0,10.3,MORTGAGE,5100.0,debt_consolidation,60,230.35,10591.98,0.628,8,2,373,0,0,0,0,0,1
59,126100.0,25.5,RENT,13000.0,credit_card,36,1247.25,60469.39,0.373,10,2,238,0,0,0,0,0,1
24,36000.0,1.2,MORTGAGE,6700.0,home_improvement,60,688.9,16188.71,0.467,6,3,60,0,0,0,0,0,1
33,192700.0,5.2,MORTGAGE,50000.0,small_business,36,4223.05,180321.72,0.344,12,2,87,0,0,0,0,0,1
69,42900.0,32.5,RENT,3900.0,debt_consolidation,60,89.64,2647.06,0.458,7,1,447,0,0,0,0,0,1
22,92900.0,0.9,MORTGAGE,13400.0,medical,36,1781.65,45683.3,0.307,11,0,19,0,0,0,0,0,1
25,185900.0,2.4,RENT,50000.0,credit_card,36,1941.68,116270.44,0.119,14,4,40,0,0,0,0,0,1
64,76400.0,0.9,MORTGAGE,10100.0,major_purchase,36,1520.25,27107.78,0.243,10,1,470,0,0,0,0,0,1
47,55400.0,3.6,RENT,4200.0,credit_card,60,1582.08,84453.29,0.424,6,1,284,1,1,0,0,0,0
52,67400.0,13.4,MORTGAGE,15000.0,credit_card,36,656.02,21610.5,0.418,9,1,195,0,0,0,0,0,1
41,41100.0,6.3,MORTGAGE,3300.0,home_improvement,36,358.74,20585.29,0.421,7,1,227,0,0,0,0,0,1
28,21700.0,3.8,MORTGAGE,1200.0,debt_consolidation,36,578.19,13799.19,0.342,11,1,43,0,0,0,0,0,1
58,91800.0,3.8,MORTGAGE,5200.0,debt_consolidation,36,929.15,55576.92,0.434,12,2,384,1,0,0,0,0,1
28,21700.0,1.0,MORTGAGE,3700.0,debt_consolidation,36,232.57,11370.8,0.133,6,1,101,0,0,0,0,0,1
70,31200.0,2.5,RENT,2500.0,small_business,36,613.11,24726.07,0.08,6,1,371,0,0,0,0,0,1
23,68300.0,2.2,RENT,8700.0,major_purchase,36,871.55,42835.08,0.635,6,2,36,0,0,0,0,0,1
64,46000.0,28.9,RENT,14200.0,small_business,36,1371.19,65940.56,0.638,10,1,315,0,0,0,0,0,1
23,86700.0,0.4,MORTGAGE,14300.0,major_purchase,36,1488.36,45171.07,0.337,6,0,51,2,1,1,0,0,1
42,159400.0,7.5,MORTGAGE,44700.0,auto,60,1927.45,109824.45,0.768,8,1,130,0,0,0,0,0,1
26,57500.0,1.5,MORTGAGE,12300.0,credit_card,60,406.53,23249.82,0.38,6,0,75,0,0,0,0,0,1
22,47400.0,0.4,RENT,19100.0,debt_consolidation,60,1061.0,28942.62,0.236,9,5,28,0,0,0,0,0,0
43,175000.0,2.6,RENT,50000.0,credit_card,36,2518.2,66909.6,0.402,8,2,270,0,0,0,0,0,1
64,96400.0,5.6,RENT,37700.0,debt_consolidation,36,1348.4,72335.33,0.524,4,0,274,1,2,0,0,1,0
22,110000.0,1.2,RENT,28300.0,debt_consolidation,36,1537.25,44208.15,0.282,7,2,23,0,0,0,0,0,1
58,105300.0,25.0,MORTGAGE,38200.0,home_improvement,60,2198.7,123761.35,0.376,12,2,221,0,0,0,0,0,1
37,57800.0,8.4,RENT,17100.0,debt_consolidation,36,738.38,33040.26,0.099,5,2,87,0,0,0,0,0,1
55,53800.0,13.5,MORTGAGE,18700.0,debt_consolidation,36,307.97,17993.12,0.343,7,3,145,0,0,0,0,0,1
54,39200.0,3.5,OWN,12700.0,home_improvement,60,469.99,24323.19,0.203,11,1,199,0,0,0,0,0,1
43,98700.0,6.7,RENT,16800.0,debt_consolidation,60,2030.94,107354.92,0.066,11,0,228,0,0,0,0,0,1
50,81800.0,21.3,OWN,8200.0,debt_consolidation,36,948.96,17570.78,0.012,6,1,211,0,0,0,0,0,1
28,94400.0,3.1,MORTGAGE,35200.0,debt_consolidation,36,3865.77,144744.0,0.141,9,0,38,0,0,0,0,0,1
42,23600.0,1.8,MORTGAGE,1900.0,credit_card,36,781.98,26026.69,0.575,9,2,270,0,0,0,0,0,0
64,110400.0,14.1,RENT,32200.0,debt_consolidation,60,842.09,42263.81,0.577,10,2,267,0,0,0,0,0,0
56,51400.0,3.4,OWN,22900.0,home_improvement,36,1212.34,35782.75,0.071,10,1,145,0,0,0,0,0,1
25,20900.0,2.4,OWN,2600.0,medical,60,456.17,20739.46,0.176,18,1,27,0,0,0,0,0,1
33,32400.0,1.8,OWN,11300.0,small_business,36,436.91,20163.93,0.172,6,3,61,0,0,0,0,0,1
49,50200.0,4.6,MORTGAGE,21600.0,major_purchase,36,792.96,22827.68,0.609,11,1,342,0,0,0,0,0,1
51,44600.0,13.6,RENT,11100.0,medical,36,1056.02,42830.52,0.439,8,0,376,0,0,0,0,0,1
67,66600.0,23.3,RENT,18600.0,debt_consolidation,36,1150.69,53674.37,0.356,3,0,453,0,0,0,0,0,1
36,85200.0,5.6,OWN,16800.0,small_business,36,1577.64,68958.61,0.116,5,1,73,0,0,0,0,0,1
62,62100.0,25.8,RENT,14100.0,credit_card,36,1713.83,51064.67,0.053,11,0,327,0,0,0,0,0,0
50,51000.0,16.4,RENT,15400.0,debt_consolidation,36,633.59,17305.37,0.5,8,1,207,0,0,0,0,0,1
36,71500.0,1.8,RENT,28500.0,home_improvement,36,1271.42,36707.92,0.139,10,1,71,0,0,0,0,0,1
32,72100.0,1.4,MORTGAGE,31100.0,debt_consolidation,36,1611.13,28067.93,0.471,8,1,52,0,0,0,0,0,0
37,133000.0,1.4,MORTGAGE,35500.0,debt_consolidation,36,2464.82,107829.54,0.127,7,0,183,0,0,0,0,0,1
36,47300.0,2.6,OWN,17200.0,home_improvement,36,775.31,36822.46,0.397,9,3,118,0,0,0,0,0,1
32,62200.0,4.9,OWN,21400.0,debt_consolidation,60,982.59,16765.38,0.872,7,3,55,0,0,0,0,0,1
28,163800.0,6.7,MORTGAGE,24400.0,debt_consolidation,36,5892.92,346421.37,0.297,12,1,96,0,0,0,0,0,1
40,33800.0,6.6,MORTGAGE,7900.0,major_purchase,36,701.7,35382.2,0.447,4,3,110,1,2,1,0,0,0
23,54100.0,1.1,RENT,17500.0,debt_consolidation,36,345.93,16275.42,0.614,16,0,49,2,2,1,0,0,0
36,40000.0,7.4,RENT,4100.0,home_improvement,36,738.04,38812.66,0.696,7,1,134,0,0,0,0,0,1
50,33200.0,12.9,MORTGAGE,13400.0,debt_consolidation,36,373.52,20514.36,0.078,4,1,360,1,1,0,0,0,1
65,74900.0,8.3,MORTGAGE,15800.0,major_purchase,36,2426.03,68392.69,0.258,12,2,232,0,0,0,0,0,1
43,137500.0,5.2,MORTGAGE,31800.0,debt_consolidation,36,3086.2,113315.04,0.232,13,2,251,1,0,2,0,0,1
48,209800.0,11.8,RENT,50000.0,debt_consolidation,36,8758.36,383732.36,0.471,5,1,155,0,0,0,0,0,1
71,64700.0,11.8,MORTGAGE,7700.0,debt_consolidation,36,1672.63,91552.92,0.36,7,1,550,0,0,0,0,0,0
60,87300.0,9.9,RENT,5600.0,small_business,36,1117.64,52950.64,0.1,8,0,398,0,0,0,0,0,1
25,89100.0,1.2,RENT,14600.0,debt_consolidation,36,2631.83,116214.87,0.653,7,2,31,0,0,0,0,0,1
40,59100.0,10.3,MORTGAGE,6500.0,home_improvement,60,1129.47,44401.99,0.422,6,2,236,0,0,0,0,0,1
60,133800.0,5.8,RENT,50000.0,debt_consolidation,36,1126.16,33024.74,0.506,8,0,380,0,0,0,0,0,1
64,60400.0,9.6,MORTGAGE,16700.0,major_purchase,36,1548.58,73044.58,0.085,8,1,188,0,0,0,0,0,1
21,120200.0,0.8,MORTGAGE,33200.0,debt_consolidation,36,897.59,31734.28,0.52,8,0,16,0,0,0,0,0,1
50,54400.0,14.8,MORTGAGE,20000.0,debt_consolidation,60,1453.49,28689.67,0.814,9,0,194,0,0,0,0,0,1
41,35100.0,3.0,MORTGAGE,5400.0,home_improvement,36,736.41,37757.39,0.49,6,1,189,0,0,0,0,0,0
40,36300.0,8.1,OWN,9400.0,home_improvement,36,591.84,26844.12,0.177,4,2,248,0,0,0,0,0,1
26,27200.0,1.0,RENT,2900.0,credit_card,36,753.13,28037.6,0.914,5,1,64,0,0,0,0,0,0
42,132600.0,17.6,OWN,11600.0,debt_consolidation,60,2083.75,114238.14,0.726,5,2,161,0,0,0,0,0,1
38,133600.0,2.2,RENT,30200.0,credit_card,60,2625.3,125211.53,0.626,12,0,224,0,0,0,0,0,1
28,44700.0,1.1,RENT,18600.0,debt_consolidation,36,463.26,19158.92,0.236,5,1,58,0,0,0,0,0,1
59,36800.0,18.9,RENT,8300.0,medical,36,612.55,30219.6,0.343,4,1,330,0,0,0,0,0,1
52,43200.0,6.2,OWN,10000.0,credit_card,36,258.23,13903.25,0.164,8,2,178,0,0,0,0,0,1
53,73000.0,21.0,MORTGAGE,28900.0,debt_consolidation,36,2256.39,93738.58,0.36,8,0,145,1,0,0,0,0,1
36,39500.0,6.4,RENT,6500.0,major_purchase,60,1016.95,55349.88,0.101,7,0,205,0,0,0,0,0,1
32,89500.0,7.2,RENT,22000.0,debt_consolidation,60,1670.94,75485.21,0.721,8,1,88,0,0,0,0,0,1
58,56000.0,4.6,RENT,6500.0,auto,60,1071.62,43268.84,0.604,11,2,322,0,0,0,0,0,1
54,120100.0,3.9,MORTGAGE,46700.0,home_improvement,36,1132.98,39843.26,0.291,8,1,138,0,0,0,0,0,1
34,95900.0,4.9,RENT,6200.0,credit_card,36,750.46,16215.04,0.434,2,0,148,0,0,0,0,1,1
56,35700.0,17.9,MORTGAGE,7700.0,debt_consolidation,36,958.46,15084.63,0.176,8,0,186,0,0,0,0,0,1
53,33100.0,1.6,MORTGAGE,5300.0,credit_card,36,674.05,16754.12,0.328,5,2,131,2,0,0,0,0,0
43,74200.0,11.5,MORTGAGE,11300.0,debt_consolidation,36,414.18,9806.46,0.325,8,3,251,0,0,0,0,0,1
70,59900.0,20.0,MORTGAGE,8800.0,home_improvement,60,1187.01,29858.44,0.215,5,4,456,0,0,0,0,0,1
65,133300.0,20.3,RENT,26400.0,debt_consolidation,36,3037.62,93912.5,0.705,8,1,297,0,0,0,0,0,1
22,82000.0,0.4,RENT,33700.0,debt_consolidation,36,1459.85,52250.4,0.244,9,0,38,1,1,0,0,0,0
61,51400.0,25.9,MORTGAGE,17100.0,credit_card,60,350.35,18363.82,0.177,6,0,474,0,0,1,0,1,1
41,166800.0,1.5,MORTGAGE,50000.0,small_business,36,5116.57,161857.84,0.384,6,2,244,0,0,0,0,0,0
22,52300.0,0.8,MORTGAGE,6700.0,credit_card,36,417.79,10654.02,0.317,6,0,40,0,0,0,0,0,1
47,31700.0,14.4,MORTGAGE,12400.0,home_improvement,60,503.64,29962.72,0.52,8,2,176,0,0,0,0,0,1
29,59100.0,1.1,MORTGAGE,13100.0,debt_consolidation,36,1840.89,110278.62,0.374,9,5,101,0,0,0,1,0,0
21,42500.0,0.0,RENT,18800.0,debt_consolidation,36,1646.74,81263.75,0.049,9,3,24,0,0,0,0,0,0
31,113900.0,5.9,MORTGAGE,32700.0,debt_consolidation,36,1426.39,44926.24,0.188,6,2,123,0,0,0,0,0,1
23,35600.0,1.3,RENT,8700.0,debt_consolidation,60,526.92,17496.38,0.422,4,1,23,0,0,0,0,0,1
43,105600.0,13.9,MORTGAGE,44400.0,small_business,36,1970.3,45532.52,0.807,6,1,235,0,0,0,0,0,1
46,57300.0,8.4,RENT,11600.0,debt_consolidation,36,775.97,20823.66,0.314,7,1,276,0,0,0,0,0,1
24,27700.0,2.4,RENT,9700.0,debt_consolidation,36,598.61,27155.02,0.278,8,1,42,0,0,0,0,0,0
38,83700.0,7.6,OWN,20000.0,major_purchase,36,1085.12,44841.08,0.33,9,1,117,0,0,0,0,0,0
26,127100.0,3.5,RENT,43700.0,medical,36,1338.76,47817.79,0.285,8,0,86,0,0,0,0,0,1
55,70000.0,13.2,RENT,11200.0,credit_card,60,1264.63,54251.99,0.443,5,2,407,0,0,0,0,0,1
42,59600.0,6.5,OWN,12700.0,debt_consolidation,36,1362.85,50110.8,0.23,12,3,142,0,0,0,0,0,1
63,183900.0,8.0,MORTGAGE,34600.0,debt_consolidation,36,3535.4,205145.13,0.405,5,0,194,0,0,0,0,0,1
35,128000.0,2.6,MORTGAGE,50000.0,debt_consolidation,60,1273.19,68126.56,0.343,8,3,181,1,1,2,0,0,0
42,101100.0,13.6,MORTGAGE,42600.0,home_improvement,60,1000.22,49215.36,0.428,10,4,190,0,0,0,0,0,0
57,21900.0,8.1,MORTGAGE,7500.0,debt_consolidation,36,909.33,17770.43,0.545,8,0,400,0,0,0,0,0,1
62,45100.0,17.0,RENT,17100.0,debt_consolidation,36,1078.66,39148.32,0.285,6,0,336,0,0,0,0,0,1
32,58800.0,2.1,MORTGAGE,11300.0,debt_consolidation,36,756.28,32207.24,0.381,12,2,104,0,0,1,0,0,0
67,85400.0,11.1,MORTGAGE,9400.0,credit_card,36,3773.88,71619.28,0.388,13,0,435,0,0,0,0,0,1
69,108300.0,30.2,MORTGAGE,35200.0,debt_consolidation,36,624.59,34983.78,0.308,2,0,225,1,1,0,0,0,1
62,37300.0,7.3,RENT,11400.0,debt_consolidation,60,222.11,5487.58,0.311,8,2,293,1,0,0,0,0,1
58,91000.0,13.5,RENT,14200.0,credit_card,36,2071.4,31549.91,0.202,4,2,403,0,0,0,0,0,1
38,34900.0,1.3,RENT,14500.0,debt_consolidation,36,668.16,22471.26,0.261,15,1,134,0,0,0,0,0,0
65,97800.0,25.1,MORTGAGE,18900.0,debt_consolidation,36,2169.67,44689.84,0.333,8,2,224,0,1,0,0,0,1
55,36100.0,5.7,RENT,13600.0,debt_consolidation,60,800.03,38191.16,0.484,13,3,177,0,0,0,0,0,0
50,131100.0,1.5,OWN,13300.0,home_improvement,60,2290.66,121453.96,0.345,13,0,351,1,0,0,0,0,1
44,76100.0,1.5,OWN,12500.0,small_business,36,2189.65,75677.41,0.339,12,1,294,0,0,0,0,0,1
62,53600.0,14.6,MORTGAGE,15900.0,major_purchase,36,1075.65,63234.92,0.469,11,2,302,0,0,0,0,0,1
50,78200.0,7.3,OWN,11500.0,credit_card,36,1569.65,59880.5,0.362,5,1,313,1,0,0,0,0,1
34,46200.0,3.0,RENT,20000.0,medical,36,806.93,31230.07,0.297,10,0,155,0,0,0,0,0,1
26,67000.0,2.8,MORTGAGE,18100.0,debt_consolidation,60,2578.73,129354.25,0.21,7,0,52,0,2,0,0,0,1
23,38200.0,1.3,MORTGAGE,13100.0,home_improvement,36,477.24,10871.97,0.321,12,0,47,0,0,0,0,0,1
36,77900.0,6.1,RENT,21400.0,home_improvement,36,1022.33,24283.64,0.242,8,1,121,1,1,0,0,0,1
27,57600.0,1.9,RENT,12300.0,debt_consolidation,36,1141.54,59669.18,0.276,7,0,99,0,0,0,0,0,1
34,59100.0,7.4,MORTGAGE,22400.0,debt_consolidation,60,1224.09,21037.88,0.348,10,1,104,0,0,0,1,0,1
29,64700.0,1.3,MORTGAGE,3800.0,medical,36,1772.08,47588.0,0.161,5,2,78,0,0,0,0,0,1
35,40600.0,3.7,MORTGAGE,9000.0,home_improvement,36,385.77,16205.98,0.91,10,5,85,0,0,0,0,0,0
41,207500.0,15.4,MORTGAGE,50000.0,debt_consolidation,36,4078.55,175635.84,0.438,9,0,208,0,0,0,0,0,1
55,59100.0,6.7,MORTGAGE,5000.0,credit_card,36,1094.13,48908.23,0.169,9,3,387,0,0,0,0,0,1
22,121100.0,1.5,RENT,16100.0,credit_card,36,2732.99,154548.51,0.405,7,1,28,0,0,0,1,0,1
47,34900.0,1.5,MORTGAGE,15200.0,auto,60,1341.55,28058.86,0.375,5,2,228,0,2,0,0,0,1
22,19200.0,0.5,MORTGAGE,8300.0,home_improvement,36,347.46,11370.54,0.028,5,3,36,0,0,0,0,0,1
55,76200.0,22.5,RENT,15500.0,credit_card,36,1564.61,38964.75,0.282,8,3,247,0,0,0,0,0,1
38,118900.0,4.2,OWN,41700.0,major_purchase,36,3176.63,164439.07,0.538,4,0,107,0,0,0,0,0,1
34,129100.0,7.2,MORTGAGE,38800.0,credit_card,36,2846.34,68415.31,0.107,7,1,163,0,0,0,0,0,1
40,110600.0,9.6,MORTGAGE,27300.0,medical,60,2578.59,119347.89,0.452,5,1,186,0,0,0,0,0,1
38,58900.0,2.7,MORTGAGE,22100.0,credit_card,60,550.81,32967.75,0.617,9,2,152,0,0,0,0,0,0
30,90800.0,0.3,OWN,28200.0,home_improvement,36,2113.03,69679.19,0.486,6,1,48,0,0,0,0,0,1
45,46600.0,6.4,RENT,4000.0,credit_card,60,1589.7,57342.14,0.7,5,0,232,0,0,0,0,0,1
22,47300.0,0.9,MORTGAGE,18300.0,credit_card,36,505.37,17094.95,0.494,10,1,43,0,0,0,0,1,1
45,74600.0,6.5,RENT,11900.0,debt_consolidation,36,2067.73,81612.0,0.263,7,0,203,0,0,0,0,0,1
53,75400.0,7.8,RENT,22900.0,major_purchase,36,1121.43,39395.86,0.453,11,2,279,1,0,0,0,0,1
56,49400.0,0.9,RENT,17800.0,debt_consolidation,36,833.36,39876.14,0.451,5,1,269,0,0,0,0,0,1
51,73200.0,10.8,MORTGAGE,29900.0,debt_consolidation,36,1488.63,22974.49,0.263,8,1,156,0,0,0,0,0,1
34,124000.0,5.0,MORTGAGE,50000.0,home_improvement,60,719.55,26014.75,0.203,9,1,73,0,0,0,0,0,1
21,40600.0,0.8,MORTGAGE,17100.0,credit_card,36,709.86,29017.73,0.282,8,2,17,0,0,0,0,0,0
66,95800.0,23.5,MORTGAGE,30000.0,debt_consolidation,36,2569.12,42089.92,0.285,12,0,294,0,0,0,0,0,1
36,31200.0,4.1,OWN,9300.0,major_purchase,60,854.75,16984.59,0.47,9,3,165,0,0,0,0,0,0
66,26300.0,3.6,MORTGAGE,1500.0,debt_consolidation,36,520.77,16631.5,0.428,13,1,474,0,0,0,0,0,1
23,78200.0,0.8,RENT,6600.0,debt_consolidation,36,1447.53,43964.94,0.519,5,2,34,0,0,0,0,1,0
55,63900.0,14.7,RENT,13200.0,debt_consolidation,36,359.38,20276.67,0.492,12,1,257,1,1,1,0,0,1
61,70500.0,12.2,RENT,25900.0,medical,36,1318.35,20487.55,0.266,6,1,427,0,0,0,0,0,1
26,69900.0,3.1,RENT,20000.0,debt_consolidation,36,2123.52,109918.99,0.688,6,2,69,0,0,0,0,0,1
45,111900.0,11.4,RENT,16100.0,debt_consolidation,36,4074.24,71026.63,0.141,8,3,197,1,1,0,0,0,1
33,88700.0,5.4,MORTGAGE,8800.0,credit_card,36,987.75,52128.2,0.454,6,0,132,0,0,0,0,0,1
54,85600.0,7.3,RENT,20300.0,credit_card,36,207.6,7191.71,0.691,8,0,401,0,0,0,0,0,1
28,141600.0,3.5,RENT,50000.0,auto,60,1027.59,45087.39,0.199,8,3,49,0,0,0,0,1,0
41,108700.0,11.1,RENT,7700.0,major_purchase,36,2610.93,60178.76,0.197,6,1,223,0,0,0,0,0,1
54,73000.0,10.7,MORTGAGE,17200.0,debt_consolidation,36,1124.7,57273.41,0.355,10,2,388,0,0,0,0,0,1
24,118300.0,1.4,OWN,8700.0,home_improvement,36,2785.66,102813.61,0.531,6,0,47,0,0,0,0,0,1
45,56900.0,4.1,OWN,8500.0,debt_consolidation,60,1209.39,20697.96,0.809,8,1,141,0,0,0,0,0,0
35,57700.0,3.4,MORTGAGE,24900.0,debt_consolidation,36,290.46,14797.2,0.411,6,1,130,0,0,0,0,0,1
24,136400.0,0.6,MORTGAGE,12500.0,debt_consolidation,60,2186.56,105682.95,0.137,13,2,56,1,0,0,0,0,1
65,58400.0,7.3,MORTGAGE,4100.0,credit_card,60,816.09,40372.45,0.844,13,1,332,1,0,0,0,0,1
32,82700.0,7.1,MORTGAGE,7000.0,credit_card,36,3788.24,137428.77,0.023,6,1,155,0,0,0,0,0,1
52,80300.0,16.1,MORTGAGE,26200.0,home_improvement,36,854.08,13493.84,0.697,9,1,369,0,0,0,0,0,1
52,72100.0,17.3,MORTGAGE,4000.0,debt_consolidation,36,1430.79,77815.34,0.5,12,0,209,0,0,0,0,0,1
48,178100.0,6.9,MORTGAGE,36900.0,debt_consolidation,36,1291.37,56243.03,0.619,6,2,323,0,0,0,0,0,1
33,61800.0,2.3,OWN,26700.0,major_purchase,60,1050.81,57802.61,0.347,9,1,85,0,0,0,0,0,1
51,175500.0,8.8,RENT,13600.0,debt_consolidation,60,4239.17,104785.28,0.295,9,2,159,1,0,1,0,1,0
34,36600.0,5.8,MORTGAGE,15500.0,credit_card,36,892.17,41304.5,0.262,10,2,70,0,0,0,0,0,1
40,64500.0,3.4,RENT,6300.0,home_improvement,60,1637.24,94303.36,0.431,10,1,196,0,0,0,0,0,1
38,58000.0,7.4,MORTGAGE,5900.0,debt_consolidation,60,499.84,29907.66,0.045,4,0,189,0,0,0,0,0,1
49,101300.0,19.5,RENT,29600.0,major_purchase,36,3850.24,113552.49,0.244,5,1,323,2,0,1,0,0,1
26,31400.0,0.2,MORTGAGE,4600.0,home_improvement,36,275.72,12279.05,0.173,9,0,41,0,0,0,0,0,1
52,81600.0,3.0,MORTGAGE,4200.0,credit_card,36,2168.21,72724.91,0.148,8,3,170,0,0,0,0,0,1
49,110000.0,20.8,MORTGAGE,38500.0,debt_consolidation,36,925.03,54162.34,0.262,6,0,153,0,0,0,0,0,1
63,55300.0,9.2,MORTGAGE,11000.0,home_improvement,36,398.98,12561.64,0.496,9,4,191,0,0,0,0,0,1
22,47000.0,0.5,MORTGAGE,19400.0,small_business,36,1075.58,32745.37,0.476,9,0,23,0,0,0,0,0,1
43,47200.0,1.7,MORTGAGE,7600.0,home_improvement,36,731.71,11741.96,0.029,8,2,213,0,0,0,0,0,1
39,86800.0,2.5,MORTGAGE,27600.0,credit_card,36,812.31,25119.05,0.243,11,1,98,0,0,0,0,0,1
51,27700.0,16.6,MORTGAGE,5000.0,home_improvement,36,737.65,21268.16,0.569,12,2,214,0,0,0,0,0,1
71,32200.0,30.6,MORTGAGE,3500.0,auto,60,592.14,12315.61,0.086,10,1,495,0,0,0,0,0,1
25,69300.0,3.2,RENT,30500.0,debt_consolidation,36,1378.52,22810.31,0.086,11,0,69,0,0,0,0,0,1
39,91200.0,5.0,MORTGAGE,26000.0,credit_card,36,1008.77,15842.25,0.171,9,2,145,0,0,0,0,0,1
54,77000.0,9.0,RENT,29700.0,small_business,36,1136.29,36410.5,0.42,8,1,177,0,0,0,0,0,1
30,92100.0,4.2,RENT,13800.0,credit_card,36,1378.85,44035.52,0.368,5,2,127,0,0,0,0,0,1
45,37200.0,9.5,RENT,7700.0,debt_consolidation,60,637.98,17955.43,0.234,13,0,114,0,0,0,0,1,1
22,25300.0,1.0,MORTGAGE,6100.0,small_business,60,775.12,27816.36,0.409,6,3,30,0,0,0,1,0,0
31,107500.0,4.2,RENT,32400.0,major_purchase,36,516.18,29187.29,0.244,7,2,122,0,0,0,0,0,1
70,33000.0,17.6,MORTGAGE,6900.0,home_improvement,60,878.0,24901.26,0.444,5,4,203,0,0,0,1,0,1
51,87800.0,3.9,RENT,13100.0,credit_card,60,1765.32,88306.43,0.263,13,1,331,0,0,0,0,0,1
35,24200.0,1.2,OWN,3000.0,debt_consolidation,36,155.39,2615.46,0.142,9,1,108,0,0,0,0,1,1
29,96000.0,4.0,MORTGAGE,27800.0,debt_consolidation,36,1249.35,71063.84,0.336,14,0,46,0,0,0,0,0,1
43,66100.0,5.5,MORTGAGE,9900.0,home_improvement,60,417.62,12265.8,0.313,11,2,213,0,0,0,0,0,1
39,117300.0,1.6,MORTGAGE,24500.0,credit_card,36,1783.44,55073.95,0.369,5,4,187,0,0,0,0,0,1
29,102300.0,3.9,RENT,6500.0,debt_consolidation,60,1306.0,45740.62,0.659,11,1,75,0,0,1,0,0,0
55,54700.0,24.8,OWN,8300.0,debt_consolidation,36,619.9,17060.82,0.23,8,0,142,0,0,0,0,0,1
41,49000.0,3.5,MORTGAGE,11900.0,debt_consolidation,36,384.81,21337.4,0.195,9,2,213,0,0,0,0,0,1
29,78700.0,2.6,MORTGAGE,29000.0,home_improvement,36,1468.23,25200.3,0.601,9,2,103,0,0,0,0,0,1
48,50200.0,5.3,MORTGAGE,10000.0,debt_consolidation,36,401.67,7292.21,0.269,8,0,340,1,0,0,0,1,1
66,18000.0,10.3,OWN,3000.0,debt_consolidation,36,281.86,9137.22,0.39,11,1,455,0,1,0,0,0,1
71,56700.0,13.4,RENT,14500.0,debt_consolidation,36,1037.77,23252.67,0.241,6,1,333,2,0,0,0,0,0
27,41200.0,1.4,RENT,2900.0,small_business,36,1067.33,52173.19,0.696,10,2,95,0,0,0,0,0,1
36,49300.0,6.9,MORTGAGE,9400.0,debt_consolidation,60,884.58,22626.38,0.246,5,0,66,0,0,0,0,0,1
36,77900.0,0.6,RENT,8100.0,credit_card,36,1817.2,50498.65,0.322,1,0,137,0,0,0,0,0,1
53,131000.0,12.7,MORTGAGE,19800.0,debt_consolidation,36,1811.0,48184.78,0.138,8,4,319,1,0,0,0,0,1
24,181800.0,0.8,RENT,37500.0,credit_card,36,6781.68,376196.07,0.604,6,1,27,0,0,0,0,0,1
24,86600.0,0.5,RENT,6300.0,credit_card,36,2998.52,156043.55,0.21,9,1,22,0,0,0,0,0,0
59,47700.0,7.7,MORTGAGE,17600.0,credit_card,36,489.15,19214.29,0.486,9,1,409,0,0,0,0,0,1
60,112800.0,27.1,MORTGAGE,18000.0,debt_consolidation,60,1126.51,17005.57,0.13,7,1,466,0,0,0,1,0,1
37,28800.0,6.6,MORTGAGE,4100.0,credit_card,60,611.05,18194.62,0.781,5,1,82,0,0,0,0,0,1
57,45300.0,21.0,RENT,8500.0,debt_consolidation,36,692.6,25258.26,0.073,8,2,325,0,0,0,0,0,1
59,58300.0,4.7,RENT,11500.0,debt_consolidation,60,1747.71,67167.44,0.193,5,1,173,0,0,0,0,1,1
49,23000.0,4.1,OWN,8600.0,major_purchase,36,486.41,12697.68,0.078,6,1,261,0,0,0,1,0,1
56,75800.0,20.7,RENT,12400.0,home_improvement,36,876.96,38150.51,0.915,10,1,269,0,0,0,0,0,0
58,42100.0,15.8,RENT,9900.0,debt_consolidation,60,598.64,14125.92,0.759,7,1,309,1,0,0,0,0,1
59,75700.0,7.6,OWN,18900.0,credit_card,36,2567.72,93351.41,0.252,7,0,201,0,0,0,0,0,1
70,57200.0,2.0,OWN,9900.0,medical,60,882.11,28481.22,0.608,6,1,228,0,0,0,0,0,1
57,41700.0,12.5,MORTGAGE,15200.0,debt_consolidation,60,283.76,8744.61,0.207,8,0,303,1,1,0,0,0,1
55,38200.0,10.5,RENT,11400.0,medical,60,499.54,15943.33,0.238,11,0,194,0,0,0,0,0,1
27,64400.0,1.6,RENT,21800.0,home_improvement,60,337.64,11849.68,0.678,8,2,89,0,0,0,0,0,0
47,98600.0,6.8,RENT,7100.0,credit_card,60,1111.21,28947.41,0.193,9,2,127,0,0,0,0,0,1
48,96900.0,18.2,MORTGAGE,36600.0,auto,60,2048.86,53569.01,0.265,6,3,146,2,1,0,0,0,1
42,77800.0,8.6,RENT,11400.0,debt_consolidation,36,2002.99,48588.35,0.589,11,2,192,0,0,0,0,0,1
34,90700.0,2.8,RENT,7900.0,debt_consolidation,36,300.87,13521.66,0.417,8,1,154,0,0,0,0,0,1
27,68900.0,1.6,RENT,21700.0,debt_consolidation,36,465.14,12326.16,0.588,5,2,76,0,0,0,1,0,1
57,46100.0,29.7,MORTGAGE,6300.0,home_improvement,60,1029.41,16634.92,0.223,6,2,427,0,0,1,0,0,1
42,143300.0,11.4,MORTGAGE,30500.0,debt_consolidation,60,2249.05,77882.42,0.258,6,0,240,0,0,0,0,0,1
25,46200.0,1.8,MORTGAGE,15400.0,debt_consolidation,60,1752.61,65311.07,0.295,8,2,64,0,0,0,0,0,1
22,157400.0,0.8,RENT,14300.0,credit_card,36,974.43,56593.48,0.369,7,4,20,0,0,0,0,0,1
47,93900.0,18.1,OWN,9500.0,debt_consolidation,36,719.31,31216.5,0.475,6,1,263,0,0,0,0,0,1
41,57600.0,15.9,MORTGAGE,18200.0,debt_consolidation,60,384.46,7597.39,0.657,12,1,91,0,0,0,0,0,1
58,32600.0,20.2,MORTGAGE,7500.0,debt_consolidation,36,478.97,16894.9,0.217,8,0,302,2,0,0,0,0,1
35,79600.0,4.0,OWN,11000.0,small_business,36,1005.12,48953.87,0.233,14,1,91,0,0,0,0,0,1
41,64500.0,6.0,RENT,16500.0,medical,60,704.18,36790.88,0.34,9,0,100,0,0,0,0,0,1
30,129000.0,7.8,MORTGAGE,38400.0,credit_card,60,1991.51,85854.07,0.286,8,1,119,0,0,0,0,0,1
43,37400.0,12.0,MORTGAGE,7900.0,debt_consolidation,36,534.63,29583.76,0.257,9,1,172,0,0,0,0,0,1
59,118300.0,3.2,RENT,14100.0,debt_consolidation,36,2619.25,102134.67,0.656,9,1,241,0,0,0,0,0,1
25,148900.0,2.7,RENT,46000.0,debt_consolidation,36,2924.83,93977.3,0.416,7,1,42,0,0,0,0,0,1
21,44500.0,0.3,OWN,4400.0,major_purchase,60,1273.44,46959.94,0.24,7,0,17,1,0,0,0,0,1
33,99300.0,6.1,RENT,30900.0,credit_card,36,3185.44,54547.2,0.194,8,0,93,0,0,0,0,0,1
41,143200.0,2.3,MORTGAGE,22700.0,debt_consolidation,60,3608.42,55708.66,0.358,11,1,93,0,0,0,0,0,0
46,139900.0,10.4,MORTGAGE,7100.0,debt_consolidation,36,1877.88,79167.96,0.621,9,1,222,0,0,0,0,0,0
70,118100.0,14.8,RENT,27900.0,credit_card,60,2813.44,71160.92,0.454,5,2,195,0,0,0,0,0,1
65,170400.0,18.4,RENT,29600.0,small_business,36,1732.85,58225.07,0.648,7,2,504,0,0,0,0,0,1
41,68600.0,3.9,RENT,9700.0,medical,36,1793.89,82371.96,0.131,6,3,183,1,1,0,0,0,1
38,64600.0,4.9,RENT,16100.0,debt_consolidation,36,875.38,28132.72,0.056,18,0,203,0,0,0,0,0,1
57,156900.0,10.1,OWN,29000.0,small_business,36,2246.47,100836.5,0.613,6,1,186,0,0,0,0,0,1
65,18100.0,21.3,MORTGAGE,3000.0,debt_consolidation,36,323.89,11066.26,0.166,8,2,456,0,0,0,0,0,1
52,56600.0,2.4,RENT,20100.0,debt_consolidation,36,1101.05,17984.81,0.034,7,0,339,1,0,0,0,0,1
56,42200.0,11.2,RENT,3500.0,debt_consolidation,36,693.65,36724.49,0.489,6,3,278,0,0,1,0,0,1
37,67700.0,1.3,MORTGAGE,14200.0,debt_consolidation,60,1442.27,72620.4,0.315,12,0,134,0,0,0,0,0,1
55,83200.0,19.8,RENT,12400.0,debt_consolidation,36,2421.96,102937.91,0.47,10,2,330,0,0,0,0,0,1
69,91400.0,2.9,MORTGAGE,15000.0,debt_consolidation,36,1561.06,58193.42,0.298,11,2,345,0,0,0,0,0,1
31,69100.0,5.1,RENT,15700.0,major_purchase,36,2117.03,41010.77,0.312,9,2,129,1,1,0,0,0,1
41,72800.0,6.0,OWN,30500.0,debt_consolidation,60,910.66,41236.0,0.744,11,3,94,0,0,0,0,0,1
46,112800.0,13.1,RENT,35400.0,credit_card,36,2834.43,42517.29,0.126,5,2,129,0,0,0,0,0,1
24,48300.0,1.0,MORTGAGE,6100.0,credit_card,36,676.73,20848.05,0.567,8,3,68,0,0,0,0,0,1
54,54700.0,13.0,MORTGAGE,15300.0,auto,60,381.91,14788.9,0.259,10,0,393,0,0,0,0,0,1
68,40000.0,14.8,MORTGAGE,4500.0,debt_consolidation,36,474.61,22556.98,0.465,10,3,486,1,0,1,0,0,1
38,65700.0,10.6,MORTGAGE,26600.0,debt_consolidation,36,2730.03,85857.56,0.317,7,0,197,0,0,0,0,0,0
60,27100.0,7.2,RENT,5900.0,medical,36,324.33,13691.22,0.043,6,1,285,1,1,1,1,0,1
55,135200.0,10.6,MORTGAGE,50000.0,credit_card,60,1201.71,21477.17,0.772,7,0,287,0,0,0,0,0,1
61,102500.0,16.8,MORTGAGE,32300.0,debt_consolidation,36,1676.17,78850.76,0.826,5,2,297,0,0,0,0,0,1
49,38600.0,8.4,MORTGAGE,14800.0,debt_consolidation,36,1095.75,26236.34,0.753,6,3,176,0,2,0,0,0,0
49,130500.0,10.2,MORTGAGE,15900.0,debt_consolidation,36,3113.48,47421.76,0.685,6,1,204,0,0,0,0,0,1
58,57200.0,1.3,RENT,22400.0,credit_card,60,787.23,34726.15,0.114,10,1,245,0,0,0,0,0,1
62,45000.0,20.5,RENT,5700.0,home_improvement,36,579.44,10309.66,0.39,13,1,214,0,0,0,0,0,1
41,81300.0,8.6,MORTGAGE,35800.0,credit_card,36,976.67,34484.23,0.76,13,1,241,0,0,0,0,0,1
62,26700.0,9.0,RENT,4300.0,major_purchase,60,126.3,6771.47,0.226,8,1,424,0,0,0,0,0,1
33,54700.0,3.0,OWN,17700.0,credit_card,36,748.66,23524.76,0.11,6,1,105,0,0,0,0,0,1
69,81200.0,4.8,MORTGAGE,21800.0,debt_consolidation,36,1287.72,57288.11,0.424,8,0,206,0,1,1,0,1,1
61,176400.0,17.8,MORTGAGE,42600.0,debt_consolidation,36,6028.34,331996.77,0.249,6,0,359,2,0,0,0,0,1
37,32900.0,0.5,RENT,7300.0,debt_consolidation,36,545.02,26152.18,0.279,5,0,75,0,0,0,0,0,1
29,34300.0,3.9,MORTGAGE,7000.0,debt_consolidation,36,857.48,33042.93,0.37,12,2,62,0,0,0,0,0,0
61,58000.0,6.1,RENT,9900.0,auto,60,1336.82,43315.01,0.349,6,0,228,1,0,0,0,0,1
21,55400.0,0.4,MORTGAGE,16000.0,debt_consolidation,36,498.07,27669.75,0.3,5,0,12,0,0,0,0,0,1
22,101900.0,0.8,RENT,45200.0,credit_card,36,1163.42,30643.58,0.22,5,1,23,0,0,0,0,0,1
68,152900.0,7.9,MORTGAGE,48800.0,debt_consolidation,36,4537.24,183565.15,0.381,9,0,520,0,0,0,0,0,1
49,116400.0,6.4,RENT,41100.0,debt_consolidation,60,3366.47,177806.73,0.755,4,1,238,0,0,0,0,0,1
53,51900.0,18.8,MORTGAGE,16200.0,credit_card,36,991.24,24977.81,0.488,5,1,144,0,0,0,0,0,1
30,147000.0,6.1,RENT,37700.0,credit_card,36,1074.41,37922.99,0.585,6,4,58,0,0,0,0,0,1
70,63400.0,17.6,RENT,23900.0,debt_consolidation,36,184.69,9384.48,0.063,8,0,339,0,0,0,0,0,1
60,88000.0,19.4,RENT,15800.0,major_purchase,36,1111.51,40856.29,0.409,6,1,299,0,0,0,0,0,1
41,83300.0,14.3,RENT,13300.0,credit_card,36,2032.5,77270.74,0.281,9,1,122,0,0,0,0,0,1
48,84600.0,8.9,RENT,17200.0,debt_consolidation,60,1892.42,68366.73,0.297,7,2,230,1,1,0,0,0,1
31,107000.0,1.2,RENT,30100.0,home_improvement,36,3964.37,141488.12,0.137,7,2,97,0,0,0,0,0,1
54,103100.0,22.2,RENT,5200.0,debt_consolidation,36,2908.63,168058.57,0.43,6,1,286,0,0,0,0,0,1
28,98600.0,1.0,MORTGAGE,37900.0,credit_card,36,1472.11,74532.41,0.47,5,1,51,1,0,0,0,0,0
42,49600.0,2.9,MORTGAGE,8500.0,credit_card,36,611.59,27163.61,0.234,9,1,150,0,0,0,0,0,1
28,41000.0,3.7,OWN,11900.0,home_improvement,60,1208.69,50537.79,0.172,8,1,102,0,0,0,0,0,1
69,99600.0,6.8,MORTGAGE,7100.0,debt_consolidation,36,3021.73,49966.9,0.411,11,0,292,0,0,0,0,0,1
35,79500.0,0.8,RENT,17700.0,small_business,60,666.3,33246.98,0.498,10,0,94,0,0,0,0,0,1
37,107300.0,4.0,MORTGAGE,8300.0,home_improvement,36,922.52,34648.94,0.069,7,1,152,0,0,0,0,0,1
43,51300.0,2.4,RENT,2800.0,home_improvement,36,1098.69,65771.39,0.178,9,1,142,0,0,0,0,0,1
44,99500.0,11.8,MORTGAGE,36300.0,medical,36,1739.4,66705.93,0.393,15,2,153,0,0,0,0,0,1
65,56000.0,18.0,OWN,11900.0,small_business,36,930.14,42364.67,0.145,7,3,197,1,1,0,0,0,1
39,54100.0,12.8,MORTGAGE,20300.0,debt_consolidation,36,703.26,36842.0,0.273,5,1,213,0,1,0,1,0,1
25,126200.0,2.1,MORTGAGE,23300.0,credit_card,36,768.05,17939.3,0.825,8,1,47,0,0,0,0,0,1
52,121200.0,10.8,MORTGAGE,37500.0,major_purchase,36,2065.42,82270.24,0.091,2,2,355,0,0,0,0,1,1
64,74600.0,34.0,MORTGAGE,6500.0,credit_card,60,841.31,49661.31,0.479,12,1,188,0,0,0,0,0,1
21,54700.0,0.3,MORTGAGE,6900.0,home_improvement,36,1274.69,33568.29,0.437,5,1,27,0,0,0,0,0,1
43,63200.0,1.6,RENT,15100.0,debt_consolidation,36,1761.08,103263.61,0.59,8,2,240,0,0,0,0,0,1
57,71800.0,17.2,OWN,16200.0,small_business,36,2710.45,144438.77,0.156,3,3,430,0,0,0,0,0,1
28,53500.0,2.2,RENT,6800.0,home_improvement,36,730.49,37261.63,0.483,12,1,69,0,0,0,0,0,1
33,79000.0,4.5,RENT,31500.0,major_purchase,36,2705.41,58583.72,0.426,7,1,80,0,0,0,0,0,1
28,50100.0,1.2,OWN,8200.0,home_improvement,36,1119.04,23571.55,0.435,6,2,66,0,0,1,0,0,1
43,155500.0,4.4,MORTGAGE,34400.0,major_purchase,60,3015.97,158561.17,0.512,15,2,214,0,0,0,0,0,1
63,22200.0,12.2,RENT,4100.0,debt_consolidation,36,353.09,15327.95,0.308,7,0,176,0,0,0,0,0,0
21,46700.0,0.1,RENT,20900.0,small_business,36,2015.64,79399.13,0.204,9,0,32,2,0,0,0,0,1
65,101200.0,9.6,MORTGAGE,19100.0,medical,36,2151.12,123616.98,0.717,8,1,245,0,0,0,0,0,1
71,157500.0,15.4,RENT,24500.0,small_business,36,1955.97,42415.15,0.244,9,0,550,0,0,0,1,0,1
44,47600.0,11.9,RENT,19600.0,credit_card,60,225.26,12962.64,0.366,7,0,159,0,0,0,0,0,1
55,58300.0,3.5,OWN,6600.0,medical,60,644.17,25630.04,0.353,9,1,344,1,0,0,0,0,1
44,85200.0,4.8,MORTGAGE,35600.0,debt_consolidation,60,388.82,8361.16,0.549,6,0,168,0,0,0,0,0,1
37,87100.0,8.5,MORTGAGE,24200.0,debt_consolidation,36,862.03,29870.54,0.553,4,1,113,0,2,0,0,0,1
25,71300.0,0.9,MORTGAGE,9900.0,medical,60,2445.56,120363.75,0.301,5,1,54,1,0,0,0,0,0
40,101700.0,13.3,MORTGAGE,15300.0,home_improvement,36,817.18,15642.99,0.059,14,1,234,0,0,0,0,0,1
41,77900.0,12.3,OWN,26000.0,debt_consolidation,36,1433.06,80884.25,0.221,7,3,84,0,0,0,0,0,1
60,78700.0,1.3,MORTGAGE,5200.0,debt_consolidation,60,1410.72,35954.43,0.542,6,3,345,0,0,0,0,0,1
51,156800.0,6.2,MORTGAGE,50000.0,home_improvement,36,3149.68,47598.79,0.195,4,1,307,0,0,0,0,0,1
66,60400.0,2.5,MORTGAGE,10500.0,home_improvement,60,273.11,12631.19,0.266,3,2,541,0,0,0,0,0,1
56,57900.0,13.8,OWN,21600.0,debt_consolidation,60,1895.03,66075.12,0.486,7,0,386,0,0,0,0,0,1
31,56000.0,1.3,MORTGAGE,5600.0,credit_card,36,597.92,16575.18,0.443,8,3,145,0,0,0,0,0,1
35,47800.0,6.7,OWN,7200.0,small_business,36,1051.26,41663.03,0.171,4,2,115,0,0,0,0,0,1
39,62100.0,5.5,RENT,14000.0,medical,36,1524.75,39952.07,0.38,6,0,85,0,0,0,0,0,1
27,47200.0,2.4,RENT,19000.0,credit_card,36,754.92,11543.21,0.425,8,2,37,0,0,0,0,0,1
71,85300.0,29.0,RENT,14000.0,credit_card,36,461.69,16391.66,0.308,8,1,354,0,0,0,1,0,1
48,85900.0,4.7,RENT,33300.0,credit_card,36,401.81,14542.96,0.754,4,2,191,0,0,0,0,0,1
71,75600.0,2.6,RENT,6900.0,credit_card,36,871.83,21742.61,0.424,9,2,379,0,0,0,0,0,1
63,82400.0,7.7,RENT,9800.0,debt_consolidation,36,1373.7,45586.6,0.212,3,1,487,2,0,1,0,0,1
25,103400.0,1.6,OWN,11700.0,debt_consolidation,36,2923.39,143224.28,0.52,5,4,42,0,0,0,0,0,1
25,37600.0,0.7,RENT,11100.0,credit_card,36,1027.93,58683.95,0.655,8,0,59,0,0,0,0,0,0
50,76900.0,18.4,MORTGAGE,15800.0,debt_consolidation,36,2472.81,118735.16,0.236,5,1,363,1,2,0,0,0,1
52,160100.0,14.1,MORTGAGE,50000.0,debt_consolidation,36,3892.3,126474.03,0.422,7,2,280,0,0,0,0,0,1
28,49400.0,1.1,RENT,12100.0,auto,60,1117.1,36204.81,0.327,7,1,65,0,0,0,0,0,1
30,262600.0,3.2,RENT,50000.0,debt_consolidation,36,2345.14,45370.6,0.484,8,0,113,1,0,0,0,0,1
58,56000.0,31.1,RENT,8200.0,debt_consolidation,60,752.36,15306.18,0.152,11,2,242,0,0,0,0,0,1
67,75900.0,26.4,RENT,32100.0,credit_card,36,2413.57,135529.54,0.529,4,1,272,1,1,0,0,0,1
52,77700.0,9.6,OWN,23600.0,debt_consolidation,60,1129.15,64636.31,0.114,11,0,280,0,0,0,0,0,1
68,30100.0,18.9,MORTGAGE,7600.0,home_improvement,36,967.2,39581.73,0.443,9,0,550,0,0,0,0,0,1
48,42600.0,5.7,MORTGAGE,12500.0,debt_consolidation,36,345.02,8587.64,0.533,14,0,271,1,0,0,0,0,1
37,95200.0,3.7,MORTGAGE,39700.0,credit_card,60,2999.39,130122.85,0.392,3,1,146,0,0,0,0,0,1
51,58200.0,28.1,RENT,10900.0,small_business,36,1100.92,45839.41,0.922,10,2,230,0,0,0,0,0,1
28,41000.0,0.4,MORTGAGE,6100.0,credit_card,36,1290.62,69651.71,0.438,3,2,39,0,0,0,0,0,1
60,129100.0,16.2,MORTGAGE,19100.0,debt_consolidation,60,1337.23,47357.48,0.23,10,0,296,0,0,0,0,0,1
45,78400.0,9.5,OWN,34400.0,small_business,36,1245.12,28958.22,0.044,9,0,152,0,0,0,0,0,1
29,61200.0,3.2,RENT,11300.0,debt_consolidation,36,1871.0,61346.2,0.41,12,0,99,0,0,0,0,0,0
22,232500.0,0.7,RENT,50000.0,credit_card,60,6322.5,186762.47,0.34,4,1,36,0,0,0,0,0,1
35,38200.0,9.4,RENT,4000.0,credit_card,60,405.21,8742.65,0.445,4,1,67,0,0,0,0,0,1
70,37500.0,12.6,RENT,8300.0,small_business,36,1048.72,18332.74,0.137,9,2,385,0,0,0,1,0,1
23,53200.0,1.2,MORTGAGE,15800.0,credit_card,36,610.08,16662.4,0.156,9,3,55,0,0,0,0,0,1
69,77100.0,25.4,RENT,33600.0,debt_consolidation,60,2085.69,65422.33,0.319,10,0,457,0,0,0,0,0,1
56,84800.0,12.4,MORTGAGE,27200.0,credit_card,36,2235.71,127056.24,0.685,8,1,296,0,0,0,0,0,1
24,44400.0,1.5,MORTGAGE,2300.0,credit_card,36,1334.53,37701.4,0.473,10,1,68,0,0,0,0,0,0
34,30800.0,4.7,RENT,10900.0,small_business,36,621.33,31614.67,0.337,5,0,169,0,0,0,0,0,0
61,91200.0,6.4,RENT,28300.0,debt_consolidation,60,1791.85,86278.86,0.779,8,3,381,0,0,0,0,0,1
61,51900.0,10.0,OWN,6400.0,small_business,36,1388.36,48397.97,0.507,6,0,165,3,0,0,0,0,1
45,66500.0,3.0,MORTGAGE,19800.0,debt_consolidation,36,235.92,9165.8,0.508,9,3,196,0,0,0,0,0,1
70,69400.0,27.6,MORTGAGE,29200.0,home_improvement,60,1225.96,44572.44,0.697,7,0,526,0,0,0,0,0,1
30,112000.0,7.1,MORTGAGE,5800.0,debt_consolidation,36,353.1,13968.57,0.67,3,0,92,0,0,0,0,0,1
41,49900.0,4.3,RENT,21900.0,home_improvement,60,463.95,17555.53,0.336,10,0,126,0,0,0,0,0,1
56,158500.0,16.2,RENT,26700.0,small_business,60,892.72,31535.71,0.438,8,3,322,0,0,0,0,0,1
32,61000.0,0.8,RENT,17900.0,credit_card,60,1200.25,61560.61,0.133,5,1,51,0,0,0,0,0,1
47,31600.0,11.1,MORTGAGE,5100.0,credit_card,36,510.17,22383.11,0.598,11,2,323,0,0,0,0,0,1
60,38000.0,20.9,MORTGAGE,13000.0,home_improvement,36,799.86,25827.58,0.317,3,0,198,0,0,0,0,0,1
22,37100.0,1.0,RENT,9500.0,home_improvement,36,1001.87,40554.3,0.294,7,3,26,0,0,0,0,0,1
33,44300.0,4.6,RENT,6900.0,home_improvement,60,995.04,27030.48,0.601,9,2,66,0,0,0,0,0,1
52,76300.0,1.1,MORTGAGE,19200.0,small_business,60,1493.0,22553.76,0.46,5,1,212,0,0,0,0,0,1
51,115100.0,11.4,MORTGAGE,21900.0,debt_consolidation,36,2290.03,122629.39,0.382,10,0,301,0,0,0,0,0,1
36,19500.0,1.3,OWN,2900.0,debt_consolidation,36,600.61,29346.88,0.362,12,0,67,0,0,0,0,0,1
52,108300.0,14.5,RENT,31100.0,auto,36,1749.16,28571.45,0.507,10,1,241,0,0,0,0,0,1
52,144000.0,2.2,MORTGAGE,44000.0,small_business,36,1711.6,33255.3,0.194,6,1,177,0,0,0,0,0,1
54,204500.0,6.9,MORTGAGE,21700.0,credit_card,60,4610.16,234908.11,0.131,9,0,338,0,0,0,0,0,1
31,83400.0,4.6,MORTGAGE,35200.0,debt_consolidation,36,672.12,32068.52,0.346,11,1,71,0,0,0,0,0,1
30,24900.0,3.3,RENT,1300.0,small_business,36,1017.86,28016.36,0.239,11,0,87,0,0,0,0,0,1
35,31600.0,7.2,RENT,5100.0,home_improvement,36,531.72,11301.7,0.157,6,2,96,0,0,0,0,0,1
37,108100.0,11.2,RENT,20300.0,medical,36,2725.92,59120.08,0.142,5,0,150,0,0,0,0,0,1
60,69700.0,18.7,MORTGAGE,5300.0,debt_consolidation,36,1498.57,76783.32,0.332,13,1,213,0,0,0,0,1,1
38,46800.0,2.9,MORTGAGE,4000.0,debt_consolidation,36,837.28,47633.04,0.372,7,1,191,0,0,0,0,1,0
29,29100.0,6.1,MORTGAGE,11300.0,credit_card,36,657.59,27558.52,0.281,9,1,74,0,0,0,0,0,1
45,36600.0,5.4,RENT,7100.0,small_business,36,361.93,10257.67,0.238,8,0,200,0,0,0,0,0,1
60,88300.0,6.2,RENT,17300.0,auto,36,1467.54,86623.88,0.348,11,0,334,0,1,0,0,0,1
34,86100.0,0.3,RENT,28000.0,debt_consolidation,36,1299.44,37874.2,0.177,8,1,160,0,0,0,0,0,1
45,112600.0,11.3,MORTGAGE,38300.0,debt_consolidation,60,659.9,30563.59,0.306,9,0,221,0,0,0,0,0,1
70,136800.0,17.2,MORTGAGE,45600.0,debt_consolidation,60,1303.01,73551.11,0.463,5,1,450,0,0,0,0,0,1
42,40800.0,2.4,MORTGAGE,9700.0,major_purchase,36,643.22,30797.73,0.259,11,2,117,0,0,0,0,0,1
50,109900.0,19.2,MORTGAGE,36600.0,credit_card,60,2304.03,129600.82,0.185,11,0,331,0,0,0,0,0,1
40,44000.0,3.9,RENT,18500.0,small_business,36,301.1,7855.49,0.563,6,2,137,0,0,0,0,0,1
41,61800.0,8.2,MORTGAGE,6400.0,debt_consolidation,36,1171.62,35680.86,0.288,6,0,248,0,0,0,0,0,1
64,44200.0,17.9,RENT,12400.0,debt_consolidation,36,889.35,40437.66,0.078,6,2,460,0,0,0,0,1,1
52,101100.0,3.7,MORTGAGE,40600.0,credit_card,60,1542.46,57086.6,0.838,7,1,328,0,0,0,0,0,1
71,48100.0,19.8,MORTGAGE,21000.0,debt_consolidation,36,742.14,17252.06,0.586,11,4,387,0,0,0,0,0,1
66,94500.0,21.7,RENT,8000.0,credit_card,36,2424.45,118471.85,0.307,10,1,214,0,0,0,0,0,1
69,86100.0,22.1,RENT,37000.0,medical,60,2663.66,81008.91,0.125,3,0,402,0,0,0,1,0,0
41,123800.0,3.4,RENT,42200.0,credit_card,36,1753.87,97263.74,0.559,12,0,144,0,0,0,0,0,1
55,91300.0,10.7,RENT,31000.0,small_business,36,2787.08,133938.38,0.634,9,2,367,2,0,0,0,0,0
52,185000.0,14.9,OWN,20200.0,debt_consolidation,36,1946.4,58552.02,0.538,6,2,279,1,0,0,0,0,1
50,46500.0,9.1,MORTGAGE,13000.0,credit_card,36,588.63,21719.25,0.217,11,1,165,0,0,0,0,0,1
59,102500.0,14.7,MORTGAGE,19800.0,credit_card,36,307.89,17636.62,0.58,3,2,453,0,0,0,0,0,1
69,82500.0,2.4,MORTGAGE,23400.0,debt_consolidation,60,1269.06,52455.66,0.705,7,2,308,1,1,0,0,0,1
32,43700.0,1.2,MORTGAGE,15100.0,debt_consolidation,60,1067.71,52301.02,0.515,8,2,80,0,0,0,0,0,1
61,112000.0,13.6,RENT,13800.0,home_improvement,36,1409.03,81847.01,0.429,10,0,363,0,0,0,0,0,1
67,105700.0,3.9,RENT,11800.0,debt_consolidation,36,1407.59,70287.27,0.327,8,1,182,0,0,0,0,0,1
38,46400.0,10.4,MORTGAGE,8900.0,debt_consolidation,36,301.65,5088.04,0.79,7,1,174,0,0,1,0,1,0
41,26400.0,3.9,MORTGAGE,8100.0,debt_consolidation,36,347.81,9229.7,0.245,9,1,165,0,0,0,0,0,1
33,62500.0,2.8,OWN,20000.0,small_business,60,932.21,25689.98,0.397,4,1,144,0,0,0,0,0,0
41,45400.0,7.2,RENT,13300.0,home_improvement,36,1306.72,50636.04,0.557,5,0,96,0,0,0,0,0,1
28,72400.0,1.8,RENT,28200.0,home_improvement,36,1148.16,35894.59,0.231,7,2,49,0,0,0,0,0,0
66,66600.0,8.1,OWN,22900.0,debt_consolidation,36,1596.11,68134.51,0.609,4,0,368,0,0,0,0,0,1
60,176300.0,22.5,MORTGAGE,44400.0,debt_consolidation,36,3857.73,217815.81,0.201,8,0,297,0,0,0,0,0,1
66,44100.0,18.6,OWN,10700.0,debt_consolidation,36,520.9,25145.51,0.617,4,0,260,0,0,0,0,0,1
27,91600.0,4.8,MORTGAGE,33800.0,credit_card,36,1752.34,26686.77,0.321,12,0,77,0,0,0,0,0,1
43,31500.0,19.9,RENT,12700.0,home_improvement,36,282.39,16275.7,0.163,6,1,221,0,0,0,0,1,0
64,38600.0,18.4,RENT,15000.0,debt_consolidation,60,869.59,20256.1,0.335,7,1,179,0,0,0,0,0,1
52,51900.0,15.6,RENT,12900.0,credit_card,36,1597.1,49334.81,0.353,4,2,373,0,0,0,0,0,1
31,41600.0,2.9,RENT,11700.0,debt_consolidation,36,594.36,10703.59,0.322,3,0,67,0,1,1,0,0,0
42,84100.0,10.9,RENT,30700.0,debt_consolidation,36,2045.37,46731.83,0.447,10,0,143,0,0,0,0,0,1
42,65200.0,12.5,MORTGAGE,18400.0,home_improvement,36,676.23,38830.06,0.692,5,0,224,0,0,0,0,0,1
63,104100.0,6.7,MORTGAGE,14600.0,home_improvement,36,2114.99,88238.46,0.68,17,1,472,0,1,1,0,0,1
45,37600.0,3.7,RENT,15200.0,debt_consolidation,60,392.65,10020.12,0.202,8,0,245,0,0,0,1,0,1
42,73000.0,1.6,RENT,18100.0,medical,36,1899.64,44503.3,0.572,8,1,128,0,0,0,0,0,1
48,43900.0,9.7,OWN,19400.0,debt_consolidation,60,1675.01,89672.26,0.481,8,2,127,0,0,0,0,0,1
49,133200.0,5.7,RENT,36100.0,major_purchase,60,1419.31,29296.29,0.28,4,3,316,0,0,0,0,0,1
33,37600.0,6.5,MORTGAGE,7700.0,credit_card,36,707.62,21700.49,0.563,1,1,138,0,0,0,0,0,1
38,25200.0,14.7,MORTGAGE,3400.0,credit_card,36,701.86,22975.84,0.379,9,1,105,0,0,0,0,0,1
22,47900.0,0.6,RENT,9000.0,credit_card,36,370.9,6807.03,0.683,8,0,26,0,0,0,0,1,0
49,35700.0,1.4,MORTGAGE,4900.0,medical,36,718.57,24117.06,0.064,5,0,216,0,0,2,1,0,0
41,71600.0,11.4,MORTGAGE,30000.0,debt_consolidation,60,2022.69,101760.37,0.449,6,1,149,0,0,0,0,0,1
35,91100.0,4.3,RENT,26400.0,credit_card,36,803.57,40296.97,0.234,9,2,97,0,0,0,0,1,1
47,98900.0,5.8,MORTGAGE,37400.0,debt_consolidation,60,4067.32,95991.78,0.515,13,1,239,0,0,0,0,0,1
70,20400.0,9.5,MORTGAGE,2700.0,major_purchase,36,249.43,12252.57,0.254,9,1,463,0,0,0,0,0,1
51,98400.0,1.8,MORTGAGE,7400.0,debt_consolidation,36,1007.33,27566.67,0.537,9,3,373,0,0,0,0,0,1
35,75000.0,8.6,MORTGAGE,16300.0,home_improvement,36,2116.67,100670.81,0.49,3,2,177,0,0,0,0,0,1
71,97300.0,35.3,RENT,41300.0,debt_consolidation,36,2807.17,131178.94,0.163,13,1,430,0,0,0,0,0,1
43,107300.0,9.3,RENT,10200.0,credit_card,60,2266.46,119652.2,0.228,7,3,192,0,0,0,0,0,1
44,47100.0,10.4,RENT,17200.0,debt_consolidation,36,1189.85,70743.87,0.328,16,1,231,0,0,0,0,0,1
64,40200.0,2.4,RENT,3000.0,debt_consolidation,60,566.34,10951.15,0.228,9,0,442,0,0,0,0,0,1
33,79200.0,1.1,RENT,9200.0,debt_consolidation,36,528.18,13995.05,0.49,12,3,124,0,0,0,0,0,0
42,112500.0,10.2,RENT,38500.0,medical,60,1205.58,51734.38,0.563,5,0,174,0,0,0,0,1,0
63,33200.0,3.9,RENT,4500.0,debt_consolidation,36,155.83,6156.46,0.642,5,2,337,1,0,0,0,0,1
57,68500.0,18.9,RENT,4000.0,auto,60,2014.66,105811.53,0.389,5,1,408,0,0,0,0,0,1
53,49700.0,19.9,MORTGAGE,6800.0,debt_consolidation,36,244.97,4793.14,0.194,3,1,301,0,1,0,0,0,1
23,49600.0,1.8,RENT,17000.0,debt_consolidation,36,1217.29,44998.65,0.283,10,1,28,0,0,0,0,0,0
39,53400.0,5.1,MORTGAGE,14000.0,debt_consolidation,36,343.3,10545.6,0.478,10,1,133,0,0,0,0,0,1
43,94900.0,13.1,MORTGAGE,25500.0,credit_card,36,2369.29,43335.19,0.14,9,1,155,0,0,0,0,0,1
49,91000.0,6.1,MORTGAGE,19500.0,credit_card,60,2009.82,97592.18,0.808,11,2,148,0,0,0,0,0,1
50,40600.0,22.1,MORTGAGE,4400.0,credit_card,36,169.09,6111.62,0.512,6,1,334,0,0,0,0,0,1
59,31100.0,5.7,OWN,4200.0,debt_consolidation,36,179.23,3238.03,0.616,11,0,428,2,0,0,0,0,1
64,119500.0,15.4,MORTGAGE,14800.0,debt_consolidation,60,3488.6,53580.91,0.742,7,1,213,0,0,0,0,0,1
67,102900.0,4.6,RENT,34300.0,debt_consolidation,36,2964.1,47616.97,0.421,7,2,317,0,0,0,0,0,0
45,130800.0,11.4,RENT,50000.0,home_improvement,36,3900.57,127629.58,0.254,6,1,109,0,0,0,0,0,1
57,89400.0,4.2,MORTGAGE,13000.0,debt_consolidation,60,1607.53,89667.44,0.07,8,0,193,0,0,0,0,0,1
67,137700.0,14.5,MORTGAGE,16400.0,credit_card,36,3652.81,96378.78,0.231,11,0,258,0,0,0,0,0,1
28,18500.0,1.7,RENT,2800.0,debt_consolidation,36,539.76,11330.69,0.648,9,0,53,0,0,0,0,0,0
62,62100.0,11.8,MORTGAGE,26400.0,home_improvement,60,453.56,18657.19,0.076,9,0,313,0,0,0,0,0,1
36,45200.0,3.7,RENT,6100.0,debt_consolidation,36,890.94,32336.02,0.186,6,2,163,0,0,0,0,0,1
28,197200.0,0.7,OWN,50000.0,auto,36,1759.39,82473.73,0.338,13,1,42,0,0,0,0,0,1
21,34200.0,0.1,RENT,3300.0,credit_card,60,648.89,20574.14,0.358,3,1,18,0,0,0,0,0,1
64,31600.0,23.3,MORTGAGE,9900.0,debt_consolidation,60,383.06,9850.76,0.295,12,0,403,0,0,0,0,0,1
25,46900.0,0.3,OWN,6900.0,home_improvement,36,736.68,35890.57,0.334,10,3,57,0,0,0,0,0,1
23,49600.0,1.5,MORTGAGE,19100.0,home_improvement,36,695.36,25877.76,0.152,6,3,20,0,0,0,0,0,1
21,53800.0,0.1,MORTGAGE,3200.0,home_improvement,60,1608.31,84196.71,0.405,4,2,21,2,0,0,0,0,0
24,108800.0,0.6,MORTGAGE,27200.0,debt_consolidation,36,2743.09,45565.5,0.483,4,2,42,2,1,0,0,0,0
60,149500.0,25.6,MORTGAGE,47100.0,medical,60,3827.33,75513.03,0.562,3,1,195,0,0,0,0,0,1
55,112800.0,17.7,MORTGAGE,39200.0,debt_consolidation,60,2539.56,82109.28,0.02,10,1,410,1,0,0,0,0,1
52,258600.0,16.5,MORTGAGE,50000.0,debt_consolidation,36,2910.44,86694.99,0.772,12,0,334,0,0,0,1,0,1
62,134100.0,15.9,RENT,40300.0,debt_consolidation,60,2064.84,35416.57,0.414,9,0,183,0,0,0,0,0,1
54,46700.0,7.5,RENT,4700.0,debt_consolidation,60,955.62,25990.74,0.378,14,1,147,0,0,0,0,0,1
63,62200.0,2.7,RENT,21100.0,debt_consolidation,60,1660.92,60837.11,0.105,12,5,446,0,0,0,0,0,1
45,102200.0,15.2,MORTGAGE,26700.0,credit_card,36,1962.61,91963.33,0.403,7,1,276,0,0,0,0,0,1
30,35000.0,3.9,RENT,3100.0,debt_consolidation,36,607.67,15791.08,0.323,6,1,61,0,0,0,0,0,1
41,55700.0,10.6,MORTGAGE,5900.0,credit_card,36,559.44,28699.94,0.226,7,1,202,0,0,0,0,0,1
66,94600.0,0.6,RENT,36100.0,debt_consolidation,36,2189.23,116743.74,0.695,6,1,318,0,0,0,0,0,1
59,189400.0,1.3,RENT,50000.0,debt_consolidation,60,3286.16,87513.98,0.534,7,3,192,0,0,0,0,0,1
47,67400.0,11.2,OWN,7600.0,debt_consolidation,36,1511.11,50096.2,0.5,4,0,185,2,0,1,0,0,0
47,73600.0,3.9,RENT,26900.0,credit_card,36,416.24,24328.77,0.607,10,1,283,1,0,1,1,0,0
22,87900.0,0.2,RENT,25000.0,credit_card,36,1355.87,57419.97,0.515,5,2,16,0,0,0,0,0,1
61,25500.0,7.1,RENT,3000.0,home_improvement,36,967.55,32997.72,0.34,12,0,362,0,1,0,0,0,1
68,54300.0,4.5,MORTGAGE,12500.0,major_purchase,60,1642.72,73867.2,0.265,7,2,531,0,0,0,0,0,1
33,41400.0,6.9,MORTGAGE,17500.0,debt_consolidation,36,603.36,19771.61,0.517,8,4,124,0,0,0,0,0,1
29,101500.0,3.3,MORTGAGE,35600.0,debt_consolidation,60,2825.59,168468.87,0.697,7,1,60,0,0,0,0,0,0
56,52000.0,1.5,RENT,10600.0,debt_consolidation,36,902.74,14801.62,0.715,11,0,379,0,0,0,0,0,1
42,129200.0,10.9,MORTGAGE,6700.0,credit_card,36,2765.16,58597.15,0.221,9,1,230,0,0,0,0,0,1
62,84100.0,6.3,MORTGAGE,11800.0,debt_consolidation,36,1439.82,71688.53,0.138,11,0,405,0,0,0,0,0,1
46,60600.0,14.3,MORTGAGE,7400.0,credit_card,36,1201.52,62008.48,0.446,9,2,235,1,0,0,0,0,1
32,48600.0,4.6,MORTGAGE,9800.0,small_business,36,867.13,33874.14,0.373,8,0,117,0,0,0,0,0,1
37,44700.0,5.6,MORTGAGE,18000.0,credit_card,36,980.86,27718.54,0.504,7,2,115,0,0,0,0,0,1
34,160600.0,6.9,RENT,19600.0,small_business,36,2950.89,138459.54,0.432,9,0,157,0,0,0,1,0,1
34,21600.0,4.2,RENT,1500.0,credit_card,36,815.84,18859.17,0.151,11,0,129,0,0,0,0,0,1
54,63200.0,1.0,MORTGAGE,6500.0,major_purchase,36,354.02,9112.14,0.069,9,1,175,0,0,0,0,0,0
40,69400.0,9.1,MORTGAGE,15900.0,medical,60,2822.5,142728.85,0.561,7,1,137,0,1,0,0,0,1
31,19100.0,0.4,MORTGAGE,1500.0,credit_card,60,292.87,13557.17,0.4,14,1,62,0,0,0,0,0,1
36,135900.0,3.8,MORTGAGE,37000.0,small_business,60,2258.56,89031.34,0.298,7,0,179,0,0,0,0,0,1
71,74300.0,8.4,RENT,11900.0,credit_card,36,1826.94,41529.2,0.811,7,2,221,1,0,0,0,0,1
51,98900.0,9.0,MORTGAGE,19800.0,home_improvement,36,2999.95,158719.46,0.61,15,0,350,0,0,0,0,0,1
26,99600.0,0.6,RENT,11200.0,debt_consolidation,36,4210.46,76750.77,0.482,12,1,48,0,1,0,0,0,0
39,109200.0,17.4,MORTGAGE,38000.0,medical,36,2256.61,100654.43,0.325,9,2,87,0,0,0,0,0,1
57,103300.0,11.4,RENT,20900.0,major_purchase,36,3290.59,160260.75,0.16,8,0,146,0,0,0,0,0,1
24,103300.0,1.6,MORTGAGE,9900.0,major_purchase,36,2150.44,60342.65,0.556,5,1,35,1,1,0,0,0,1
67,82000.0,17.8,MORTGAGE,16000.0,debt_consolidation,36,1546.31,76926.84,0.176,5,3,490,0,0,0,0,0,1
24,114000.0,0.3,MORTGAGE,50000.0,debt_consolidation,36,2398.27,38832.56,0.257,7,0,24,0,0,0,0,0,1
40,296300.0,11.0,RENT,50000.0,debt_consolidation,36,3905.17,222724.38,0.236,10,1,102,0,0,0,0,1,1
30,41400.0,3.6,RENT,16500.0,major_purchase,60,1072.91,34459.74,0.361,10,2,106,0,0,0,0,0,1
44,87800.0,11.8,RENT,35700.0,small_business,36,2478.65,130722.15,0.116,8,0,198,0,0,0,0,0,1
55,105000.0,12.8,RENT,28300.0,debt_consolidation,36,1211.59,35554.68,0.214,8,1,180,0,0,2,0,0,1
46,28400.0,4.4,RENT,7700.0,credit_card,36,390.39,18274.35,0.341,14,1,166,0,0,0,0,0,0
57,187400.0,11.4,MORTGAGE,50000.0,credit_card,36,4422.24,179369.17,0.406,7,0,369,0,0,0,0,0,0
58,94600.0,8.7,OWN,37800.0,credit_card,36,1079.11,37972.44,0.133,4,0,391,1,0,0,0,0,1
41,78600.0,6.6,RENT,26500.0,debt_consolidation,36,1854.7,110584.74,0.318,6,2,199,2,0,0,0,0,1
60,54300.0,1.3,RENT,20600.0,debt_consolidation,36,965.54,49140.43,0.559,9,1,299,0,0,0,0,0,0
59,105400.0,13.9,MORTGAGE,36500.0,debt_consolidation,36,2662.14,55438.95,0.143,9,1,236,0,0,0,0,0,1
41,35800.0,1.1,MORTGAGE,6200.0,debt_consolidation,36,706.75,41642.63,0.334,6,2,87,2,0,0,0,0,1
30,171400.0,4.5,RENT,16900.0,medical,60,3637.36,131361.42,0.061,9,2,80,0,0,0,0,0,1
58,117700.0,10.8,OWN,39700.0,home_improvement,36,3043.71,132892.73,0.485,6,2,396,0,1,0,0,0,1
66,61800.0,16.8,MORTGAGE,25500.0,home_improvement,36,384.79,7819.41,0.703,8,1,195,0,0,0,0,0,1
24,146200.0,0.9,MORTGAGE,50000.0,medical,60,2698.93,160407.65,0.091,4,1,64,0,0,0,0,0,1
65,25400.0,29.8,MORTGAGE,1800.0,debt_consolidation,36,207.48,7559.76,0.176,9,2,195,0,0,0,0,0,1
40,38000.0,7.1,RENT,11600.0,credit_card,36,822.83,29391.72,0.419,8,1,208,0,0,0,0,0,1
37,68500.0,1.4,MORTGAGE,20300.0,debt_consolidation,36,609.9,17367.95,0.343,5,0,206,0,1,0,1,0,1
27,70100.0,2.1,RENT,13900.0,debt_consolidation,60,1902.8,61656.87,0.328,8,2,95,0,0,0,0,0,1
24,84900.0,0.4,MORTGAGE,23000.0,home_improvement,36,1460.38,72173.48,0.688,7,1,64,1,1,0,1,0,0
49,74300.0,9.7,RENT,17300.0,major_purchase,36,618.18,11866.0,0.204,8,1,171,0,0,0,0,0,1
34,131600.0,10.5,RENT,50000.0,small_business,36,919.01,25297.72,0.124,11,1,144,0,0,0,0,0,1
23,29800.0,0.4,RENT,5100.0,debt_consolidation,60,299.89,9125.45,0.19,8,1,45,1,0,0,0,0,1
44,23100.0,7.2,RENT,2800.0,debt_consolidation,36,385.23,10131.56,0.055,6,3,126,2,0,0,0,0,1
57,30700.0,6.4,RENT,9800.0,credit_card,60,759.79,18703.31,0.071,6,1,301,0,0,0,0,0,1
36,32500.0,6.6,MORTGAGE,5300.0,debt_consolidation,36,1096.42,65728.22,0.721,7,0,146,0,0,0,0,0,1
24,67900.0,1.3,MORTGAGE,4900.0,debt_consolidation,36,1221.49,63185.24,0.438,9,1,37,0,0,0,0,0,1
44,61600.0,9.4,MORTGAGE,22800.0,credit_card,36,410.09,10175.84,0.486,12,1,138,1,0,0,0,0,1
54,79600.0,16.3,MORTGAGE,14300.0,credit_card,36,2009.81,111174.06,0.317,8,0,394,0,0,0,0,0,1
50,81500.0,9.7,RENT,36400.0,home_improvement,36,969.43,31736.49,0.379,12,1,311,1,0,0,0,0,1
38,77800.0,7.3,MORTGAGE,13600.0,auto,36,1661.45,30877.7,0.84,8,4,120,0,0,0,0,0,1
39,28700.0,8.8,MORTGAGE,7800.0,credit_card,60,833.87,34840.1,0.591,9,4,138,0,0,0,0,0,1
51,59500.0,10.8,MORTGAGE,6800.0,debt_consolidation,60,1794.01,69766.35,0.564,10,0,159,0,0,0,0,0,1
39,50600.0,6.2,MORTGAGE,13300.0,medical,36,308.49,10983.72,0.472,9,0,130,1,0,0,0,0,1
69,131700.0,9.7,MORTGAGE,20500.0,credit_card,36,1283.08,29747.42,0.526,7,2,502,0,0,0,0,0,1
66,81500.0,7.9,MORTGAGE,26300.0,credit_card,60,2281.62,112335.63,0.503,7,1,522,0,0,0,0,0,1
39,187200.0,9.2,MORTGAGE,11500.0,debt_consolidation,36,4121.47,158036.3,0.705,6,1,161,0,0,0,0,0,1
42,39100.0,8.0,RENT,12900.0,credit_card,36,1073.08,55749.88,0.292,9,2,150,0,0,0,0,0,1
44,57100.0,13.0,MORTGAGE,14700.0,debt_consolidation,60,876.08,20710.98,0.7,5,3,222,0,0,0,0,0,1
65,111400.0,6.6,RENT,22500.0,medical,36,1060.02,62446.45,0.369,8,1,469,0,0,0,0,0,1
32,51300.0,1.0,RENT,3900.0,small_business,36,632.38,28653.24,0.519,7,1,99,0,0,0,0,0,0
50,82900.0,1.9,RENT,6200.0,debt_consolidation,36,2892.97,107087.06,0.514,8,1,226,0,0,0,0,0,1
58,48200.0,6.4,MORTGAGE,17700.0,debt_consolidation,60,945.34,46329.36,0.397,10,2,152,0,0,0,0,0,1
51,127900.0,0.1,MORTGAGE,44300.0,debt_consolidation,60,3888.56,162836.14,0.544,6,1,156,0,0,0,0,0,1
56,31100.0,24.0,RENT,7300.0,credit_card,60,599.29,20411.39,0.081,8,0,277,0,0,0,0,0,1
39,193400.0,1.9,MORTGAGE,10200.0,debt_consolidation,36,6490.85,324405.19,0.491,6,0,179,0,0,0,0,0,1
68,102900.0,16.0,RENT,38600.0,debt_consolidation,60,2841.61,85653.91,0.742,13,0,230,0,0,0,0,0,1
65,88700.0,9.4,RENT,28000.0,home_improvement,36,2020.27,32629.84,0.052,9,2,309,0,0,0,0,0,1
56,83700.0,17.5,OWN,6800.0,debt_consolidation,60,630.03,31901.96,0.528,10,0,208,0,1,0,0,0,1
50,46000.0,5.5,RENT,7400.0,debt_consolidation,36,823.83,23457.94,0.346,6,3,232,0,0,0,0,0,1
69,99600.0,27.0,RENT,7700.0,home_improvement,36,1379.34,58523.27,0.192,9,0,425,0,0,0,0,0,1
53,50800.0,10.1,RENT,20200.0,credit_card,36,1209.12,66735.39,0.455,13,2,252,0,0,0,0,0,1
38,21200.0,7.7,RENT,5300.0,small_business,60,390.99,10431.26,0.456,10,1,103,0,0,0,0,0,0
69,71100.0,1.8,RENT,14200.0,debt_consolidation,60,1724.19,95217.31,0.372,2,0,282,0,0,0,0,0,1
48,44900.0,12.2,RENT,13600.0,small_business,36,431.78,9973.79,0.609,6,2,129,0,0,0,0,0,0
67,73200.0,13.1,MORTGAGE,25500.0,credit_card,36,1536.04,40279.36,0.789,6,1,334,0,0,0,0,0,1
31,67000.0,4.6,RENT,20900.0,debt_consolidation,36,1254.39,50415.87,0.324,6,0,130,0,0,0,0,0,0
65,31000.0,1.4,MORTGAGE,11800.0,credit_card,36,984.22,38392.14,0.52,10,2,292,0,0,0,0,0,1
53,162800.0,18.5,MORTGAGE,46800.0,credit_card,36,2744.91,150124.59,0.325,8,4,218,0,0,0,0,0,1
37,46800.0,0.3,RENT,2400.0,credit_card,60,1010.01,25938.17,0.685,8,0,92,2,1,0,0,0,0
26,121500.0,0.6,MORTGAGE,12700.0,medical,60,3696.97,215132.69,0.235,5,2,80,0,0,0,0,0,1
24,45600.0,1.1,RENT,18100.0,debt_consolidation,36,227.59,9375.77,0.089,11,1,33,0,0,0,0,0,1
40,68000.0,9.8,RENT,6900.0,credit_card,60,1396.47,60475.66,0.296,9,1,242,2,0,0,0,0,1
68,78800.0,32.5,MORTGAGE,23500.0,home_improvement,36,1225.63,19135.06,0.412,7,3,372,0,0,0,0,0,1
67,22000.0,15.0,MORTGAGE,2900.0,major_purchase,60,271.0,16214.72,0.125,4,0,447,0,0,0,0,0,1
47,48000.0,3.5,RENT,20800.0,credit_card,60,1274.48,39034.3,0.343,4,0,296,0,0,0,0,0,1
35,77800.0,3.8,RENT,10900.0,debt_consolidation,36,3249.05,119573.28,0.161,8,0,84,0,1,1,0,0,1
26,69500.0,4.4,RENT,13500.0,small_business,36,1299.92,22053.28,0.376,5,3,90,0,0,0,0,0,1
67,68600.0,32.5,MORTGAGE,24700.0,major_purchase,36,1565.24,56826.22,0.378,4,1,512,0,0,0,0,0,1
34,111200.0,1.3,MORTGAGE,34800.0,debt_consolidation,36,3759.57,71662.44,0.243,5,0,181,0,0,0,0,0,1
31,43100.0,1.8,RENT,7700.0,debt_consolidation,60,623.04,36435.96,0.409,10,2,52,0,0,0,0,0,1
59,69800.0,22.7,RENT,23000.0,major_purchase,36,632.69,33441.32,0.41,3,0,371,0,0,0,0,0,1
29,31800.0,6.0,RENT,14100.0,credit_card,36,1106.8,52235.2,0.284,14,0,79,0,0,0,0,0,0
46,50900.0,18.6,MORTGAGE,5500.0,debt_consolidation,36,880.24,34550.01,0.316,7,0,234,0,0,0,0,0,1
36,131900.0,5.6,MORTGAGE,19300.0,credit_card,36,2690.51,136156.58,0.42,7,2,164,0,0,0,0,0,1
25,67600.0,0.4,RENT,15500.0,credit_card,36,1981.51,45191.42,0.357,12,0,60,0,0,0,0,0,1
30,51700.0,2.0,RENT,9100.0,medical,36,559.31,11343.04,0.515,12,1,57,0,0,0,0,0,1
70,42800.0,30.3,RENT,7600.0,debt_consolidation,60,509.87,8075.18,0.549,9,1,343,0,0,0,0,0,1
23,31300.0,0.6,RENT,6900.0,debt_consolidation,60,683.81,25663.2,0.836,15,1,42,1,0,0,0,0,1
33,113100.0,7.2,MORTGAGE,41400.0,debt_consolidation,36,1118.1,51357.49,0.421,7,2,98,0,0,0,0,0,1
63,214400.0,10.4,RENT,41300.0,debt_consolidation,36,6307.22,186372.31,0.471,10,0,239,0,0,0,0,0,1
69,52800.0,17.6,MORTGAGE,8100.0,debt_consolidation,36,951.21,15282.05,0.115,2,0,459,0,0,0,0,0,1
50,24600.0,8.0,MORTGAGE,6700.0,small_business,60,286.2,5154.45,0.349,7,2,120,0,0,0,0,0,1
65,155300.0,7.0,RENT,50000.0,debt_consolidation,60,4559.82,100428.6,0.405,11,0,482,1,0,1,0,0,1
26,40600.0,2.4,MORTGAGE,13400.0,home_improvement,36,1059.09,37278.33,0.548,8,1,51,0,0,0,0,0,1
37,81900.0,7.1,RENT,15200.0,credit_card,36,1895.19,65141.02,0.654,10,3,117,0,0,0,0,0,1
65,88600.0,14.1,RENT,38900.0,credit_card,36,1135.82,24012.25,0.261,5,3,217,0,0,0,0,0,1
71,123200.0,5.5,OWN,40200.0,home_improvement,36,2948.08,152064.91,0.783,10,1,266,0,0,0,0,1,1
39,58400.0,4.3,MORTGAGE,6100.0,credit_card,60,1522.07,67152.82,0.41,8,0,105,0,0,0,0,0,1
62,85500.0,22.1,RENT,28000.0,debt_consolidation,60,650.89,23355.06,0.729,9,0,383,0,0,0,0,0,1
55,55400.0,22.4,RENT,22800.0,debt_consolidation,60,1156.39,55211.39,0.559,4,3,287,0,0,0,1,1,0
66,22100.0,8.7,RENT,5300.0,credit_card,36,244.21,14301.31,0.361,9,1,257,0,0,0,0,0,1
46,52700.0,19.8,RENT,18000.0,small_business,36,785.44,13842.29,0.415,7,1,297,0,0,0,0,0,1
71,81300.0,25.0,RENT,9000.0,debt_consolidation,60,2553.09,152560.4,0.733,6,0,291,0,0,0,0,0,1
25,38200.0,1.8,RENT,3600.0,debt_consolidation,36,635.82,37675.19,0.508,9,1,31,1,2,0,0,0,1
49,69600.0,2.5,MORTGAGE,21000.0,credit_card,36,1445.21,30497.02,0.081,10,0,226,1,0,0,0,0,1
57,76800.0,3.4,MORTGAGE,16100.0,debt_consolidation,36,2666.62,147997.38,0.212,5,0,324,0,0,0,0,0,0
40,138300.0,5.1,RENT,32300.0,auto,36,5037.31,241154.31,0.295,7,1,87,0,0,0,0,0,1
69,39800.0,27.2,MORTGAGE,6900.0,debt_consolidation,36,870.82,21204.15,0.158,9,1,336,0,0,0,0,0,1
41,75700.0,3.4,RENT,17600.0,debt_consolidation,36,2494.69,127900.11,0.77,7,0,233,0,0,0,0,1,1
30,36300.0,7.0,RENT,3300.0,debt_consolidation,36,1032.61,21913.47,0.258,4,2,59,0,0,0,0,0,1
25,19900.0,1.4,MORTGAGE,1900.0,home_improvement,60,743.51,16089.54,0.184,7,1,73,2,0,0,0,0,1
56,50900.0,4.4,MORTGAGE,11600.0,credit_card,36,1111.39,24523.27,0.273,5,2,203,0,0,0,0,0,0
26,49000.0,2.4,RENT,11300.0,small_business,60,617.68,28792.85,0.069,9,1,57,0,0,0,0,0,1
46,79900.0,15.6,RENT,31800.0,credit_card,60,547.88,8682.17,0.144,11,1,290,0,0,0,0,0,1
24,125300.0,0.9,OWN,22800.0,debt_consolidation,36,1741.1,66087.72,0.207,9,2,60,1,2,0,0,0,1
59,70200.0,9.6,MORTGAGE,22500.0,debt_consolidation,36,724.27,24912.99,0.478,7,0,423,0,0,0,0,0,1
59,46300.0,5.9,RENT,7900.0,home_improvement,60,1664.38,38029.31,0.482,6,2,422,0,0,0,0,0,1
70,42100.0,21.0,RENT,7300.0,debt_consolidation,60,534.09,9966.32,0.459,8,2,429,0,0,0,0,0,1
55,125600.0,9.2,OWN,41900.0,debt_consolidation,36,2093.4,64801.27,0.154,11,2,137,0,0,0,1,0,1
21,96600.0,0.0,RENT,26500.0,debt_consolidation,60,2087.89,62428.41,0.287,14,0,26,0,0,0,0,0,0
44,40700.0,5.2,MORTGAGE,8100.0,debt_consolidation,36,663.61,39023.05,0.166,6,0,220,0,0,0,1,0,0
56,31200.0,9.7,RENT,7600.0,debt_consolidation,36,1362.66,32457.57,0.838,11,1,399,0,1,0,0,0,1
26,40700.0,0.5,MORTGAGE,15800.0,small_business,60,776.91,28898.23,0.349,11,0,65,0,0,0,0,0,1
61,114000.0,3.0,RENT,39700.0,credit_card,36,1539.53,57066.9,0.472,8,4,316,0,0,0,0,0,1
66,39400.0,14.8,MORTGAGE,16700.0,auto,36,385.66,14287.95,0.752,8,2,414,0,0,0,0,0,1
64,85200.0,20.5,RENT,34100.0,credit_card,36,1234.98,71233.13,0.392,12,1,278,0,0,0,0,0,1
51,167900.0,14.9,MORTGAGE,50000.0,credit_card,36,3253.99,102469.89,0.417,9,1,185,1,0,0,0,0,1
40,42700.0,8.0,RENT,5400.0,debt_consolidation,36,1007.7,19096.19,0.389,9,1,112,0,0,0,0,0,1
44,53800.0,1.2,RENT,10500.0,credit_card,36,299.71,5590.49,0.092,8,2,267,0,0,0,0,0,1
45,65000.0,4.4,MORTGAGE,17700.0,credit_card,36,1324.73,70593.83,0.397,6,1,280,0,0,0,0,0,1
56,27400.0,19.9,OWN,1700.0,debt_consolidation,36,149.22,6077.59,0.245,9,0,152,1,1,0,0,0,1
41,44800.0,1.6,MORTGAGE,14400.0,debt_consolidation,36,746.97,18163.62,0.386,8,1,86,2,1,0,0,0,0
50,73000.0,1.9,RENT,32300.0,debt_consolidation,36,1403.08,75000.18,0.349,8,2,187,0,0,0,0,0,1
44,38800.0,16.0,MORTGAGE,14800.0,debt_consolidation,36,652.76,32506.12,0.268,4,1,262,0,0,0,0,0,1
64,214400.0,5.2,MORTGAGE,50000.0,credit_card,36,4396.82,140190.52,0.682,7,1,323,0,0,0,0,0,1
62,50500.0,28.2,MORTGAGE,16200.0,credit_card,36,464.85,17773.23,0.326,10,1,466,0,0,0,0,0,1
50,60000.0,11.1,MORTGAGE,24500.0,credit_card,36,650.23,28392.41,0.14,8,0,181,0,0,0,0,0,1
42,48300.0,7.9,OWN,8400.0,credit_card,36,528.58,13427.0,0.331,10,1,120,0,0,0,0,0,1
48,57900.0,12.4,RENT,13200.0,home_improvement,36,350.67,15468.11,0.671,10,1,222,0,0,0,0,0,1
27,44500.0,3.6,MORTGAGE,14000.0,debt_consolidation,36,742.67,31361.02,0.309,4,0,83,0,0,0,0,0,1
55,21100.0,20.9,RENT,5900.0,home_improvement,36,245.93,7870.22,0.375,9,0,383,0,0,0,0,0,1
48,54300.0,5.6,MORTGAGE,21000.0,credit_card,36,1015.26,42834.32,0.254,8,2,113,0,0,0,0,1,0
34,178800.0,2.6,MORTGAGE,35100.0,debt_consolidation,36,610.32,17209.04,0.592,17,1,158,0,0,0,0,0,0
30,162100.0,1.5,MORTGAGE,35100.0,credit_card,36,2114.45,85660.14,0.809,6,0,60,0,0,0,0,0,1
36,37000.0,1.5,MORTGAGE,5500.0,credit_card,36,784.14,32187.91,0.837,10,0,79,0,0,0,0,0,0
36,27500.0,5.7,MORTGAGE,8400.0,credit_card,60,621.62,36841.03,0.631,10,4,80,0,0,0,0,0,1
51,21400.0,7.0,MORTGAGE,4400.0,debt_consolidation,36,831.54,16667.72,0.5,10,1,300,0,0,0,0,0,1
62,38700.0,23.0,OWN,10400.0,small_business,36,848.45,15585.56,0.396,4,1,348,0,0,0,0,0,1
45,48700.0,12.3,RENT,3600.0,debt_consolidation,36,1518.97,42515.9,0.444,2,0,119,0,0,0,0,0,0
33,82600.0,5.6,OWN,27400.0,credit_card,60,1895.66,54456.73,0.408,3,1,116,0,0,0,0,0,1
26,52700.0,2.5,RENT,13900.0,debt_consolidation,36,1481.23,86613.76,0.384,9,0,62,0,0,0,0,0,1
64,107300.0,8.2,MORTGAGE,37200.0,credit_card,60,3769.55,225968.92,0.281,6,0,261,0,0,0,0,0,1
29,91700.0,3.8,RENT,13800.0,debt_consolidation,36,942.79,44695.41,0.222,12,1,105,0,0,0,0,0,1
65,80100.0,10.0,RENT,31400.0,debt_consolidation,60,1845.2,39379.89,0.269,11,0,484,1,1,1,1,0,1
56,61900.0,15.0,MORTGAGE,24700.0,credit_card,36,1943.28,78991.5,0.766,9,1,236,0,0,0,1,0,0
63,113900.0,13.4,RENT,25600.0,medical,36,3361.2,182780.69,0.195,11,1,387,0,0,0,1,0,1
40,93800.0,8.1,OWN,8300.0,small_business,36,2076.34,74447.51,0.732,7,0,123,0,0,0,0,0,1
38,29600.0,1.4,RENT,7500.0,medical,60,872.85,34546.14,0.407,11,2,102,0,0,0,0,0,0
63,88500.0,10.0,RENT,27300.0,home_improvement,36,1229.63,51038.94,0.27,11,1,212,1,0,1,0,0,1
41,48200.0,4.6,MORTGAGE,14000.0,credit_card,36,462.21,20745.88,0.475,7,1,158,0,0,0,0,0,1
24,109700.0,2.0,MORTGAGE,44900.0,debt_consolidation,36,2330.36,100892.95,0.524,11,4,26,0,0,0,1,0,0
70,95000.0,16.8,MORTGAGE,39600.0,debt_consolidation,36,2090.6,79052.88,0.448,6,0,364,0,1,0,0,0,1
53,170300.0,15.2,RENT,50000.0,debt_consolidation,60,4951.65,152697.95,0.272,8,0,317,0,0,0,0,0,1
47,22100.0,11.9,MORTGAGE,6800.0,debt_consolidation,36,241.61,7718.05,0.229,3,0,235,0,1,0,0,0,1
27,78300.0,2.4,RENT,8000.0,debt_consolidation,36,2011.21,59889.59,0.396,3,2,34,0,0,0,0,0,0
26,46300.0,1.5,OWN,9600.0,credit_card,36,616.46,30846.98,0.27,10,2,65,4,0,0,0,0,1
35,213600.0,2.5,MORTGAGE,38900.0,credit_card,36,4882.21,176225.72,0.347,14,2,80,0,0,0,0,0,1
38,18000.0,1.3,MORTGAGE,3400.0,credit_card,60,461.7,9109.5,0.235,6,1,202,0,0,0,0,0,1
52,84200.0,2.0,MORTGAGE,28700.0,debt_consolidation,36,1613.95,44858.23,0.084,5,1,337,0,0,0,0,0,1
31,89900.0,3.5,MORTGAGE,22000.0,debt_consolidation,36,1439.06,33790.23,0.344,9,1,146,0,0,0,0,0,1
40,20400.0,11.5,MORTGAGE,5100.0,auto,36,42.39,797.62,0.583,6,0,176,0,0,0,0,0,1
44,88000.0,8.8,MORTGAGE,13100.0,medical,36,818.35,23774.83,0.635,7,0,238,0,1,0,0,0,1
35,21800.0,7.2,RENT,2500.0,debt_consolidation,36,563.37,9433.68,0.239,5,1,69,0,0,0,0,0,1
68,44400.0,16.3,RENT,9500.0,credit_card,36,1010.86,31207.37,0.341,9,1,273,1,0,1,0,0,1
27,82900.0,0.2,RENT,6100.0,debt_consolidation,60,1612.08,24908.73,0.058,11,2,72,0,0,0,0,1,1
41,38700.0,7.2,MORTGAGE,4400.0,debt_consolidation,60,641.34,27462.13,0.143,12,3,133,0,0,0,0,0,1
62,69000.0,15.7,MORTGAGE,26000.0,home_improvement,36,536.41,16494.98,0.157,9,0,457,0,0,0,0,0,1
46,65900.0,12.3,MORTGAGE,14800.0,home_improvement,36,1095.3,16569.38,0.523,6,3,180,0,0,0,0,0,1
64,88800.0,2.9,MORTGAGE,39100.0,debt_consolidation,60,1722.6,88953.0,0.271,8,1,449,0,0,0,0,0,1
34,36800.0,3.8,MORTGAGE,1900.0,debt_consolidation,36,646.11,12357.91,0.633,6,0,145,0,0,0,0,1,1
57,110100.0,11.1,RENT,46000.0,debt_consolidation,36,3238.74,108750.74,0.381,9,1,203,0,0,0,0,0,0
41,18000.0,4.8,RENT,5600.0,credit_card,36,393.68,6162.38,0.457,6,1,120,0,0,0,0,0,1
38,152600.0,4.9,RENT,45700.0,major_purchase,36,3920.85,209658.36,0.155,8,1,183,0,0,0,0,0,1
25,57500.0,1.7,RENT,22200.0,credit_card,36,1664.55,44549.62,0.706,9,2,43,0,0,0,0,0,0
23,60800.0,0.9,RENT,18300.0,home_improvement,36,832.63,39321.78,0.132,7,1,37,0,0,0,0,0,1
43,78400.0,8.9,MORTGAGE,5000.0,debt_consolidation,36,1504.85,34968.61,0.407,5,2,151,0,0,0,1,0,0
46,73500.0,13.2,RENT,30300.0,home_improvement,36,1739.89,100887.78,0.076,11,2,128,0,0,0,0,0,1
57,66100.0,9.8,RENT,26400.0,credit_card,36,2238.72,115951.65,0.321,11,0,289,0,0,0,0,0,1
44,131400.0,9.5,OWN,33900.0,small_business,36,1573.47,27666.56,0.78,5,0,142,0,0,0,0,0,1
69,28600.0,9.1,OWN,2900.0,debt_consolidation,36,820.58,15916.77,0.631,3,0,406,1,2,0,0,0,1
39,39100.0,2.5,MORTGAGE,14800.0,credit_card,36,1299.99,27482.13,0.827,12,3,105,0,0,0,0,1,1
71,84000.0,3.6,RENT,22000.0,debt_consolidation,36,1764.41,67196.49,0.069,10,0,341,0,0,0,0,0,1
45,54100.0,0.8,MORTGAGE,9800.0,debt_consolidation,36,1317.88,75625.49,0.259,13,0,173,0,0,0,0,0,1
41,134600.0,1.5,MORTGAGE,50000.0,small_business,36,1539.13,64166.36,0.198,12,2,213,0,0,0,0,0,1
32,226700.0,3.2,RENT,26300.0,home_improvement,36,2525.96,66967.63,0.17,4,2,109,0,0,0,0,0,1
61,66400.0,8.0,MORTGAGE,7700.0,home_improvement,36,1391.17,50378.4,0.402,5,0,310,0,0,0,0,0,1
53,25700.0,7.1,RENT,7400.0,debt_consolidation,36,902.88,22456.82,0.479,8,0,370,0,0,0,0,0,1
70,40800.0,38.8,OWN,6400.0,home_improvement,36,1054.41,60722.07,0.549,10,1,518,0,0,0,0,0,1
24,21500.0,2.8,MORTGAGE,4600.0,credit_card,60,633.63,35234.54,0.549,11,1,34,0,0,0,0,0,0
62,93000.0,18.9,RENT,13600.0,credit_card,36,1218.68,70640.48,0.613,8,1,220,0,0,0,0,0,1
27,39300.0,2.0,RENT,14300.0,debt_consolidation,36,327.21,19243.53,0.278,9,5,60,0,0,0,0,0,1
42,60600.0,5.1,RENT,9700.0,small_business,36,1683.14,33419.8,0.347,9,1,145,0,0,0,0,0,1
53,56400.0,18.6,MORTGAGE,21800.0,debt_consolidation,60,2017.21,117015.54,0.303,8,2,343,0,0,0,0,0,1
37,123200.0,9.8,RENT,42400.0,small_business,60,1201.7,51454.78,0.178,7,2,108,0,0,0,0,0,1
44,68200.0,7.8,RENT,11500.0,medical,36,2724.78,75055.05,0.396,7,1,218,1,0,0,0,0,1
54,57000.0,6.0,RENT,21100.0,debt_consolidation,60,1626.83,60732.99,0.638,7,2,195,0,0,0,0,1,0
48,39900.0,9.1,RENT,7100.0,auto,36,993.02,18739.68,0.143,8,0,182,0,0,0,0,0,1
63,92200.0,8.7,OWN,19600.0,auto,36,1943.61,52806.46,0.265,13,0,196,0,0,0,0,0,1
61,36100.0,3.0,OWN,2900.0,credit_card,60,909.48,40586.16,0.437,10,0,487,0,0,0,0,0,1
59,33200.0,20.8,RENT,9200.0,debt_consolidation,60,964.31,26603.71,0.428,10,0,328,0,0,0,0,0,1
42,47700.0,7.4,RENT,18000.0,debt_consolidation,36,677.93,20358.42,0.393,9,6,167,0,0,0,0,0,0
69,208200.0,3.6,MORTGAGE,50000.0,debt_consolidation,60,2630.83,121142.25,0.371,9,2,541,0,0,0,0,0,1
37,62700.0,7.7,MORTGAGE,17000.0,debt_consolidation,36,954.19,28045.75,0.447,9,0,107,0,0,0,0,0,1
54,64300.0,1.6,RENT,26300.0,home_improvement,60,1650.2,26985.54,0.401,9,1,297,0,1,0,1,0,0
26,78800.0,0.7,MORTGAGE,17900.0,credit_card,60,1107.57,45756.66,0.688,4,2,57,0,0,0,0,0,1
66,75200.0,24.0,RENT,33700.0,credit_card,60,1281.49,71031.21,0.469,4,1,303,0,0,0,0,0,1
26,58700.0,1.7,RENT,13800.0,debt_consolidation,36,882.88,45871.4,0.3,11,2,43,0,1,0,0,0,1
54,38900.0,13.8,MORTGAGE,12000.0,debt_consolidation,60,942.91,29683.29,0.282,9,1,252,0,0,0,0,0,1
21,52000.0,0.4,MORTGAGE,3600.0,auto,60,168.58,3892.2,0.446,5,2,20,0,0,0,0,0,1
30,59100.0,6.8,MORTGAGE,19500.0,credit_card,36,1947.84,41097.22,0.583,7,4,134,0,0,0,0,0,1
41,30400.0,9.0,MORTGAGE,5400.0,small_business,36,367.4,11028.01,0.695,8,0,194,0,0,0,0,0,1
25,58800.0,0.1,MORTGAGE,5900.0,debt_consolidation,36,2037.81,43008.2,0.679,12,0,41,0,0,0,0,1,1
22,73700.0,1.0,RENT,8100.0,small_business,36,2121.59,93726.56,0.188,3,1,38,0,0,0,0,0,1
42,49300.0,8.2,RENT,12500.0,home_improvement,36,1851.02,109019.91,0.565,6,1,268,0,0,0,0,1,1
68,130800.0,23.4,MORTGAGE,37400.0,debt_consolidation,36,1367.54,24497.73,0.189,8,1,447,1,0,0,0,0,1
22,77000.0,0.1,MORTGAGE,25500.0,home_improvement,36,2026.6,63737.54,0.412,7,0,19,0,0,0,1,0,0
30,43500.0,1.9,MORTGAGE,9900.0,medical,36,1144.64,68083.05,0.217,5,0,132,0,0,0,0,0,1
54,52700.0,15.7,RENT,20900.0,debt_consolidation,36,1819.06,28998.94,0.439,9,2,388,0,0,0,0,0,1
36,130000.0,3.5,RENT,10100.0,credit_card,36,2930.97,50861.55,0.594,9,0,127,0,0,0,0,0,0
68,47100.0,38.8,RENT,4600.0,medical,36,1604.92,50471.66,0.429,13,1,489,0,0,1,0,1,1
71,42600.0,25.3,RENT,6000.0,small_business,36,1286.01,39350.03,0.472,8,1,480,0,0,0,0,0,1
59,41600.0,4.8,RENT,3800.0,credit_card,36,949.47,47560.75,0.223,5,1,370,0,0,0,1,0,1
42,68900.0,4.7,OWN,24300.0,debt_consolidation,36,1578.67,51824.49,0.546,10,2,242,0,0,0,0,0,1
32,74700.0,3.7,MORTGAGE,14600.0,debt_consolidation,36,849.4,27204.98,0.38,9,1,150,0,0,0,0,0,0
44,96200.0,7.1,MORTGAGE,28100.0,credit_card,60,1132.07,48462.32,0.286,9,1,237,1,0,0,0,0,1
67,44400.0,10.4,MORTGAGE,15800.0,debt_consolidation,36,288.75,13578.77,0.351,12,2,368,1,0,0,0,0,1
60,152500.0,19.8,MORTGAGE,41000.0,auto,36,2652.58,158974.42,0.14,5,1,417,0,0,0,0,0,1
58,87600.0,20.6,MORTGAGE,23100.0,home_improvement,60,1886.2,61882.55,0.518,10,1,172,0,0,0,0,0,0
30,52600.0,4.4,MORTGAGE,12100.0,debt_consolidation,36,719.65,25554.06,0.474,7,1,99,0,0,0,0,0,1
55,104300.0,12.7,RENT,34200.0,credit_card,36,1867.17,34659.7,0.448,10,1,287,0,0,0,0,0,1
71,188500.0,12.1,RENT,49400.0,debt_consolidation,36,4718.02,152326.31,0.794,10,4,550,1,1,0,0,0,1
69,86500.0,3.2,OWN,18300.0,credit_card,36,2446.24,49662.15,0.773,6,1,366,0,0,0,0,0,1
52,174100.0,2.6,MORTGAGE,50000.0,debt_consolidation,36,2873.02,121592.87,0.153,12,2,360,2,0,1,0,1,0
27,38000.0,2.2,MORTGAGE,16500.0,debt_consolidation,36,1025.95,45585.95,0.315,10,2,50,0,0,0,0,0,1
41,22900.0,12.4,MORTGAGE,8500.0,home_improvement,36,586.44,31509.02,0.269,9,0,241,0,0,0,0,0,1
40,88700.0,11.1,MORTGAGE,20300.0,debt_consolidation,36,1737.13,34015.24,0.516,6,1,231,0,0,0,0,0,1
46,123600.0,7.8,MORTGAGE,36200.0,credit_card,60,1274.98,42291.53,0.443,14,1,149,0,0,0,0,0,1
24,31900.0,0.7,OWN,6600.0,debt_consolidation,60,278.66,10440.78,0.222,4,0,55,0,0,0,0,0,1
66,131100.0,32.9,MORTGAGE,33800.0,medical,36,2668.13,117727.27,0.376,12,1,546,0,0,0,0,0,1
42,52000.0,6.9,MORTGAGE,17900.0,debt_consolidation,60,1202.62,70788.98,0.373,7,2,189,0,0,0,0,0,1
35,92500.0,2.1,MORTGAGE,35600.0,debt_consolidation,36,1911.4,32191.21,0.476,9,3,98,1,0,1,0,0,0
60,76500.0,20.0,OWN,5700.0,home_improvement,36,1046.45,52654.91,0.386,8,0,293,0,1,0,0,0,1
41,85400.0,4.3,MORTGAGE,9900.0,debt_consolidation,60,2711.53,54188.27,0.069,7,0,87,0,0,0,0,0,1
35,90400.0,5.4,MORTGAGE,25500.0,debt_consolidation,60,887.55,31031.25,0.773,7,3,65,0,0,0,0,0,0
42,63100.0,1.2,RENT,20900.0,home_improvement,60,1517.3,45972.93,0.542,5,1,211,0,0,0,0,0,0
48,52200.0,5.6,MORTGAGE,16400.0,debt_consolidation,60,584.96,29610.75,0.379,11,1,280,0,0,0,1,0,1
34,80000.0,7.9,RENT,12000.0,debt_consolidation,36,1833.41,88183.84,0.448,8,0,105,0,0,0,0,0,1
47,56800.0,3.9,MORTGAGE,17700.0,debt_consolidation,36,505.69,27157.88,0.428,7,2,230,0,0,0,0,0,1
61,45200.0,3.4,MORTGAGE,10600.0,debt_consolidation,36,781.22,42038.03,0.099,7,1,404,0,0,0,0,0,1
60,78800.0,18.3,RENT,11700.0,credit_card,60,1728.95,53940.53,0.833,11,2,418,0,0,0,0,0,0
48,47600.0,17.1,MORTGAGE,19200.0,credit_card,36,847.96,33043.63,0.824,4,0,279,1,0,0,0,0,1
46,59400.0,7.2,MORTGAGE,15600.0,debt_consolidation,36,407.0,7939.02,0.139,12,4,217,2,0,0,0,0,1
69,49400.0,7.4,MORTGAGE,19500.0,debt_consolidation,36,1578.83,53140.49,0.458,10,1,479,1,0,1,0,0,0
22,156100.0,0.8,MORTGAGE,33900.0,debt_consolidation,60,2146.92,94052.26,0.264,9,1,35,0,0,0,0,0,1
45,70100.0,3.2,MORTGAGE,21300.0,debt_consolidation,36,1753.34,101283.7,0.18,5,2,190,0,0,0,0,0,1
23,27700.0,0.5,MORTGAGE,10400.0,debt_consolidation,36,152.98,4515.82,0.12,5,1,24,0,0,0,0,0,1
28,131300.0,5.1,MORTGAGE,23800.0,debt_consolidation,60,2184.42,118544.38,0.361,11,0,89,0,0,0,0,0,1
64,24400.0,25.5,OWN,9600.0,debt_consolidation,36,315.51,16042.11,0.401,9,1,329,0,0,0,0,0,1
53,214600.0,18.6,RENT,40900.0,home_improvement,60,6745.04,258062.03,0.215,5,1,176,0,0,0,0,0,1
62,67600.0,12.2,MORTGAGE,8800.0,medical,36,222.28,4351.1,0.689,8,1,299,0,0,0,0,0,1
55,46900.0,20.4,RENT,16200.0,small_business,60,558.96,30603.41,0.116,10,0,155,0,0,0,0,0,1
26,54200.0,0.7,MORTGAGE,10000.0,debt_consolidation,60,415.03,8159.08,0.25,4,0,46,1,0,0,0,0,1
59,27600.0,11.3,MORTGAGE,11900.0,debt_consolidation,60,788.65,47209.95,0.831,8,3,428,0,0,0,0,0,1
43,62500.0,6.1,MORTGAGE,23200.0,debt_consolidation,36,1292.92,55263.53,0.375,8,2,102,0,0,0,0,0,1
45,51800.0,0.8,RENT,7400.0,debt_consolidation,36,1017.34,46465.08,0.34,7,1,129,0,1,0,0,1,1
70,63900.0,18.8,OWN,28400.0,credit_card,60,1448.68,50753.69,0.327,10,0,499,0,0,0,0,0,1
63,108500.0,6.3,OWN,21200.0,auto,60,4367.73,122434.07,0.479,6,1,488,0,0,0,0,0,1
39,78200.0,10.2,RENT,21400.0,small_business,36,1644.37,60919.24,0.303,8,3,188,0,0,0,0,0,1
25,35000.0,2.0,MORTGAGE,2800.0,credit_card,36,377.41,19641.76,0.382,13,3,27,0,0,0,0,0,1
71,38400.0,30.4,OWN,2600.0,debt_consolidation,60,695.21,29047.46,0.377,8,0,351,0,0,0,0,0,1
31,76000.0,6.6,MORTGAGE,12800.0,debt_consolidation,36,969.48,17625.28,0.136,3,0,148,0,0,0,0,0,1
32,86700.0,6.3,MORTGAGE,4800.0,debt_consolidation,60,3147.75,133471.85,0.553,11,1,133,0,0,0,0,0,1
30,63600.0,1.4,MORTGAGE,10200.0,credit_card,36,1026.52,18284.53,0.477,12,1,111,0,0,0,0,0,1
28,89800.0,2.6,MORTGAGE,23200.0,credit_card,36,1206.24,21351.19,0.175,9,1,68,0,0,0,0,0,1
44,71600.0,4.6,MORTGAGE,23400.0,credit_card,60,856.49,36863.7,0.229,7,1,161,0,2,0,0,0,1
48,72700.0,4.3,RENT,10900.0,small_business,36,1159.12,21081.1,0.191,7,1,150,0,1,0,0,0,1
61,105000.0,4.2,MORTGAGE,22400.0,credit_card,36,1702.51,78434.87,0.394,8,0,293,0,0,0,0,0,1
56,190500.0,11.1,MORTGAGE,38700.0,credit_card,60,6408.53,308585.49,0.603,10,1,367,0,0,0,0,0,1
57,78000.0,6.6,MORTGAGE,14100.0,debt_consolidation,36,1049.36,20785.02,0.555,6,2,413,0,0,0,0,0,1
41,300000.0,8.9,MORTGAGE,50000.0,debt_consolidation,36,1680.52,65497.53,0.296,4,0,193,1,0,0,0,0,1
28,71600.0,3.9,RENT,17600.0,debt_consolidation,36,420.42,24388.24,0.381,11,1,52,0,0,0,0,0,1
29,71000.0,0.4,MORTGAGE,9200.0,debt_consolidation,36,727.33,20838.44,0.887,4,2,94,0,0,0,0,0,1
67,193800.0,14.2,RENT,45700.0,credit_card,60,5912.4,162035.83,0.574,8,2,531,0,0,0,0,0,1
35,60400.0,1.1,MORTGAGE,9300.0,credit_card,36,1787.14,62493.3,0.526,5,1,77,0,0,0,0,0,1
68,24400.0,27.9,MORTGAGE,1800.0,credit_card,60,121.27,6294.17,0.331,7,0,201,0,0,0,0,0,1
66,36200.0,28.1,RENT,4900.0,home_improvement,36,960.04,42869.84,0.302,8,0,334,0,0,0,0,0,1
60,108900.0,8.0,MORTGAGE,46100.0,debt_consolidation,36,2579.7,90395.45,0.48,3,1,273,0,0,0,0,0,1
38,86600.0,2.5,MORTGAGE,21800.0,home_improvement,36,2185.2,97046.39,0.228,12,1,154,2,0,0,0,1,1
62,39700.0,24.0,OWN,17600.0,credit_card,36,774.95,35613.33,0.541,7,1,167,0,0,0,0,0,1
40,22500.0,14.0,RENT,3200.0,debt_consolidation,60,508.53,7785.84,0.078,5,2,197,0,0,0,0,0,1
26,53700.0,1.9,MORTGAGE,9000.0,debt_consolidation,36,1980.9,75828.09,0.086,6,0,84,0,1,0,0,0,1
32,127900.0,1.2,MORTGAGE,39200.0,credit_card,36,2456.65,48118.51,0.779,7,0,72,1,1,0,0,0,0
22,62200.0,0.3,MORTGAGE,12000.0,medical,36,1484.37,37538.1,0.279,4,1,27,0,0,0,0,0,1
27,54400.0,1.3,OWN,10600.0,debt_consolidation,36,556.41,29665.75,0.379,4,2,70,0,0,0,0,0,1
36,36100.0,4.5,MORTGAGE,14000.0,medical,36,534.44,24412.79,0.071,5,1,159,0,0,0,1,0,1
23,55400.0,1.0,MORTGAGE,3400.0,credit_card,36,1242.47,45214.41,0.531,3,2,22,0,0,0,0,1,1
65,88700.0,20.8,MORTGAGE,28100.0,home_improvement,36,2161.3,74266.79,0.272,8,0,225,1,2,0,0,0,0
23,59600.0,0.2,RENT,24000.0,small_business,36,1140.63,32077.13,0.247,5,1,45,0,0,0,0,0,1
47,60300.0,8.1,MORTGAGE,7200.0,debt_consolidation,36,675.47,23007.45,0.427,5,2,261,0,0,0,0,0,1
70,122600.0,3.3,MORTGAGE,25900.0,debt_consolidation,60,4339.35,95775.05,0.727,7,1,282,3,0,0,0,0,1
63,43100.0,4.0,MORTGAGE,16100.0,debt_consolidation,36,525.78,21117.67,0.94,11,0,187,0,0,0,0,0,1
60,85700.0,15.6,RENT,22600.0,debt_consolidation,36,1752.02,62244.14,0.263,11,1,451,0,0,0,0,0,1
58,60700.0,9.3,RENT,11700.0,medical,36,823.18,43737.28,0.257,11,1,319,0,0,0,0,0,1
53,163100.0,7.8,MORTGAGE,49000.0,debt_consolidation,36,6026.72,162449.66,0.811,5,0,364,0,0,0,0,0,1
48,106500.0,9.5,RENT,19200.0,major_purchase,36,174.37,10398.27,0.175,10,0,177,0,0,0,0,0,1
21,138100.0,0.4,OWN,41500.0,credit_card,36,867.58,49045.46,0.317,9,0,27,0,0,0,0,0,1
28,92800.0,1.5,MORTGAGE,10000.0,debt_consolidation,60,1278.37,51082.69,0.072,7,0,96,0,1,1,0,1,1
57,50500.0,7.5,RENT,7100.0,debt_consolidation,36,1842.03,82511.95,0.329,4,0,379,0,0,0,0,0,1
52,144200.0,13.7,MORTGAGE,8100.0,home_improvement,60,2161.8,125726.67,0.351,5,2,273,0,0,0,0,0,1
68,80600.0,16.6,MORTGAGE,10000.0,credit_card,36,1556.73,45115.6,0.248,8,2,522,0,0,0,0,0,1
63,74900.0,32.5,RENT,7700.0,debt_consolidation,36,2587.01,43004.91,0.21,3,2,349,0,0,0,0,0,1
57,42800.0,8.5,RENT,12400.0,major_purchase,60,884.58,23981.23,0.222,6,0,161,0,0,0,0,0,0
24,99400.0,2.4,RENT,42500.0,debt_consolidation,36,1628.56,30395.72,0.5,12,0,42,0,0,0,0,0,1
50,52300.0,14.5,RENT,7100.0,credit_card,36,608.3,30563.66,0.494,8,1,349,2,0,0,0,0,1
26,49500.0,2.3,MORTGAGE,5000.0,credit_card,36,588.63,16329.75,0.438,8,1,36,0,0,0,0,0,1
66,78000.0,23.1,MORTGAGE,20600.0,major_purchase,60,2292.56,48087.6,0.116,7,1,543,0,0,0,0,0,1
39,47100.0,12.6,RENT,5800.0,debt_consolidation,36,1244.39,73410.43,0.5,8,2,234,0,1,0,0,0,1
52,43600.0,1.9,MORTGAGE,11600.0,debt_consolidation,60,145.73,2340.6,0.437,11,0,266,0,0,0,0,0,1
29,39500.0,0.1,OWN,9900.0,debt_consolidation,36,1671.57,99199.83,0.2,9,3,76,0,0,0,0,0,1
32,116500.0,1.5,MORTGAGE,6700.0,debt_consolidation,36,2017.48,90144.85,0.035,11,2,153,0,0,0,0,0,1
31,145400.0,1.6,MORTGAGE,50000.0,credit_card,36,1085.17,42617.68,0.11,6,1,143,0,0,0,0,0,1
66,189400.0,23.5,RENT,24700.0,debt_consolidation,36,3559.1,156147.68,0.641,6,1,177,0,0,0,0,0,1
36,110700.0,6.2,RENT,45200.0,credit_card,36,2259.29,129653.67,0.019,6,2,142,0,0,0,0,0,1
21,18500.0,0.4,RENT,3800.0,home_improvement,36,379.58,7324.33,0.746,8,0,26,0,1,0,0,0,1
65,78900.0,11.4,MORTGAGE,8900.0,debt_consolidation,36,2544.49,113772.28,0.318,8,2,184,0,0,0,0,0,0
41,57800.0,4.3,MORTGAGE,5400.0,home_improvement,36,580.43,20572.47,0.585,8,1,182,1,0,0,0,0,1
50,246200.0,9.1,OWN,50000.0,home_improvement,36,6854.28,362902.78,0.309,10,1,117,0,0,0,0,0,1
33,82100.0,3.0,MORTGAGE,16000.0,debt_consolidation,36,492.37,17166.34,0.277,9,2,158,1,0,0,0,0,1
54,41900.0,5.7,RENT,17500.0,debt_consolidation,36,469.87,15748.81,0.791,9,2,187,0,0,0,0,0,1
24,44400.0,2.0,MORTGAGE,5800.0,debt_consolidation,36,1136.17,64653.93,0.149,8,4,22,0,0,0,0,0,1
48,25300.0,18.9,RENT,8600.0,small_business,60,988.33,50316.33,0.418,11,1,168,0,0,0,0,0,1
58,63700.0,20.4,MORTGAGE,7900.0,debt_consolidation,36,502.93,12556.16,0.139,7,4,176,0,0,0,1,0,1
51,27900.0,8.9,RENT,11100.0,small_business,36,541.37,19529.24,0.201,5,1,219,0,0,0,0,0,1
47,21800.0,1.1,RENT,5500.0,credit_card,36,78.46,3683.58,0.406,10,3,243,0,0,0,0,0,1
25,39600.0,1.9,RENT,15100.0,debt_consolidation,36,235.54,6052.85,0.365,10,0,29,0,0,0,0,0,1
45,37700.0,8.0,OWN,8500.0,home_improvement,36,283.69,13505.73,0.769,3,0,153,1,1,0,0,0,0
23,68800.0,1.2,MORTGAGE,8300.0,credit_card,36,2044.93,104681.81,0.584,9,2,26,0,0,0,0,0,0
53,81900.0,16.4,RENT,21800.0,debt_consolidation,60,1556.37,78722.99,0.198,5,2,355,0,0,0,0,1,0
24,66300.0,0.7,RENT,10500.0,debt_consolidation,36,916.49,17356.85,0.169,10,2,66,0,0,0,0,0,1
45,62200.0,5.2,RENT,7700.0,debt_consolidation,60,597.72,18354.59,0.139,4,4,276,1,1,0,0,0,1
40,82100.0,2.5,RENT,33800.0,debt_consolidation,36,1952.82,116265.6,0.481,9,2,89,0,0,0,0,0,1
54,124800.0,12.7,RENT,33800.0,home_improvement,60,2380.06,115645.09,0.206,11,1,280,0,0,0,0,0,1
46,38300.0,5.9,MORTGAGE,14200.0,home_improvement,36,963.96,49098.82,0.357,12,0,295,0,0,0,0,0,1
25,79300.0,1.0,MORTGAGE,28600.0,credit_card,36,2120.37,97632.39,0.267,9,4,32,0,0,0,0,0,1
55,67100.0,13.3,OWN,3400.0,debt_consolidation,36,808.93,43931.47,0.244,4,0,330,0,0,0,0,0,1
48,82800.0,9.5,RENT,33500.0,debt_consolidation,36,2542.28,120680.56,0.54,11,1,303,0,0,0,0,0,1
49,59500.0,9.9,OWN,21400.0,home_improvement,36,360.54,14798.32,0.253,12,1,262,0,0,0,0,0,1
29,40600.0,2.2,RENT,6400.0,credit_card,36,979.86,42632.63,0.19,9,0,103,0,0,0,0,0,1
58,61300.0,14.9,RENT,8700.0,home_improvement,36,1629.67,60093.28,0.62,2,0,337,0,0,0,0,0,1
70,44300.0,9.1,RENT,3200.0,debt_consolidation,36,648.72,13682.05,0.17,8,1,469,0,0,0,0,0,1
26,38400.0,1.3,OWN,3300.0,debt_consolidation,36,1108.54,27821.04,0.281,6,2,57,0,1,0,0,0,1
39,127000.0,2.8,OWN,16200.0,debt_consolidation,60,1851.21,38237.66,0.74,9,0,116,0,0,0,0,0,1
64,71900.0,33.7,MORTGAGE,3700.0,debt_consolidation,36,1318.64,66128.48,0.363,10,1,514,0,0,0,0,0,1
31,22300.0,7.6,RENT,3900.0,medical,36,341.7,12086.38,0.369,7,3,140,2,0,0,0,0,0
22,18000.0,0.1,MORTGAGE,7500.0,debt_consolidation,60,494.48,15984.46,0.75,12,0,16,0,0,0,0,0,0
67,60900.0,3.1,MORTGAGE,16600.0,small_business,36,480.71,12711.99,0.291,9,0,424,0,0,0,0,0,1
64,46700.0,5.6,RENT,13200.0,credit_card,36,989.51,20866.84,0.097,9,1,181,0,0,0,0,0,1
64,67000.0,2.7,RENT,9700.0,debt_consolidation,36,1034.91,35290.09,0.344,3,0,507,0,0,0,1,0,1
29,75600.0,0.4,MORTGAGE,10600.0,debt_consolidation,36,2197.62,64071.68,0.194,6,3,116,0,0,0,0,0,0
41,65700.0,9.4,MORTGAGE,12900.0,credit_card,36,1298.67,31093.69,0.536,8,0,85,0,0,0,0,0,1
44,43100.0,1.8,MORTGAGE,6700.0,debt_consolidation,36,1078.85,27960.22,0.64,7,0,283,0,0,0,0,0,1
54,112900.0,7.5,MORTGAGE,44400.0,debt_consolidation,36,2720.34,147504.3,0.217,10,1,287,0,0,0,0,0,1
42,34900.0,17.5,MORTGAGE,4200.0,debt_consolidation,36,895.64,26936.53,0.042,2,2,121,0,0,0,0,0,1
23,129200.0,0.8,MORTGAGE,41300.0,credit_card,60,3606.8,195830.36,0.527,12,0,57,0,0,0,0,1,0
32,91200.0,8.5,MORTGAGE,22400.0,home_improvement,60,1122.4,61571.28,0.337,5,1,58,0,0,0,0,0,1
48,46100.0,5.4,RENT,14800.0,credit_card,60,981.6,41554.0,0.083,8,3,130,0,0,0,0,0,1
50,84300.0,10.4,MORTGAGE,32400.0,medical,36,1087.09,59611.56,0.664,4,3,290,0,0,0,0,0,1
46,54400.0,0.9,RENT,10100.0,home_improvement,36,1128.0,63762.4,0.247,2,1,238,0,0,0,0,0,1
68,140300.0,38.2,RENT,37400.0,major_purchase,60,3925.2,98401.23,0.105,10,1,409,0,0,0,0,0,1
41,46600.0,3.1,RENT,11600.0,credit_card,60,325.16,17250.09,0.754,9,2,187,0,0,0,0,0,1
48,103000.0,11.8,MORTGAGE,20500.0,debt_consolidation,36,1050.28,61442.23,0.175,8,1,317,2,1,0,0,0,1
46,33000.0,12.0,RENT,12400.0,credit_card,60,678.34,26037.74,0.197,11,2,189,0,0,0,0,0,1
53,79700.0,12.8,OWN,4300.0,small_business,36,1253.51,68388.99,0.908,10,1,261,0,0,0,0,0,0
41,78000.0,6.8,MORTGAGE,13600.0,credit_card,36,408.61,17425.14,0.532,10,1,239,0,0,0,0,0,1
55,93800.0,13.9,OWN,35900.0,credit_card,36,1133.44,59389.94,0.589,5,1,164,0,0,0,0,0,1
54,86800.0,5.8,RENT,34600.0,auto,36,916.98,22930.71,0.169,8,3,152,0,0,0,0,1,1
61,56000.0,3.6,MORTGAGE,18300.0,debt_consolidation,36,433.61,10524.54,0.318,6,1,471,0,0,0,0,0,1
71,22800.0,28.6,OWN,4200.0,small_business,36,73.32,3812.49,0.521,3,3,344,0,0,0,0,0,1
67,31600.0,18.0,RENT,12000.0,credit_card,36,594.08,28615.79,0.325,11,0,543,0,0,0,0,0,1
38,21300.0,15.6,RENT,1800.0,credit_card,36,463.78,25430.45,0.02,1,2,140,0,0,0,0,0,1
31,57100.0,6.2,MORTGAGE,8900.0,debt_consolidation,36,331.72,5379.38,0.621,5,1,103,1,0,0,0,0,1
43,123400.0,8.7,RENT,10700.0,home_improvement,60,3029.55,130268.05,0.559,11,0,116,0,0,0,0,0,0
68,44000.0,8.7,RENT,4100.0,small_business,36,1015.91,35346.63,0.504,6,1,450,0,0,1,0,0,1
42,53200.0,11.1,OWN,15300.0,debt_consolidation,36,390.78,11820.89,0.32,5,2,240,0,0,0,0,0,1
37,47800.0,2.6,MORTGAGE,3800.0,home_improvement,36,1347.94,72129.6,0.426,6,2,187,1,3,0,0,0,0
25,75900.0,0.4,MORTGAGE,24400.0,credit_card,36,1367.63,40253.44,0.141,14,1,61,0,1,0,0,0,1
64,72800.0,2.6,RENT,13800.0,debt_consolidation,36,1472.93,47245.07,0.412,12,1,476,0,0,0,0,1,1
31,52500.0,4.1,RENT,3800.0,medical,36,287.13,7424.47,0.485,11,3,59,0,0,0,0,0,1
50,38800.0,22.7,RENT,6400.0,home_improvement,36,934.22,54913.59,0.646,12,0,190,0,0,0,0,0,1
35,93400.0,4.1,MORTGAGE,19600.0,major_purchase,36,973.22,42284.96,0.412,9,0,74,0,0,0,0,0,1
47,120900.0,6.3,MORTGAGE,23800.0,debt_consolidation,60,2588.95,123428.72,0.443,5,2,162,0,0,0,0,0,1
55,102900.0,15.0,RENT,26100.0,major_purchase,36,3568.98,211220.63,0.168,7,2,270,0,0,0,0,0,1
53,35200.0,5.4,OWN,8800.0,debt_consolidation,36,707.05,28123.85,0.473,5,2,182,0,0,0,0,0,1
40,18900.0,1.2,MORTGAGE,3700.0,debt_consolidation,60,122.02,4423.88,0.04,10,2,248,0,2,0,0,0,1
36,58000.0,0.9,RENT,23800.0,debt_consolidation,36,851.01,30887.01,0.099,5,2,117,0,0,0,0,0,1
54,141100.0,10.2,MORTGAGE,19500.0,debt_consolidation,60,548.97,26055.98,0.317,6,1,248,0,1,0,0,0,1
22,22100.0,1.6,RENT,4100.0,debt_consolidation,36,129.01,7207.37,0.332,7,2,27,1,0,0,0,0,1
55,52800.0,10.8,MORTGAGE,14300.0,debt_consolidation,60,686.49,34257.62,0.574,4,1,176,1,0,0,0,1,0
60,160400.0,7.7,MORTGAGE,23800.0,debt_consolidation,36,2800.1,108178.7,0.718,8,1,192,0,0,0,0,0,1
48,113500.0,12.9,OWN,12500.0,major_purchase,60,3542.66,95118.9,0.791,11,1,290,0,0,0,0,0,1
67,75100.0,4.8,RENT,3900.0,small_business,36,1142.67,60269.62,0.12,8,0,289,0,0,0,0,0,1
59,34300.0,23.2,RENT,14700.0,home_improvement,36,1407.48,73691.24,0.775,8,0,253,0,0,0,0,0,1
26,150400.0,3.6,RENT,50000.0,credit_card,36,2847.78,71111.1,0.274,8,1,78,1,0,0,0,0,1
29,59700.0,2.6,RENT,24200.0,debt_consolidation,36,732.9,33637.16,0.534,11,2,84,1,0,0,0,0,1
40,19200.0,1.0,MORTGAGE,1300.0,debt_consolidation,60,343.29,13720.14,0.678,6,1,236,0,0,0,0,0,1
21,146600.0,0.2,MORTGAGE,11600.0,debt_consolidation,36,3368.58,83676.13,0.076,6,0,25,0,0,0,0,0,1
28,37400.0,1.9,OWN,10100.0,credit_card,36,714.39,20086.61,0.451,9,0,78,0,0,0,0,0,1
43,300000.0,12.5,RENT,17800.0,debt_consolidation,36,4804.81,229611.1,0.173,6,0,177,0,0,0,0,0,1
23,59800.0,0.6,MORTGAGE,9500.0,credit_card,36,239.01,13804.54,0.344,6,0,44,0,0,0,0,0,1
24,83500.0,1.5,RENT,36700.0,credit_card,36,592.34,26174.64,0.384,7,4,58,0,0,0,0,0,0
45,69600.0,16.6,OWN,13400.0,small_business,36,1766.43,103903.24,0.569,9,1,178,0,0,0,0,0,1
67,57200.0,7.9,RENT,25300.0,auto,60,930.3,36793.28,0.772,5,1,550,1,0,0,0,0,1
58,102400.0,4.3,MORTGAGE,10000.0,major_purchase,36,2064.2,110349.72,0.532,10,1,448,0,0,0,0,0,1
35,73900.0,3.0,RENT,15100.0,home_improvement,60,1839.57,108237.97,0.215,8,4,133,0,0,0,0,0,1
41,68400.0,0.8,RENT,3600.0,debt_consolidation,36,777.08,12676.28,0.055,5,1,114,0,0,0,0,0,1
55,37600.0,18.8,MORTGAGE,10800.0,debt_consolidation,36,780.86,13204.31,0.288,14,3,210,0,0,0,0,0,0
66,61000.0,18.3,OWN,11400.0,credit_card,36,1226.09,32263.94,0.208,5,1,257,0,0,0,0,0,1
34,34700.0,4.8,MORTGAGE,8700.0,debt_consolidation,36,761.92,21117.58,0.265,9,0,149,0,0,0,0,0,1
56,82700.0,2.5,RENT,30400.0,debt_consolidation,36,1772.57,70956.62,0.656,7,1,404,2,0,1,0,1,0
32,79800.0,6.7,RENT,21600.0,credit_card,36,1270.79,47659.81,0.371,6,1,98,0,0,0,0,0,1
37,72900.0,2.0,RENT,23000.0,debt_consolidation,60,1672.17,87927.17,0.504,11,0,99,0,0,0,0,0,0
59,131100.0,16.9,MORTGAGE,31300.0,major_purchase,60,4045.52,161327.95,0.608,6,0,465,0,0,0,0,0,1
29,102900.0,6.7,RENT,35900.0,credit_card,36,1225.0,33587.2,0.353,6,1,73,0,0,0,0,0,0
55,208300.0,10.0,OWN,50000.0,credit_card,36,1695.68,42183.4,0.257,5,0,229,1,0,0,0,0,1
33,113700.0,2.6,MORTGAGE,45100.0,home_improvement,60,626.6,17618.67,0.271,5,0,118,0,0,0,0,0,1
35,72100.0,4.6,MORTGAGE,25400.0,debt_consolidation,36,1945.1,41506.29,0.298,5,1,169,1,1,0,0,0,1
38,56200.0,2.6,MORTGAGE,8000.0,medical,60,1013.27,42870.15,0.287,10,0,180,0,0,0,0,0,1
71,30400.0,28.8,MORTGAGE,7900.0,debt_consolidation,36,349.23,9036.18,0.208,8,1,432,0,0,0,0,0,1
53,141000.0,16.9,RENT,50000.0,major_purchase,60,2564.45,138401.57,0.812,5,2,299,2,0,0,0,0,0
26,90600.0,3.4,RENT,35700.0,major_purchase,36,1576.56,92116.36,0.801,10,1,63,2,0,0,0,0,1
47,51600.0,11.0,RENT,12400.0,debt_consolidation,36,728.92,23718.11,0.162,9,1,193,0,0,0,0,1,1
43,78500.0,9.4,MORTGAGE,13800.0,credit_card,36,2025.39,115140.2,0.221,7,1,133,0,0,0,0,0,1
47,71300.0,15.7,RENT,9600.0,home_improvement,36,2275.16,123157.81,0.208,5,4,248,0,0,0,0,0,1
54,62900.0,16.1,MORTGAGE,8000.0,medical,36,497.68,19040.81,0.177,8,2,376,0,0,0,0,0,1
66,110100.0,9.1,RENT,11800.0,debt_consolidation,36,3133.38,72600.42,0.347,7,2,240,0,0,0,0,0,1
58,28200.0,8.2,MORTGAGE,12700.0,credit_card,60,518.11,21346.17,0.286,5,0,254,0,0,0,0,0,1
34,105800.0,6.0,MORTGAGE,33300.0,home_improvement,60,1502.41,74844.81,0.216,10,0,95,0,0,0,0,0,1
56,136700.0,11.5,OWN,24000.0,debt_consolidation,60,3923.39,80824.95,0.391,10,2,347,0,0,0,0,0,1
28,35900.0,2.3,RENT,6000.0,small_business,36,206.62,11800.68,0.438,12,2,112,0,0,0,0,0,1
55,22600.0,10.2,MORTGAGE,3900.0,debt_consolidation,36,129.47,6358.23,0.51,12,1,372,0,0,0,0,0,1
39,85500.0,7.7,OWN,34100.0,credit_card,36,1009.13,52947.73,0.612,10,1,226,0,0,0,0,0,1
50,112600.0,17.4,RENT,28700.0,debt_consolidation,60,4635.55,188013.4,0.125,10,0,147,0,0,0,0,0,1
34,40800.0,9.9,OWN,6500.0,debt_consolidation,36,656.39,17044.77,0.291,6,0,139,0,0,0,0,0,1
40,30700.0,9.9,RENT,11300.0,credit_card,36,314.76,5149.77,0.615,6,2,93,0,0,0,0,0,1
69,23500.0,26.3,RENT,8200.0,debt_consolidation,60,544.46,19611.97,0.283,5,0,190,0,0,0,0,0,1
45,120100.0,8.5,RENT,28500.0,medical,36,4568.61,85017.9,0.077,4,1,300,0,0,0,1,0,1
60,62500.0,7.8,RENT,20300.0,small_business,36,983.28,22886.29,0.645,9,2,196,0,0,0,0,0,0
44,135500.0,7.8,OWN,46800.0,major_purchase,36,2020.75,73267.94,0.575,10,0,230,0,0,0,0,0,1
34,18000.0,4.9,RENT,1300.0,credit_card,60,663.83,25460.25,0.694,7,2,76,0,0,0,0,0,1
46,69300.0,17.4,MORTGAGE,27700.0,credit_card,60,959.28,36260.72,0.709,7,2,193,0,0,0,0,0,0
58,122100.0,19.5,MORTGAGE,20100.0,small_business,36,3263.56,125976.6,0.826,8,0,214,0,0,0,0,0,1
43,39500.0,12.0,MORTGAGE,17500.0,debt_consolidation,36,844.19,23861.5,0.489,5,0,216,0,0,0,0,0,1
42,99400.0,10.8,RENT,41100.0,credit_card,60,1986.93,85288.12,0.335,11,2,177,0,0,0,0,0,1
68,37000.0,22.9,MORTGAGE,2100.0,credit_card,36,1140.26,35578.32,0.061,8,2,454,0,0,0,0,0,1
39,39300.0,10.8,RENT,11700.0,credit_card,36,237.9,8687.77,0.041,11,1,179,0,0,0,0,0,1
66,68800.0,3.4,MORTGAGE,30000.0,credit_card,36,2005.43,57765.42,0.892,12,1,266,0,0,0,0,0,1
71,47400.0,17.2,OWN,13100.0,home_improvement,36,1266.88,26045.75,0.602,9,3,447,1,0,0,0,1,1
23,140600.0,1.4,RENT,41700.0,debt_consolidation,60,1253.1,26389.37,0.077,10,1,30,0,0,0,0,0,1
62,66500.0,17.4,RENT,28100.0,debt_consolidation,36,1179.8,59665.28,0.761,6,1,407,0,0,0,0,0,1
39,143400.0,2.3,MORTGAGE,40000.0,medical,36,3122.5,133626.6,0.795,12,1,123,0,0,0,1,0,1
29,95800.0,3.9,RENT,14200.0,small_business,60,1095.62,17440.01,0.443,10,2,52,0,0,0,0,0,0
48,40100.0,13.4,RENT,9400.0,debt_consolidation,36,645.71,33628.51,0.547,5,2,127,0,0,0,0,0,0
40,74800.0,1.9,RENT,14200.0,credit_card,60,3171.44,47784.55,0.196,9,2,134,0,0,0,0,0,1
65,41800.0,4.8,MORTGAGE,4900.0,debt_consolidation,60,127.12,2688.36,0.172,8,1,401,1,1,1,0,0,0
27,124800.0,1.4,RENT,16900.0,credit_card,36,3245.08,60956.14,0.451,13,2,55,0,0,0,0,0,1
34,147500.0,9.6,MORTGAGE,11000.0,credit_card,36,3638.56,115523.12,0.208,4,0,87,0,0,0,0,0,1
29,25600.0,2.0,MORTGAGE,3000.0,debt_consolidation,36,513.85,11417.21,0.377,10,1,50,0,0,0,0,0,1
39,90300.0,5.1,MORTGAGE,13900.0,home_improvement,36,665.84,18799.74,0.635,11,1,210,0,0,0,0,0,1
67,128800.0,16.5,OWN,45500.0,debt_consolidation,36,2154.59,50473.72,0.512,6,0,312,0,0,0,0,0,1
34,108100.0,9.1,MORTGAGE,21200.0,debt_consolidation,36,442.06,22565.23,0.103,3,1,117,0,0,0,0,0,1
58,62500.0,9.7,RENT,20400.0,debt_consolidation,36,590.21,12273.25,0.524,9,0,425,0,0,0,0,0,1
56,299400.0,2.5,RENT,50000.0,small_business,36,5807.46,111939.41,0.483,7,0,252,0,0,0,0,0,1
60,75300.0,20.1,MORTGAGE,21300.0,credit_card,36,2400.88,63908.47,0.33,6,1,172,0,0,0,0,0,1
37,29300.0,9.1,OWN,8700.0,credit_card,36,533.37,16138.24,0.083,12,1,89,0,0,0,0,0,1
50,96900.0,13.9,MORTGAGE,26200.0,home_improvement,60,1733.63,54392.52,0.515,12,0,220,1,0,0,0,0,1
29,120700.0,4.2,RENT,25100.0,debt_consolidation,60,559.22,9122.61,0.241,7,2,91,0,0,0,0,0,1
53,91600.0,14.9,OWN,11400.0,credit_card,60,671.37,22024.68,0.332,7,3,233,0,0,0,0,0,1
45,74100.0,12.4,MORTGAGE,32700.0,debt_consolidation,36,1446.9,38919.92,0.1,7,1,269,0,0,0,0,0,1
34,30800.0,1.3,RENT,7400.0,debt_consolidation,36,855.87,34208.42,0.517,5,0,103,1,0,1,0,0,0
31,26700.0,3.5,MORTGAGE,11300.0,credit_card,36,602.5,14851.63,0.811,10,4,105,0,0,0,0,1,1
55,38800.0,12.0,RENT,6000.0,debt_consolidation,36,605.52,29785.86,0.411,12,3,359,0,0,0,0,0,1
61,18000.0,9.8,MORTGAGE,1700.0,home_improvement,60,631.72,30095.9,0.074,6,1,226,0,0,0,0,0,1
34,153400.0,0.1,RENT,46700.0,credit_card,36,2291.25,43103.33,0.412,6,2,93,0,0,0,0,0,1
50,68800.0,5.8,RENT,26900.0,debt_consolidation,36,1795.01,48645.54,0.334,11,2,315,0,0,0,0,0,1
61,55000.0,16.5,MORTGAGE,17300.0,credit_card,36,1179.14,38494.73,0.356,5,2,191,0,0,0,0,0,0
24,30000.0,1.6,MORTGAGE,10400.0,debt_consolidation,36,767.77,18081.14,0.335,5,0,33,1,0,0,0,0,1
24,32600.0,0.4,RENT,9600.0,home_improvement,60,947.1,32340.91,0.811,7,1,33,0,0,0,0,0,1
48,66900.0,18.6,RENT,23300.0,credit_card,36,1126.3,56052.79,0.6,11,2,284,1,0,0,0,0,1
28,56400.0,1.3,MORTGAGE,10600.0,small_business,36,1694.08,26341.29,0.072,5,2,46,1,0,0,1,0,0
22,71100.0,0.3,MORTGAGE,14600.0,debt_consolidation,36,1314.74,23683.72,0.414,6,1,34,0,0,0,0,1,0
61,31900.0,28.1,RENT,11600.0,debt_consolidation,60,237.61,12378.34,0.721,9,2,209,0,0,0,0,0,1
66,81700.0,23.7,MORTGAGE,30300.0,debt_consolidation,60,991.65,41602.21,0.747,9,3,401,0,0,0,0,0,1
42,133800.0,2.5,OWN,11100.0,debt_consolidation,36,3126.28,84533.24,0.386,12,1,218,0,0,0,0,0,0
61,56500.0,5.7,MORTGAGE,3200.0,medical,36,1059.63,63006.82,0.071,6,2,349,0,0,0,0,0,1
36,101800.0,2.7,RENT,32200.0,home_improvement,36,583.58,23294.44,0.305,7,1,112,0,0,0,0,0,1
49,60100.0,8.2,RENT,5000.0,debt_consolidation,60,145.4,6884.47,0.462,7,0,271,0,0,0,0,0,1
69,53500.0,22.2,RENT,6300.0,debt_consolidation,36,484.22,26741.01,0.453,10,0,437,0,0,0,0,0,1
68,83800.0,24.8,RENT,10800.0,debt_consolidation,60,1696.6,54320.56,0.322,9,0,302,0,0,0,0,0,1
50,51200.0,9.3,MORTGAGE,13000.0,debt_consolidation,36,347.62,6412.36,0.129,12,0,316,0,0,0,0,0,1
32,46900.0,2.8,RENT,6100.0,debt_consolidation,36,632.16,37571.62,0.466,12,3,95,0,0,0,1,0,1
55,120000.0,15.7,RENT,14700.0,debt_consolidation,36,548.07,15333.33,0.779,12,0,376,0,0,0,0,0,1
31,24300.0,3.1,MORTGAGE,1300.0,credit_card,36,340.53,15323.59,0.236,5,1,133,2,0,0,0,0,1
66,69500.0,6.0,MORTGAGE,24800.0,credit_card,60,1201.11,24226.65,0.102,6,1,482,0,0,0,0,0,1
70,37000.0,32.8,RENT,3900.0,credit_card,36,311.09,9572.14,0.046,9,2,410,0,0,0,0,0,1
41,178700.0,5.3,MORTGAGE,49600.0,home_improvement,60,2469.75,67689.2,0.653,13,2,231,0,0,0,1,0,1
41,109000.0,3.0,MORTGAGE,18500.0,debt_consolidation,60,879.34,51310.62,0.233,10,1,113,0,0,0,0,0,1
25,133700.0,1.0,MORTGAGE,16500.0,debt_consolidation,36,4665.78,91379.25,0.178,5,2,26,0,0,0,0,0,1
68,73700.0,22.4,MORTGAGE,13900.0,debt_consolidation,36,1918.52,30362.9,0.452,9,2,380,3,1,0,0,0,1
40,93700.0,2.3,RENT,14300.0,credit_card,36,3284.3,137488.97,0.408,6,0,131,0,0,0,0,0,0
57,74300.0,23.4,MORTGAGE,16600.0,medical,60,2201.7,78291.5,0.083,4,1,423,1,0,1,0,0,0
23,48500.0,1.2,MORTGAGE,15800.0,major_purchase,60,640.14,23550.05,0.172,10,1,43,0,0,0,0,0,1
64,175300.0,21.7,OWN,12300.0,credit_card,36,4034.52,137821.57,0.782,4,1,363,0,0,0,0,0,1
53,97400.0,13.5,RENT,12000.0,credit_card,36,1777.91,28733.03,0.372,4,3,351,0,0,0,0,0,1
29,42100.0,1.0,RENT,3500.0,auto,36,1515.01,39769.44,0.68,9,2,103,0,0,0,0,0,1
29,28000.0,4.2,RENT,12200.0,credit_card,60,591.37,31914.18,0.501,6,3,116,0,0,0,0,0,1
24,37800.0,0.3,MORTGAGE,10600.0,major_purchase,60,964.08,45978.73,0.453,10,0,62,0,0,0,0,0,1
55,68300.0,13.4,MORTGAGE,25800.0,credit_card,36,1741.65,85736.23,0.241,5,0,355,0,0,0,0,0,1
37,46200.0,3.8,MORTGAGE,7200.0,debt_consolidation,60,450.17,25424.93,0.307,6,0,147,0,0,0,0,0,1
54,110600.0,7.7,RENT,45100.0,medical,60,2340.17,72964.43,0.406,7,1,276,1,1,0,0,0,1
44,77100.0,2.8,RENT,23300.0,debt_consolidation,36,1770.34,49959.26,0.203,10,1,140,0,0,0,0,0,1
52,57700.0,7.6,MORTGAGE,12300.0,home_improvement,36,1466.6,77268.06,0.564,4,0,136,2,1,1,0,0,0
21,66200.0,0.4,OWN,19200.0,debt_consolidation,60,1211.51,67990.99,0.4,10,0,30,0,0,0,0,0,1
28,61800.0,0.7,MORTGAGE,6200.0,major_purchase,60,2017.58,109906.45,0.288,7,2,101,0,0,0,0,0,1
65,58200.0,7.2,MORTGAGE,10200.0,debt_consolidation,36,1104.26,49907.66,0.236,7,1,492,0,0,0,0,0,1
43,81800.0,7.4,RENT,21700.0,debt_consolidation,36,1487.53,27105.43,0.663,8,0,163,0,1,0,0,0,0
67,49900.0,0.6,OWN,15300.0,debt_consolidation,36,2136.69,53825.74,0.419,8,2,455,0,0,0,0,0,1
60,34800.0,1.4,MORTGAGE,4800.0,credit_card,36,361.52,20543.84,0.094,3,1,462,0,0,0,0,0,1
32,99800.0,1.5,RENT,44600.0,small_business,60,2151.35,99279.52,0.285,7,2,148,0,0,0,0,0,0
32,42700.0,3.9,MORTGAGE,16400.0,home_improvement,36,79.2,2833.34,0.297,11,2,92,0,0,0,0,0,1
66,130900.0,16.7,MORTGAGE,36900.0,debt_consolidation,60,1697.83,76474.01,0.237,7,1,490,0,0,0,0,0,1
67,60400.0,20.0,MORTGAGE,26500.0,debt_consolidation,36,1698.03,94109.44,0.497,4,0,403,0,0,0,0,1,1
35,51800.0,5.4,OWN,13200.0,credit_card,36,1538.11,72397.12,0.258,15,0,68,0,0,0,0,0,1
61,39600.0,16.2,RENT,17000.0,credit_card,36,566.89,19481.79,0.229,10,0,465,0,0,0,0,0,1
39,55800.0,3.0,MORTGAGE,19600.0,major_purchase,36,246.91,14410.57,0.294,11,3,239,0,0,0,0,0,0
46,80200.0,8.3,MORTGAGE,11000.0,credit_card,60,921.43,43211.78,0.45,6,2,271,0,0,0,0,0,1
49,42900.0,10.8,OWN,9100.0,major_purchase,36,1047.04,53343.8,0.276,7,0,323,0,0,0,0,0,1
42,99200.0,9.7,RENT,15400.0,debt_consolidation,60,1813.68,39948.48,0.195,7,1,139,0,0,0,0,0,1
60,36000.0,1.1,MORTGAGE,12200.0,major_purchase,36,1317.77,57604.79,0.19,3,2,309,0,0,0,0,0,1
41,109400.0,5.5,RENT,39000.0,debt_consolidation,36,3104.81,162326.33,0.579,8,2,215,0,0,0,0,0,1
71,70300.0,21.8,RENT,22800.0,home_improvement,36,2887.19,124822.06,0.507,10,3,550,0,0,0,0,0,1
58,51700.0,5.2,RENT,13900.0,credit_card,36,579.43,10821.62,0.474,7,2,280,0,0,0,0,0,0
40,81700.0,3.6,MORTGAGE,17200.0,major_purchase,60,331.35,6039.95,0.45,7,0,162,0,0,0,0,0,1
49,159800.0,3.1,OWN,50000.0,debt_consolidation,60,2762.76,84501.23,0.082,6,2,120,0,0,0,0,0,1
71,124800.0,33.4,RENT,7600.0,home_improvement,36,3365.26,138201.3,0.271,6,1,443,0,0,0,0,0,1
24,80900.0,0.5,RENT,8100.0,small_business,60,1124.04,57534.88,0.404,8,1,43,0,0,0,0,0,1
27,110700.0,1.3,RENT,32000.0,home_improvement,36,2395.02,116541.99,0.863,8,0,67,0,0,0,0,0,1
48,52400.0,6.0,MORTGAGE,18500.0,credit_card,36,753.64,12256.48,0.031,8,0,218,2,0,0,0,0,1
48,46800.0,2.8,RENT,20300.0,home_improvement,60,1845.57,51449.7,0.194,8,1,168,0,0,0,0,0,1
24,97900.0,1.5,OWN,24100.0,debt_consolidation,36,1256.02,66369.87,0.152,9,2,30,0,0,0,0,0,1
42,75400.0,5.8,MORTGAGE,11800.0,debt_consolidation,36,1174.37,39489.8,0.466,6,0,272,0,0,0,0,0,1
32,56400.0,9.1,MORTGAGE,22300.0,debt_consolidation,36,1285.06,20653.48,0.843,6,2,81,0,0,0,0,0,0
65,103100.0,7.5,MORTGAGE,23300.0,small_business,36,1362.44,67789.65,0.054,7,0,342,0,0,0,0,0,1
23,67800.0,0.2,MORTGAGE,6900.0,debt_consolidation,36,1414.61,57401.97,0.443,12,0,22,0,0,0,0,0,1
42,134100.0,13.7,OWN,34700.0,debt_consolidation,36,1129.87,23930.76,0.201,5,2,191,1,0,0,0,1,1
64,20700.0,11.1,OWN,5400.0,medical,36,259.44,9582.9,0.173,6,1,521,0,0,0,0,0,1
22,50100.0,0.4,RENT,7100.0,home_improvement,36,1151.59,19944.57,0.565,9,2,37,0,0,0,0,1,0
44,110000.0,7.8,OWN,11700.0,home_improvement,36,1343.15,74845.74,0.415,3,4,242,0,0,0,0,0,1
54,164200.0,16.8,MORTGAGE,17600.0,credit_card,36,2537.86,65006.71,0.394,7,1,155,0,0,0,0,0,1
47,137300.0,18.8,RENT,50000.0,home_improvement,36,1664.14,87494.08,0.043,7,2,218,2,0,0,0,0,1
61,46700.0,2.7,MORTGAGE,11700.0,credit_card,36,550.45,27006.28,0.547,12,0,215,0,0,0,0,0,1
21,132900.0,0.8,RENT,45800.0,debt_consolidation,60,2059.55,74421.47,0.389,4,0,23,0,0,0,0,0,1
28,24400.0,0.6,MORTGAGE,10600.0,credit_card,60,441.13,9859.98,0.292,10,2,107,0,0,0,0,0,1
43,39900.0,13.6,MORTGAGE,14600.0,credit_card,60,546.23,30121.76,0.574,9,2,240,1,0,0,0,0,0
58,57400.0,3.9,RENT,6500.0,debt_consolidation,36,1201.05,29446.51,0.71,5,1,157,2,0,0,0,0,0
26,84900.0,2.0,RENT,18500.0,debt_consolidation,60,2363.75,54837.58,0.064,11,2,60,0,0,0,0,0,1
42,38600.0,3.4,OWN,9600.0,major_purchase,60,323.41,8046.04,0.303,14,1,162,0,0,0,0,0,1
45,61300.0,6.5,MORTGAGE,20300.0,small_business,36,1951.61,54889.48,0.795,9,2,181,0,0,0,0,0,1
38,140000.0,9.0,RENT,50000.0,major_purchase,36,1807.15,58779.12,0.377,11,1,145,0,0,0,0,0,1
37,34700.0,8.3,OWN,5700.0,home_improvement,36,299.89,17868.0,0.227,11,2,200,0,0,0,0,0,1
32,33200.0,5.1,OWN,13100.0,credit_card,36,499.49,22398.75,0.892,8,1,99,0,0,0,0,0,1
26,42900.0,0.8,RENT,3400.0,debt_consolidation,36,695.88,13020.34,0.534,9,2,29,1,0,0,0,0,0
46,246000.0,10.2,RENT,50000.0,debt_consolidation,60,3566.41,65951.96,0.539,9,1,194,0,0,0,0,0,1
47,83300.0,4.4,OWN,27300.0,debt_consolidation,60,1286.63,22811.06,0.423,7,2,199,0,0,0,0,0,1
28,41300.0,2.5,RENT,2500.0,debt_consolidation,36,699.0,25093.04,0.692,7,1,108,0,0,0,0,0,0
39,109700.0,8.1,MORTGAGE,32300.0,credit_card,36,3630.5,119272.04,0.314,6,2,176,0,0,0,0,0,1
62,24100.0,4.5,RENT,10200.0,major_purchase,60,527.68,28494.5,0.451,11,3,434,1,0,0,0,0,1
21,61600.0,0.1,MORTGAGE,13700.0,major_purchase,36,1352.22,43781.64,0.397,9,0,19,0,0,0,0,0,1
49,71300.0,3.6,RENT,6900.0,home_improvement,60,357.05,12326.03,0.354,7,0,242,0,0,0,0,0,1
65,122000.0,12.6,MORTGAGE,50000.0,credit_card,36,2682.46,116926.16,0.047,3,0,330,0,0,0,0,0,1
69,30000.0,19.6,RENT,6500.0,debt_consolidation,36,80.42,4074.07,0.732,4,0,296,2,0,0,0,0,1
55,134100.0,7.5,RENT,35000.0,medical,60,2746.25,141326.92,0.634,7,1,283,0,0,0,0,0,1
60,116300.0,27.3,RENT,50000.0,home_improvement,36,2915.81,139643.31,0.477,7,1,267,0,0,0,0,0,1
34,138000.0,1.3,RENT,39200.0,credit_card,36,1079.0,40018.16,0.396,6,0,126,0,0,0,0,0,1
55,34200.0,12.6,MORTGAGE,11000.0,debt_consolidation,36,438.16,25078.74,0.385,10,1,156,0,0,0,0,0,1
68,171800.0,32.0,OWN,50000.0,small_business,36,3331.64,112784.9,0.751,8,3,229,0,0,0,0,0,1
65,23500.0,1.2,MORTGAGE,8300.0,debt_consolidation,36,877.62,30591.69,0.556,4,1,516,0,0,0,0,0,1
40,33200.0,2.1,MORTGAGE,12300.0,major_purchase,36,396.33,21177.49,0.322,9,1,85,0,0,0,0,0,1
69,73000.0,3.0,RENT,5800.0,debt_consolidation,60,2386.92,72332.44,0.13,11,1,311,0,0,0,0,0,1
33,53800.0,2.7,RENT,22800.0,debt_consolidation,36,379.7,12391.54,0.148,5,0,121,0,0,0,0,0,1
58,31700.0,2.8,RENT,8500.0,debt_consolidation,36,507.05,12581.78,0.756,5,1,271,1,0,0,0,0,1
69,242800.0,5.8,MORTGAGE,50000.0,debt_consolidation,36,3533.47,55808.04,0.039,9,1,550,0,0,0,0,0,1
66,26000.0,28.0,RENT,10000.0,debt_consolidation,36,534.06,25643.41,0.177,8,2,231,0,0,0,0,0,1
69,25500.0,19.9,OWN,4400.0,home_improvement,36,326.76,5305.55,0.871,8,2,329,0,0,0,0,0,1
28,79200.0,4.1,MORTGAGE,24700.0,debt_consolidation,36,397.78,15378.77,0.46,5,2,64,0,0,0,0,0,1
63,64200.0,8.2,OWN,11400.0,credit_card,36,1693.67,99705.1,0.521,2,1,318,0,0,0,0,0,1
40,29600.0,10.5,MORTGAGE,10500.0,credit_card,60,627.15,26367.03,0.027,10,0,177,0,0,0,0,1,1
53,219400.0,3.0,MORTGAGE,49000.0,debt_consolidation,36,6598.5,107945.25,0.403,7,1,391,0,0,0,0,0,1
46,70000.0,6.1,RENT,8700.0,debt_consolidation,60,2186.13,100850.44,0.716,9,0,159,0,0,0,0,1,0
59,48400.0,6.7,MORTGAGE,20000.0,debt_consolidation,60,440.91,21782.61,0.234,3,5,171,0,0,1,0,1,0
41,66100.0,11.4,OWN,23200.0,debt_consolidation,36,848.16,25205.41,0.64,11,2,245,0,0,0,0,0,1
69,27900.0,14.8,RENT,1600.0,debt_consolidation,36,448.88,7715.16,0.188,9,2,286,0,0,0,0,0,1
62,120400.0,10.0,RENT,9100.0,debt_consolidation,60,1189.09,34039.26,0.615,9,2,357,0,0,2,0,1,0
63,76400.0,9.4,RENT,15400.0,debt_consolidation,60,3088.74,51034.3,0.764,8,0,372,0,0,0,0,0,1
61,57700.0,20.0,OWN,20900.0,debt_consolidation,36,605.88,18061.37,0.282,9,1,242,0,0,0,0,0,1
29,66100.0,2.3,RENT,10600.0,home_improvement,36,933.78,47213.57,0.414,11,0,72,0,0,0,0,0,1
44,40600.0,1.6,MORTGAGE,18100.0,debt_consolidation,36,937.43,52494.78,0.105,6,0,113,0,0,0,0,0,1
57,123600.0,26.6,RENT,50000.0,credit_card,60,1118.97,37667.76,0.103,7,4,375,0,0,0,0,0,1
69,46200.0,16.8,MORTGAGE,18300.0,small_business,36,205.42,11543.88,0.134,12,0,412,0,0,0,0,0,1
61,48700.0,1.5,MORTGAGE,2600.0,major_purchase,60,248.24,13316.28,0.771,14,0,349,0,0,0,0,1,1
37,73800.0,5.0,RENT,32100.0,credit_card,60,2192.86,78009.13,0.296,7,2,129,0,0,0,0,0,1
44,22000.0,1.0,MORTGAGE,6300.0,home_improvement,36,172.31,9524.49,0.26,9,2,146,0,0,0,0,0,1
41,89600.0,3.4,MORTGAGE,25700.0,credit_card,36,1185.99,45152.44,0.277,12,0,148,0,0,0,0,0,1
71,65200.0,30.0,MORTGAGE,5800.0,credit_card,36,393.93,17983.2,0.328,8,2,446,0,0,0,0,0,1
59,88700.0,16.4,MORTGAGE,26100.0,credit_card,36,985.44,15087.01,0.389,4,1,183,0,0,0,0,0,1
61,57900.0,6.8,RENT,15100.0,home_improvement,36,855.14,37405.6,0.296,7,1,402,0,0,0,0,1,1
59,41600.0,29.5,OWN,11100.0,credit_card,36,755.96,33664.27,0.425,8,0,151,0,0,0,0,0,1
33,70500.0,0.7,RENT,8900.0,home_improvement,36,2623.26,76745.01,0.424,7,0,71,0,0,0,1,0,0
31,114200.0,2.4,RENT,30500.0,credit_card,36,2450.96,128053.75,0.853,3,2,111,0,0,0,0,0,1
66,48800.0,16.1,RENT,3900.0,major_purchase,60,485.51,12650.47,0.209,12,3,225,0,0,0,0,0,1
39,104500.0,10.7,RENT,6100.0,home_improvement,36,2778.14,114012.1,0.354,14,0,209,0,0,0,0,0,1
31,56200.0,3.7,RENT,7600.0,medical,36,768.73,29023.71,0.569,8,2,70,0,0,0,0,0,1
33,51500.0,2.7,MORTGAGE,19100.0,home_improvement,36,731.55,26271.45,0.811,13,1,127,1,2,0,0,0,0
66,107700.0,2.6,MORTGAGE,31400.0,home_improvement,36,1939.35,30934.79,0.448,8,1,393,2,1,0,0,0,1
65,80100.0,17.0,RENT,32700.0,major_purchase,60,1573.58,92131.96,0.079,9,0,516,0,0,0,0,0,1
21,31200.0,0.2,RENT,6400.0,credit_card,36,832.79,40358.71,0.745,7,2,21,0,0,0,0,0,0
60,59200.0,28.4,MORTGAGE,11200.0,debt_consolidation,36,1696.89,27379.54,0.172,12,1,383,0,0,0,0,0,1
64,34900.0,9.1,MORTGAGE,11500.0,debt_consolidation,60,181.99,5746.82,0.59,7,1,351,0,0,0,0,0,1
39,88400.0,0.6,RENT,18800.0,debt_consolidation,36,3044.9,91271.3,0.397,9,3,232,1,0,0,0,0,1
32,40100.0,1.9,MORTGAGE,8100.0,small_business,60,304.19,9239.89,0.589,13,0,104,0,0,0,0,0,1
28,72300.0,0.9,RENT,17100.0,debt_consolidation,36,801.02,31470.95,0.01,4,1,64,0,0,0,0,0,1
28,88000.0,1.8,MORTGAGE,8400.0,debt_consolidation,36,1836.62,28832.52,0.392,11,0,99,0,0,1,0,0,1
65,88500.0,8.2,OWN,11600.0,debt_consolidation,36,2985.9,70133.54,0.519,9,2,441,0,0,0,0,0,1
32,49000.0,3.3,RENT,14300.0,debt_consolidation,60,553.06,12327.7,0.365,7,0,93,3,0,0,0,0,1
68,68000.0,6.6,MORTGAGE,19900.0,small_business,36,537.63,14273.0,0.526,8,0,259,0,0,0,0,0,1
53,45100.0,5.9,RENT,12900.0,debt_consolidation,36,1262.17,67239.45,0.462,7,1,380,0,0,0,0,0,1
65,52400.0,26.4,RENT,6800.0,home_improvement,60,539.05,9116.53,0.343,5,3,411,0,0,0,0,0,1
46,39300.0,14.2,MORTGAGE,8800.0,debt_consolidation,36,411.6,11522.74,0.226,6,1,170,2,2,0,0,0,1
59,68200.0,16.3,RENT,28500.0,debt_consolidation,36,1222.52,68512.37,0.534,5,2,317,0,0,0,0,0,1
48,86100.0,7.0,MORTGAGE,34000.0,debt_consolidation,36,923.75,48265.92,0.385,11,1,256,0,0,0,0,0,1
25,41600.0,1.6,MORTGAGE,11400.0,debt_consolidation,60,801.6,33850.85,0.358,9,2,30,1,0,0,0,1,1
28,41700.0,0.9,OWN,17100.0,credit_card,36,908.91,23961.65,0.362,9,2,98,0,0,0,0,0,1
45,159100.0,3.2,MORTGAGE,50000.0,credit_card,36,1700.87,75784.73,0.467,9,0,261,0,0,0,1,0,1
47,41700.0,4.9,MORTGAGE,9000.0,debt_consolidation,36,798.64,40982.56,0.201,9,1,163,0,0,0,0,0,1
66,98300.0,32.6,RENT,35400.0,debt_consolidation,36,998.03,29991.09,0.634,8,2,185,0,0,0,0,0,1
43,115100.0,2.5,RENT,19700.0,credit_card,36,3241.08,56502.34,0.119,15,0,267,1,0,0,0,0,0
50,77400.0,11.2,MORTGAGE,30300.0,home_improvement,36,1007.89,59950.54,0.604,5,1,136,0,0,0,0,0,1
65,80900.0,22.6,MORTGAGE,14700.0,debt_consolidation,36,1725.88,54158.19,0.107,9,2,172,0,1,0,0,0,1
67,68800.0,37.5,RENT,25300.0,debt_consolidation,36,1066.34,56539.43,0.463,5,2,471,0,0,0,0,0,1
43,31200.0,16.9,OWN,5100.0,debt_consolidation,60,265.81,6343.92,0.337,7,2,272,0,0,0,0,0,1
69,119300.0,27.4,MORTGAGE,49700.0,major_purchase,60,2900.61,155173.42,0.629,3,2,550,0,0,0,0,0,1
67,51800.0,12.3,MORTGAGE,6400.0,debt_consolidation,36,1408.18,80042.51,0.464,11,1,254,0,0,0,0,0,1
40,104600.0,5.9,OWN,35300.0,medical,36,1562.56,66142.77,0.286,7,1,194,0,0,0,0,0,1
38,65400.0,1.4,MORTGAGE,14000.0,small_business,36,878.31,45599.91,0.255,11,2,156,0,0,0,0,0,1
38,86100.0,6.3,RENT,4900.0,debt_consolidation,36,2237.89,122239.71,0.124,6,2,72,0,0,0,0,0,1
22,76800.0,0.6,MORTGAGE,14000.0,credit_card,36,914.78,48097.96,0.646,9,2,35,0,0,0,0,0,1
24,51200.0,0.7,MORTGAGE,6700.0,credit_card,36,1179.92,67459.94,0.248,9,1,57,0,0,0,0,0,1
50,102300.0,7.7,RENT,27800.0,credit_card,36,2710.5,72200.33,0.573,11,1,297,0,0,0,0,0,1
53,31700.0,4.8,RENT,4900.0,home_improvement,60,640.85,13056.62,0.292,11,0,388,0,1,0,0,0,1
56,130200.0,2.0,RENT,10300.0,debt_consolidation,36,2897.57,157648.28,0.705,7,2,284,0,0,0,0,0,1
38,121300.0,8.7,RENT,50000.0,major_purchase,36,1293.01,76585.94,0.455,11,0,205,2,0,0,0,0,1
57,57200.0,8.9,OWN,22200.0,debt_consolidation,36,1343.44,29909.76,0.316,9,3,203,0,0,0,0,0,1
39,76000.0,13.1,RENT,5200.0,debt_consolidation,36,1487.54,69501.86,0.817,9,1,144,0,0,0,0,0,1
67,57600.0,19.4,MORTGAGE,9100.0,auto,60,1683.89,66592.36,0.231,13,0,525,0,0,0,0,0,1
48,41900.0,3.2,MORTGAGE,12700.0,credit_card,36,1103.58,28262.66,0.295,10,1,249,0,0,0,0,0,1
60,63100.0,18.2,MORTGAGE,11300.0,credit_card,60,828.92,39031.0,0.212,8,2,237,0,0,0,0,0,1
40,76900.0,11.8,RENT,12500.0,small_business,60,2157.05,95972.23,0.476,5,1,174,0,0,0,0,0,1
69,137600.0,34.0,MORTGAGE,39700.0,debt_consolidation,36,3837.31,129508.46,0.352,6,1,550,0,0,0,0,0,1
53,59300.0,11.4,OWN,7600.0,debt_consolidation,36,1018.77,16046.64,0.266,4,1,210,0,0,0,0,0,1
32,66500.0,5.9,RENT,20600.0,medical,60,1309.19,68516.49,0.089,5,0,69,0,0,0,0,0,1
71,135700.0,13.8,RENT,11600.0,debt_consolidation,60,2429.8,60848.02,0.763,7,2,550,0,0,0,0,0,1
35,87500.0,2.0,MORTGAGE,15700.0,debt_consolidation,60,1914.95,88412.73,0.333,5,2,116,0,0,0,0,0,1
61,30700.0,20.8,MORTGAGE,3000.0,debt_consolidation,60,894.47,53591.58,0.087,4,1,200,0,0,0,0,0,1
59,65100.0,12.5,MORTGAGE,11000.0,major_purchase,36,1224.99,69698.92,0.94,6,1,272,0,0,0,0,0,0
22,104800.0,1.5,OWN,33900.0,debt_consolidation,36,2306.35,84883.3,0.444,7,1,22,0,0,0,0,0,1
49,255700.0,22.2,MORTGAGE,50000.0,home_improvement,36,8342.45,156807.73,0.47,3,0,201,2,2,0,0,0,1
61,73300.0,1.2,RENT,7900.0,debt_consolidation,36,1070.49,59082.9,0.502,12,1,410,0,0,0,0,0,1
30,21100.0,4.0,MORTGAGE,7400.0,home_improvement,60,260.09,4045.73,0.228,8,1,104,0,0,0,0,0,1
22,24300.0,0.3,RENT,2000.0,credit_card,36,52.65,1535.63,0.244,7,2,35,0,0,0,0,1,1
71,45400.0,7.8,RENT,6200.0,credit_card,36,327.16,15645.29,0.325,5,1,520,0,0,0,0,0,1
31,39300.0,1.8,MORTGAGE,9800.0,debt_consolidation,60,128.2,6472.02,0.31,7,0,90,0,0,0,0,0,1
33,104300.0,1.4,RENT,45700.0,debt_consolidation,36,1263.22,51682.53,0.379,7,0,98,0,0,0,0,0,1
30,185100.0,1.9,OWN,50000.0,debt_consolidation,36,5008.33,147987.4,0.573,12,3,130,0,0,0,0,0,1
34,101400.0,2.9,RENT,24500.0,small_business,36,3279.32,66243.92,0.621,7,1,123,1,1,0,0,0,1
38,109000.0,15.0,MORTGAGE,40500.0,home_improvement,36,1195.81,44575.32,0.402,6,0,192,0,0,0,0,0,1
71,95200.0,34.9,MORTGAGE,25800.0,debt_consolidation,36,1426.58,60643.02,0.174,13,1,289,0,0,0,0,0,1
29,80800.0,4.5,MORTGAGE,28300.0,small_business,36,1680.74,99203.89,0.197,7,2,78,0,0,0,0,0,1
59,43500.0,13.4,MORTGAGE,13500.0,small_business,36,1038.14,61133.56,0.822,8,1,369,0,0,0,0,0,1
48,102100.0,6.0,RENT,33600.0,debt_consolidation,36,1236.11,64001.03,0.093,3,1,212,0,0,0,0,0,1
23,54100.0,2.0,OWN,12200.0,home_improvement,36,1065.14,21566.06,0.195,8,0,31,1,0,0,0,0,1
40,104300.0,7.3,RENT,40000.0,debt_consolidation,60,905.83,51218.65,0.331,7,0,238,0,0,0,0,0,1
26,84000.0,2.0,MORTGAGE,19200.0,credit_card,36,1786.04,62117.67,0.821,5,0,66,0,0,0,0,0,1
47,66200.0,10.8,OWN,22000.0,debt_consolidation,60,952.39,17910.17,0.236,8,4,134,0,0,0,0,0,0
22,44000.0,1.2,RENT,17500.0,credit_card,36,586.01,27270.38,0.828,10,1,24,0,0,0,0,1,0
49,63600.0,8.9,OWN,19900.0,debt_consolidation,36,573.16,27072.64,0.131,7,1,339,0,0,0,0,0,1
58,48000.0,2.7,MORTGAGE,12200.0,debt_consolidation,36,585.23,11552.22,0.386,8,5,226,0,0,1,0,1,0
23,25600.0,0.1,MORTGAGE,6700.0,home_improvement,36,411.24,7333.93,0.434,7,2,50,0,0,0,0,0,0
36,36000.0,1.8,RENT,12000.0,medical,60,1198.08,69668.07,0.077,6,1,164,0,0,0,0,0,1
50,77700.0,11.5,OWN,6700.0,credit_card,36,410.76,18542.14,0.168,8,2,286,0,0,0,0,0,1
60,18000.0,6.3,RENT,5500.0,credit_card,36,221.94,5943.97,0.459,6,2,381,0,0,0,0,0,1
22,244500.0,0.9,MORTGAGE,48900.0,debt_consolidation,60,3460.17,131882.58,0.715,9,0,14,0,0,0,0,0,1
37,50200.0,8.7,MORTGAGE,5200.0,credit_card,60,505.39,22217.76,0.217,7,2,110,0,0,0,0,0,1
61,106100.0,16.7,MORTGAGE,44000.0,credit_card,36,2452.0,89179.48,0.611,11,1,410,0,0,0,0,0,1
32,20200.0,1.2,RENT,5000.0,credit_card,36,299.86,7297.79,0.639,10,3,119,1,0,0,0,0,1
55,38600.0,4.9,RENT,9000.0,major_purchase,36,1124.7,20316.93,0.144,12,0,299,0,0,0,0,0,1
63,118600.0,31.8,MORTGAGE,31700.0,home_improvement,36,2900.63,150440.47,0.387,7,2,334,0,0,0,0,0,1
21,83200.0,0.7,MORTGAGE,24900.0,home_improvement,36,2626.15,110943.08,0.361,9,1,27,0,0,0,0,0,1
65,53200.0,32.4,RENT,6800.0,debt_consolidation,60,333.03,5581.83,0.326,5,2,436,1,0,0,0,0,1
35,197400.0,8.2,RENT,50000.0,debt_consolidation,36,2288.36,120455.56,0.212,10,0,184,0,0,0,0,0,1
46,30400.0,17.8,MORTGAGE,5800.0,debt_consolidation,36,1131.23,42058.78,0.376,10,3,282,3,0,0,0,0,0
57,120900.0,2.8,MORTGAGE,40600.0,home_improvement,60,2400.52,84496.83,0.415,5,5,367,1,0,0,0,0,1
41,52300.0,3.4,MORTGAGE,18800.0,home_improvement,36,1626.49,26743.56,0.367,12,1,197,0,0,0,0,0,1
69,41500.0,21.2,RENT,2200.0,debt_consolidation,36,1092.91,61542.29,0.53,3,0,268,2,0,0,0,0,1
51,22400.0,3.1,MORTGAGE,7500.0,debt_consolidation,60,381.58,8160.67,0.607,4,0,159,0,0,0,0,0,1
45,24300.0,7.7,OWN,4600.0,small_business,36,811.95,35463.7,0.376,13,1,285,0,0,0,0,0,1
43,71500.0,3.7,MORTGAGE,12300.0,debt_consolidation,36,1297.18,27107.23,0.112,6,2,158,0,0,0,0,0,1
44,69000.0,16.0,RENT,13700.0,debt_consolidation,36,2284.39,107966.04,0.287,4,1,202,0,0,0,0,0,1
58,43600.0,11.3,OWN,12200.0,debt_consolidation,36,485.2,21174.79,0.431,6,1,401,0,0,0,0,0,1
48,59100.0,5.1,RENT,5700.0,major_purchase,60,712.97,13026.47,0.517,9,0,254,0,0,0,0,0,1
41,61000.0,15.3,MORTGAGE,20100.0,debt_consolidation,36,1304.79,30164.74,0.271,6,0,146,0,0,0,1,0,0
63,51100.0,6.1,MORTGAGE,11700.0,debt_consolidation,36,1115.63,55080.23,0.057,5,1,328,0,0,0,0,0,1
38,38200.0,5.8,MORTGAGE,4400.0,credit_card,36,1057.9,58392.61,0.17,11,1,147,0,1,0,0,0,1
56,88500.0,20.9,MORTGAGE,22500.0,debt_consolidation,60,1454.39,45930.54,0.323,10,1,315,0,0,0,0,0,1
55,131300.0,3.6,MORTGAGE,36700.0,credit_card,60,3827.92,135341.68,0.563,5,0,407,2,1,1,0,0,1
65,81300.0,12.4,OWN,15300.0,small_business,36,318.93,8757.98,0.565,11,2,239,0,0,0,0,0,1
29,84100.0,0.8,OWN,34500.0,auto,60,1352.36,79279.5,0.678,7,3,65,1,1,0,0,1,0
58,100300.0,16.1,MORTGAGE,33000.0,credit_card,36,2058.3,60498.42,0.207,10,4,272,0,0,0,0,0,1
50,58200.0,16.7,MORTGAGE,18300.0,debt_consolidation,36,1355.42,25270.88,0.27,9,3,241,0,1,0,0,1,0
64,46500.0,9.7,MORTGAGE,3300.0,debt_consolidation,60,1101.72,28330.48,0.332,6,2,345,0,0,0,0,0,1
54,22100.0,10.3,MORTGAGE,5500.0,debt_consolidation,36,726.58,26618.95,0.389,9,1,391,0,0,0,0,0,1
52,48800.0,17.2,RENT,19000.0,credit_card,36,910.18,27803.99,0.566,7,2,199,0,0,0,0,0,1
23,46800.0,0.5,MORTGAGE,14900.0,debt_consolidation,36,901.82,33004.57,0.211,11,1,34,1,0,0,1,0,1
23,37100.0,0.4,RENT,5300.0,credit_card,36,824.76,36806.52,0.357,7,1,20,0,0,0,0,0,1
48,75300.0,11.2,MORTGAGE,29700.0,medical,60,1909.27,55518.45,0.375,4,0,316,0,0,0,0,0,1
64,59500.0,15.0,MORTGAGE,11800.0,debt_consolidation,36,1191.58,42719.72,0.475,5,1,338,0,0,0,0,0,1
35,83700.0,3.0,RENT,34800.0,credit_card,36,805.77,41839.52,0.463,8,1,71,0,0,0,0,1,1
61,35600.0,18.5,RENT,9100.0,credit_card,36,940.95,52420.01,0.244,6,2,233,0,0,0,0,0,1
43,28600.0,1.4,MORTGAGE,10400.0,home_improvement,36,883.66,42972.62,0.451,10,0,178,0,0,0,0,0,1
60,95600.0,20.0,MORTGAGE,28200.0,credit_card,36,1381.88,29375.98,0.089,9,0,454,4,0,0,0,0,1
31,104200.0,4.2,MORTGAGE,17400.0,debt_consolidation,36,1737.62,77475.58,0.196,6,0,127,0,0,0,0,0,1
68,41700.0,8.5,RENT,13000.0,major_purchase,36,610.36,34334.03,0.308,9,0,318,0,0,0,0,0,1
52,54400.0,6.8,RENT,2900.0,home_improvement,36,400.67,19624.31,0.497,11,1,153,0,0,0,0,0,0
56,76900.0,15.9,MORTGAGE,29500.0,credit_card,60,1680.14,32062.49,0.645,8,3,394,0,0,0,0,0,1
53,91000.0,5.3,MORTGAGE,39700.0,small_business,60,2329.41,100075.27,0.52,16,0,347,0,0,0,0,0,1
44,25200.0,3.7,MORTGAGE,3300.0,auto,36,122.5,3297.78,0.478,5,0,150,0,0,0,0,0,1
59,113700.0,12.7,MORTGAGE,45900.0,debt_consolidation,60,4078.52,239914.08,0.43,2,1,353,0,0,0,0,0,1
54,31900.0,7.9,MORTGAGE,3700.0,debt_consolidation,36,103.85,3606.23,0.706,4,1,307,0,0,0,0,0,1
48,30600.0,24.5,MORTGAGE,7500.0,home_improvement,60,275.07,5958.42,0.431,8,1,335,0,0,0,0,0,1
57,52700.0,31.1,OWN,8800.0,credit_card,36,658.64,20737.44,0.31,9,1,431,1,0,1,0,1,0
27,52100.0,2.8,MORTGAGE,6600.0,debt_consolidation,36,54.75,1487.58,0.408,8,4,99,0,1,1,0,1,0
24,67200.0,1.2,RENT,23700.0,debt_consolidation,36,591.04,30827.64,0.262,13,0,57,0,0,0,0,0,1
57,72100.0,1.9,MORTGAGE,26900.0,small_business,36,1766.52,77400.45,0.388,7,1,182,0,0,0,0,0,1
21,168200.0,0.3,MORTGAGE,50000.0,home_improvement,60,1973.66,53894.17,0.243,11,2,28,0,0,0,0,0,1
21,40100.0,0.4,RENT,2100.0,major_purchase,60,1158.78,58848.42,0.387,5,0,20,0,0,0,0,0,1
67,118800.0,4.1,MORTGAGE,46200.0,debt_consolidation,36,3662.35,80116.37,0.255,9,2,295,0,0,0,0,0,1
40,29400.0,5.7,MORTGAGE,2100.0,debt_consolidation,36,257.69,6264.96,0.286,10,1,176,0,0,0,0,0,1
39,33500.0,2.5,MORTGAGE,7700.0,debt_consolidation,36,1054.73,20588.88,0.344,9,0,116,0,0,0,0,0,1
49,39500.0,18.8,RENT,4700.0,auto,60,419.56,17443.65,0.37,4,0,266,1,2,0,0,0,1
30,22900.0,4.6,RENT,9500.0,debt_consolidation,36,248.89,4238.4,0.415,7,0,130,0,0,0,0,0,1
38,84600.0,4.6,RENT,23700.0,credit_card,60,2319.09,108144.98,0.92,6,2,114,0,0,0,0,0,1
48,129400.0,5.4,MORTGAGE,30700.0,credit_card,36,1477.12,35753.82,0.65,10,1,129,0,0,0,0,0,1
55,109000.0,13.4,OWN,24800.0,credit_card,36,1568.36,69794.63,0.505,6,1,357,0,0,0,0,0,1
63,28300.0,1.5,MORTGAGE,6000.0,home_improvement,36,645.89,27617.91,0.459,8,1,509,0,0,0,0,0,1
67,231900.0,0.4,MORTGAGE,50000.0,credit_card,36,4265.03,88851.66,0.257,9,0,430,0,0,0,0,0,1
51,70400.0,2.5,RENT,19400.0,debt_consolidation,36,1179.49,20093.74,0.466,2,1,285,0,0,0,0,0,1
47,154800.0,8.1,MORTGAGE,50000.0,home_improvement,36,845.49,14221.53,0.631,5,0,131,0,0,0,0,0,1
31,61300.0,3.5,MORTGAGE,8900.0,debt_consolidation,60,1238.33,26635.25,0.606,12,2,65,1,0,0,0,0,1
69,61600.0,4.8,RENT,22900.0,debt_consolidation,36,294.28,11551.47,0.176,7,1,493,0,0,0,0,0,1
69,53800.0,10.5,MORTGAGE,20600.0,debt_consolidation,60,2041.43,81395.16,0.72,5,1,274,0,0,0,0,0,1
58,206100.0,8.4,RENT,50000.0,debt_consolidation,36,4301.85,124900.66,0.517,5,0,405,1,0,0,0,0,1
25,142000.0,2.2,MORTGAGE,50000.0,debt_consolidation,36,1124.95,19834.49,0.052,5,2,79,0,0,0,0,0,1
28,64100.0,1.8,RENT,27700.0,major_purchase,36,2185.39,103005.33,0.19,3,1,51,0,0,0,0,0,0
54,55500.0,19.0,OWN,5200.0,credit_card,36,831.5,18640.64,0.447,9,3,209,0,0,0,0,0,1
68,99700.0,18.1,RENT,40000.0,credit_card,36,1820.77,85753.52,0.461,6,2,510,0,0,0,0,0,1
32,23700.0,2.1,RENT,9200.0,debt_consolidation,36,423.01,9555.17,0.807,11,0,96,0,0,0,0,0,1
58,20000.0,7.5,OWN,4000.0,medical,36,239.83,4831.21,0.214,7,1,305,0,0,0,0,0,1
21,37400.0,0.2,RENT,12200.0,major_purchase,36,571.42,30057.2,0.775,5,0,12,0,0,0,0,0,1
51,81400.0,1.5,MORTGAGE,34200.0,small_business,36,1609.09,69737.14,0.255,4,3,175,0,0,0,0,0,1
24,118600.0,2.4,RENT,10300.0,debt_consolidation,36,2549.59,46138.03,0.489,26,1,39,0,0,0,0,0,1
69,33400.0,7.2,MORTGAGE,6400.0,credit_card,60,427.78,8059.73,0.674,4,1,201,0,0,0,0,0,1
65,154200.0,8.3,MORTGAGE,50000.0,debt_consolidation,36,2670.19,64740.74,0.235,9,0,277,2,1,0,0,0,1
70,49300.0,34.3,MORTGAGE,13300.0,debt_consolidation,36,300.68,12419.91,0.654,7,1,188,0,0,0,0,0,1
25,83700.0,3.2,RENT,7300.0,debt_consolidation,36,1951.17,107723.48,0.342,3,3,61,0,0,0,0,0,1
50,49200.0,4.8,MORTGAGE,21400.0,debt_consolidation,36,979.55,58050.71,0.162,10,1,301,0,0,0,0,0,1
44,62100.0,6.1,MORTGAGE,25500.0,medical,36,284.51,7664.38,0.662,7,2,99,0,0,0,0,0,1
23,178700.0,2.0,MORTGAGE,50000.0,credit_card,36,5067.6,233012.06,0.507,12,2,54,1,3,0,0,0,0
31,49300.0,2.9,RENT,18100.0,debt_consolidation,36,241.96,12932.14,0.394,11,2,97,0,0,0,0,0,1
65,39400.0,15.0,OWN,9600.0,small_business,36,538.19,12957.52,0.4,9,0,191,1,0,0,0,0,1
24,95500.0,0.6,MORTGAGE,38200.0,debt_consolidation,36,1478.43,53513.42,0.299,7,1,36,2,1,0,0,0,0
46,113100.0,20.4,RENT,19500.0,home_improvement,36,1628.4,92896.12,0.512,7,2,286,0,0,0,0,0,1
47,28900.0,13.5,MORTGAGE,5600.0,credit_card,60,857.73,29775.02,0.535,9,0,176,0,0,0,0,0,1
66,81000.0,24.1,MORTGAGE,11000.0,debt_consolidation,36,1890.82,79909.74,0.464,4,2,225,0,0,0,0,0,1
63,88900.0,23.8,MORTGAGE,18800.0,credit_card,60,1138.42,39987.44,0.522,4,1,215,3,2,0,0,0,1
47,172800.0,14.7,RENT,24800.0,debt_consolidation,36,1304.24,52456.28,0.667,9,1,280,0,0,0,0,0,1
62,53000.0,13.1,RENT,9900.0,debt_consolidation,36,742.48,42409.07,0.422,8,2,478,0,0,0,0,0,1
71,138800.0,24.2,MORTGAGE,45300.0,debt_consolidation,60,3689.14,66905.22,0.439,10,1,528,1,0,0,0,0,1
70,72300.0,23.2,MORTGAGE,16100.0,debt_consolidation,60,2282.09,57295.06,0.581,3,1,411,0,0,0,0,0,1
26,56100.0,4.6,RENT,20000.0,small_business,36,437.21,16243.52,0.69,12,1,64,0,0,0,0,0,1
35,44000.0,5.3,RENT,10600.0,debt_consolidation,60,1162.56,29870.02,0.367,13,1,179,0,0,0,1,0,1
50,86900.0,15.9,MORTGAGE,9200.0,credit_card,36,3047.48,121973.67,0.6,3,0,229,0,0,1,0,0,1
62,34800.0,9.7,RENT,12100.0,debt_consolidation,36,149.17,3257.77,0.147,2,0,460,0,0,0,0,0,1
57,36300.0,6.7,RENT,2800.0,medical,36,498.88,24408.75,0.412,9,0,148,1,0,0,0,0,1
57,92300.0,28.4,MORTGAGE,39400.0,credit_card,36,1908.44,79024.84,0.467,4,1,166,0,0,0,0,0,1
62,182800.0,18.6,MORTGAGE,50000.0,debt_consolidation,36,3241.75,106978.62,0.569,4,1,358,0,0,0,0,0,1
57,30300.0,3.3,MORTGAGE,13200.0,credit_card,36,472.89,22976.76,0.636,7,0,393,0,0,0,0,0,1
55,44200.0,3.0,MORTGAGE,6600.0,debt_consolidation,60,1066.96,56184.18,0.383,7,2,192,0,0,0,0,0,1
43,77700.0,12.0,RENT,18800.0,debt_consolidation,60,1709.12,100534.14,0.14,11,3,205,0,0,0,0,0,1
26,48800.0,2.3,MORTGAGE,6200.0,credit_card,36,730.03,40660.83,0.14,9,1,29,0,0,0,0,0,1
24,23500.0,1.7,RENT,5100.0,debt_consolidation,36,133.29,7762.51,0.216,10,2,45,0,1,1,1,1,0
38,41300.0,7.3,RENT,6100.0,debt_consolidation,60,1141.07,54011.17,0.479,7,1,113,0,0,0,0,0,1
29,86600.0,2.5,RENT,33900.0,credit_card,36,1977.53,42180.62,0.249,6,0,45,0,0,0,0,0,1
69,56700.0,4.6,MORTGAGE,5600.0,debt_consolidation,36,849.93,13321.85,0.535,9,0,438,3,0,0,0,0,1
49,81000.0,16.4,MORTGAGE,11300.0,debt_consolidation,36,1761.22,62151.18,0.584,5,1,314,0,0,0,0,0,1
33,31200.0,5.1,OWN,4900.0,debt_consolidation,36,254.18,11824.25,0.748,8,1,73,0,0,0,0,0,1
67,79600.0,12.4,RENT,27500.0,debt_consolidation,60,303.3,9017.07,0.58,14,1,350,0,0,1,0,0,1
37,20900.0,0.4,MORTGAGE,6300.0,major_purchase,60,528.63,24695.23,0.339,4,0,126,0,0,0,0,0,1
65,101700.0,8.8,MORTGAGE,10600.0,credit_card,60,1942.62,50339.9,0.147,13,3,191,0,0,0,0,0,1
52,140400.0,9.0,RENT,41000.0,debt_consolidation,60,2962.68,111271.48,0.333,7,2,153,0,0,0,0,0,1
68,30800.0,5.0,MORTGAGE,12000.0,debt_consolidation,36,632.07,22962.72,0.498,12,1,415,2,0,0,0,0,1
42,48300.0,2.2,MORTGAGE,11200.0,medical,36,617.05,28832.88,0.122,8,0,107,0,0,0,0,0,1
24,29300.0,1.8,MORTGAGE,8600.0,credit_card,36,252.46,11302.92,0.044,16,1,33,0,0,0,0,0,1
25,69600.0,1.0,RENT,18300.0,debt_consolidation,60,2103.37,72834.68,0.651,5,1,70,0,0,0,0,0,0
57,72000.0,13.7,OWN,13900.0,debt_consolidation,60,1220.25,29399.15,0.25,6,3,383,0,1,0,0,0,1
61,31700.0,5.3,RENT,1600.0,debt_consolidation,36,932.6,45531.46,0.351,9,3,176,0,0,0,0,0,1
69,48100.0,1.4,OWN,6000.0,debt_consolidation,60,832.58,37153.66,0.735,7,1,465,3,0,0,0,0,1
33,119600.0,3.7,MORTGAGE,50000.0,home_improvement,36,1782.38,32455.9,0.613,7,1,80,0,0,0,0,0,1
54,89900.0,2.0,MORTGAGE,17200.0,credit_card,36,3514.98,127121.53,0.418,8,1,404,1,0,0,0,0,0
65,73700.0,4.6,RENT,12400.0,home_improvement,36,252.49,10486.87,0.47,4,1,301,0,0,0,0,0,1
42,121000.0,1.3,MORTGAGE,35800.0,debt_consolidation,36,3120.48,175015.89,0.267,7,2,215,0,0,0,0,1,1
43,178600.0,3.0,MORTGAGE,50000.0,debt_consolidation,60,3193.58,160515.44,0.622,8,0,281,0,0,0,0,0,1
71,71400.0,0.3,RENT,12200.0,medical,60,1179.31,20905.96,0.428,5,0,357,0,0,0,0,0,0
23,78400.0,1.0,RENT,10900.0,credit_card,36,2390.18,128802.83,0.317,8,3,22,0,0,0,0,0,1
62,56600.0,3.0,RENT,23300.0,debt_consolidation,36,2324.32,69918.97,0.229,13,1,411,0,0,0,0,0,1
54,72700.0,9.6,RENT,26100.0,debt_consolidation,36,809.6,44799.03,0.914,9,1,313,0,0,0,0,0,1
52,44900.0,15.9,RENT,14900.0,debt_consolidation,60,632.85,20380.38,0.045,11,0,219,0,0,0,0,1,1
65,26200.0,5.2,RENT,7100.0,home_improvement,36,346.03,18742.96,0.547,10,2,192,0,0,0,0,0,1
71,102700.0,4.4,MORTGAGE,22600.0,debt_consolidation,36,1579.51,41155.87,0.319,8,1,363,0,0,0,0,0,1
69,97100.0,12.1,MORTGAGE,29600.0,small_business,36,1059.29,38563.37,0.242,6,3,446,0,0,0,0,0,1
41,68800.0,3.7,OWN,9400.0,debt_consolidation,36,1438.09,59613.15,0.621,7,2,113,0,0,0,0,0,1
66,70900.0,3.9,RENT,26700.0,debt_consolidation,36,388.67,14487.95,0.559,8,2,356,2,0,1,0,0,1
64,45100.0,13.4,MORTGAGE,9800.0,debt_consolidation,60,1094.61,37638.17,0.163,9,3,488,0,0,0,0,0,1
41,128200.0,4.6,MORTGAGE,45100.0,small_business,36,1221.92,26289.36,0.239,6,1,112,0,0,0,0,0,1
64,33900.0,16.3,MORTGAGE,12700.0,auto,36,1052.63,57794.68,0.423,9,0,257,0,0,0,0,0,1
31,143600.0,3.2,MORTGAGE,11500.0,debt_consolidation,36,1657.49,62908.84,0.534,7,2,74,0,0,0,0,0,1
59,91200.0,18.4,MORTGAGE,29200.0,debt_consolidation,36,1716.9,90098.02,0.253,8,1,407,0,0,0,0,0,1
24,77700.0,1.4,RENT,13300.0,major_purchase,36,2703.15,102627.92,0.448,6,0,22,0,0,0,0,0,1
71,80300.0,15.3,RENT,15500.0,debt_consolidation,60,2957.43,110564.78,0.276,9,0,326,0,0,0,0,0,1
21,115500.0,0.4,RENT,39700.0,debt_consolidation,36,820.57,15301.47,0.252,13,2,25,0,0,0,0,1,0
48,48600.0,15.0,RENT,21000.0,small_business,36,555.96,9419.21,0.528,11,2,314,0,0,0,0,0,1
44,101900.0,2.1,MORTGAGE,37900.0,auto,60,972.73,34580.73,0.462,9,0,103,2,0,0,0,0,1
55,53100.0,6.7,MORTGAGE,8900.0,credit_card,36,573.86,10396.55,0.165,9,0,201,1,2,1,1,0,0
33,85500.0,3.5,MORTGAGE,28500.0,debt_consolidation,36,3002.26,113840.29,0.305,9,1,131,0,0,0,0,0,1
67,27800.0,18.6,RENT,5000.0,small_business,36,1122.14,29919.65,0.212,12,0,192,0,0,0,0,0,1
54,45700.0,13.5,MORTGAGE,10300.0,debt_consolidation,36,945.43,41637.33,0.879,10,1,286,1,0,3,0,0,0
31,173700.0,8.1,RENT,17200.0,debt_consolidation,36,6744.16,217638.71,0.151,7,0,52,0,0,0,0,0,1
56,137700.0,9.5,RENT,50000.0,credit_card,60,4343.27,127838.01,0.82,7,3,155,0,0,0,0,0,1
71,163900.0,8.1,MORTGAGE,50000.0,small_business,36,931.29,54637.29,0.219,4,0,460,0,0,0,0,0,1
37,123900.0,4.0,MORTGAGE,49000.0,debt_consolidation,36,3240.39,131851.18,0.174,6,1,148,0,0,0,0,0,1
55,46700.0,7.9,MORTGAGE,6500.0,debt_consolidation,60,886.34,18095.1,0.299,10,0,315,0,0,0,0,0,1
38,50000.0,4.3,RENT,5100.0,debt_consolidation,36,1466.74,76868.75,0.672,4,3,157,0,0,0,0,0,1
60,114000.0,19.0,OWN,42900.0,small_business,60,4549.55,243901.59,0.795,6,0,195,0,0,0,0,0,1
42,119900.0,8.1,MORTGAGE,48200.0,home_improvement,36,4977.56,282981.35,0.77,5,3,257,2,0,0,0,0,0
44,141800.0,1.8,MORTGAGE,16800.0,home_improvement,36,2443.9,37386.97,0.392,9,0,166,0,0,0,0,0,1
39,73600.0,10.6,OWN,22600.0,home_improvement,36,936.37,45958.68,0.21,8,1,102,0,0,0,0,0,1
57,63900.0,10.0,RENT,7400.0,credit_card,36,2431.51,120379.58,0.59,6,2,202,1,0,0,0,0,1
59,127800.0,17.0,MORTGAGE,7100.0,debt_consolidation,36,1860.22,42967.95,0.136,9,2,222,0,0,0,0,0,1
41,28600.0,5.9,OWN,7600.0,small_business,36,926.01,34292.73,0.086,10,1,108,0,0,0,0,0,1
28,60300.0,1.4,MORTGAGE,25900.0,credit_card,60,1152.34,39412.67,0.858,7,1,91,0,0,0,0,0,1
48,57400.0,2.6,MORTGAGE,16400.0,home_improvement,36,42.62,853.35,0.285,5,0,228,1,0,0,0,0,1
25,57800.0,1.9,RENT,12800.0,home_improvement,36,720.65,42686.05,0.21,6,1,60,0,0,0,0,0,1
37,137200.0,5.9,RENT,22300.0,debt_consolidation,36,2311.93,111602.59,0.623,5,1,207,0,0,0,0,0,1
57,93000.0,25.0,RENT,15100.0,debt_consolidation,60,2130.89,43213.25,0.829,10,0,231,0,0,0,0,0,0
56,70800.0,4.3,MORTGAGE,11000.0,credit_card,36,90.37,3631.08,0.261,9,1,237,0,0,0,0,0,1
39,28600.0,7.2,RENT,3800.0,debt_consolidation,36,185.65,7153.01,0.428,11,2,116,0,0,0,0,0,1
47,35500.0,13.4,RENT,2700.0,debt_consolidation,36,1171.57,43452.17,0.212,5,0,180,0,0,0,0,0,1
54,103200.0,8.1,MORTGAGE,36400.0,home_improvement,36,3359.94,125958.52,0.345,9,0,172,0,0,0,0,0,1
31,76100.0,1.3,MORTGAGE,13400.0,home_improvement,60,2077.35,34290.35,0.02,6,0,103,0,0,0,0,0,1
65,130000.0,3.4,MORTGAGE,14600.0,small_business,36,2574.22,114361.85,0.118,10,1,314,0,0,0,0,0,1
67,44700.0,6.5,MORTGAGE,13000.0,home_improvement,36,1419.26,75388.14,0.701,9,0,547,0,0,0,0,0,1
32,67800.0,4.4,MORTGAGE,28700.0,debt_consolidation,36,1409.15,71633.15,0.218,9,2,108,0,0,0,0,0,1
41,60300.0,11.3,RENT,19600.0,debt_consolidation,60,1289.0,32078.96,0.76,15,1,252,0,0,0,0,0,1
31,107700.0,0.6,MORTGAGE,13600.0,credit_card,36,3263.28,102913.88,0.373,8,4,97,0,0,0,0,0,1
59,205600.0,15.5,RENT,44300.0,small_business,36,2028.04,101786.7,0.371,8,1,453,0,0,0,0,0,1
48,48600.0,11.2,MORTGAGE,18500.0,debt_consolidation,36,1124.71,49827.93,0.592,10,2,331,0,0,0,0,0,1
25,21600.0,0.9,RENT,1500.0,home_improvement,60,473.47,23636.35,0.237,7,1,79,0,0,0,0,0,0
37,86500.0,7.9,MORTGAGE,16000.0,debt_consolidation,36,1102.18,57319.1,0.638,6,0,131,0,0,0,0,0,1
40,83100.0,4.4,RENT,17000.0,debt_consolidation,36,2336.93,132271.39,0.373,13,1,240,0,0,0,0,0,1
61,24400.0,2.8,RENT,5600.0,home_improvement,60,531.02,10868.56,0.323,10,3,168,0,0,0,0,0,1
66,38500.0,15.1,RENT,10500.0,home_improvement,36,1318.96,32119.21,0.279,12,3,179,0,0,1,1,0,0
32,52000.0,2.1,RENT,12900.0,debt_consolidation,60,1314.78,77114.24,0.265,10,0,152,0,0,0,0,0,1
26,124200.0,2.1,OWN,14300.0,small_business,36,4032.5,223587.86,0.42,6,1,88,0,0,0,0,0,1
37,37500.0,3.2,OWN,8100.0,home_improvement,36,1302.83,51290.23,0.217,7,3,148,0,0,0,0,0,1
71,57100.0,21.7,MORTGAGE,11300.0,small_business,60,1773.38,74744.29,0.109,9,2,550,0,0,0,0,0,1
39,22400.0,11.5,OWN,9400.0,credit_card,36,111.82,2551.42,0.403,10,2,193,0,0,0,0,0,1
46,86500.0,11.2,MORTGAGE,30000.0,debt_consolidation,36,461.8,12769.8,0.264,7,2,118,1,0,1,0,0,0
68,33400.0,22.6,RENT,13200.0,small_business,60,792.15,25287.66,0.735,13,1,428,0,0,0,0,0,1
64,218700.0,3.5,MORTGAGE,50000.0,credit_card,36,6067.66,181960.42,0.32,8,0,194,1,0,0,0,0,0
64,41500.0,20.6,RENT,3000.0,medical,60,857.98,42372.74,0.452,11,1,338,0,0,0,0,0,1
52,111500.0,21.1,MORTGAGE,26700.0,debt_consolidation,60,364.46,21087.24,0.462,10,2,277,0,0,0,0,0,1
26,88900.0,4.2,RENT,32100.0,auto,36,1388.43,66923.69,0.846,6,1,57,0,0,0,0,0,1
56,41100.0,6.3,MORTGAGE,11800.0,debt_consolidation,36,638.58,34462.61,0.488,4,2,358,0,0,1,0,0,1
58,121800.0,8.6,MORTGAGE,43000.0,debt_consolidation,60,2284.29,104871.69,0.569,9,1,359,0,0,0,0,0,1
31,21800.0,3.4,RENT,9500.0,debt_consolidation,36,168.52,3192.62,0.392,6,0,147,0,1,0,0,1,1
53,65300.0,22.8,MORTGAGE,9700.0,medical,36,978.09,38691.46,0.411,6,4,383,0,0,0,0,0,1
44,97600.0,0.6,MORTGAGE,43300.0,debt_consolidation,36,1567.75,51341.43,0.401,5,1,119,0,1,0,0,0,1
43,57900.0,1.9,MORTGAGE,5700.0,credit_card,60,2490.7,104353.47,0.557,7,2,171,2,0,1,0,0,0
35,35300.0,2.5,MORTGAGE,14800.0,debt_consolidation,36,723.58,33716.76,0.646,4,0,89,0,0,0,0,0,1
47,157800.0,9.1,MORTGAGE,20100.0,debt_consolidation,36,2703.67,157626.05,0.222,5,1,202,1,0,0,0,0,1
31,61700.0,3.2,RENT,20800.0,home_improvement,60,570.39,11584.63,0.038,7,0,134,0,0,0,0,0,1
71,48800.0,10.5,RENT,17700.0,major_purchase,60,1457.95,81190.46,0.706,5,2,327,0,0,0,0,0,1
70,36000.0,4.8,RENT,13500.0,debt_consolidation,36,1234.6,56505.3,0.431,10,1,292,1,0,0,0,0,0
37,69700.0,7.5,RENT,15700.0,credit_card,36,2176.99,83529.86,0.594,7,2,100,0,0,0,0,0,1
71,58900.0,15.5,RENT,6900.0,credit_card,60,1651.96,55023.63,0.491,7,1,309,0,0,0,0,0,1
34,56400.0,4.3,MORTGAGE,20800.0,debt_consolidation,36,1131.08,53430.66,0.483,11,1,170,0,0,0,1,0,1
47,164100.0,17.8,RENT,50000.0,medical,36,6518.25,197272.95,0.131,10,1,256,1,0,0,0,0,1
38,162500.0,5.4,RENT,24900.0,credit_card,36,762.54,35896.87,0.459,11,2,186,0,0,0,0,0,1
48,75900.0,9.3,MORTGAGE,15700.0,auto,36,307.78,14844.89,0.08,8,1,164,0,0,0,0,0,1
71,96600.0,20.2,RENT,16300.0,debt_consolidation,36,1736.37,40269.91,0.11,13,2,340,2,0,1,0,0,1
67,29200.0,19.0,RENT,12100.0,debt_consolidation,36,611.48,17522.45,0.646,12,1,236,2,0,0,0,0,1
67,69600.0,8.9,MORTGAGE,25900.0,credit_card,36,1696.09,43334.25,0.442,7,2,281,1,0,0,0,1,1
24,76700.0,3.1,RENT,30900.0,small_business,60,1351.12,69497.0,0.614,8,0,61,0,0,0,0,0,1
27,58700.0,0.7,OWN,4100.0,debt_consolidation,36,809.29,16734.47,0.759,8,1,86,0,0,0,0,0,1
65,52000.0,24.3,MORTGAGE,16300.0,debt_consolidation,36,216.26,3880.17,0.293,10,1,252,0,0,0,0,0,1
55,42900.0,18.1,MORTGAGE,6700.0,home_improvement,60,883.25,24650.79,0.356,4,2,288,0,0,0,0,0,1
68,67500.0,13.5,RENT,23600.0,debt_consolidation,36,537.23,16763.28,0.248,10,2,549,0,0,0,0,0,1
29,124200.0,2.8,RENT,50000.0,home_improvement,36,3677.07,126513.32,0.264,4,3,59,0,0,0,0,0,1
28,136100.0,0.6,MORTGAGE,48500.0,debt_consolidation,60,4675.12,213790.05,0.533,13,0,91,0,0,0,0,0,1
65,66200.0,26.5,OWN,27400.0,credit_card,36,1461.97,43637.07,0.086,6,0,400,0,0,0,0,0,1
37,118900.0,6.0,MORTGAGE,24900.0,major_purchase,36,1054.59,57238.82,0.612,10,1,75,0,0,0,0,0,0
37,39600.0,7.5,MORTGAGE,11900.0,debt_consolidation,36,851.67,43750.98,0.411,9,0,157,0,0,0,0,0,1
69,90200.0,32.9,RENT,21600.0,small_business,36,1156.6,37854.64,0.749,7,3,251,0,0,0,0,0,1
53,62200.0,3.1,MORTGAGE,23800.0,debt_consolidation,36,1512.34,82137.4,0.15,10,3,334,0,0,0,1,0,1
52,45500.0,8.0,RENT,12500.0,credit_card,60,823.77,40813.7,0.626,9,2,314,1,1,0,0,0,0
28,216600.0,4.0,RENT,50000.0,debt_consolidation,60,4838.99,238357.85,0.131,19,0,93,0,0,0,0,0,1
39,51000.0,4.5,MORTGAGE,15400.0,debt_consolidation,36,950.01,46852.93,0.424,5,4,80,0,0,0,0,0,1
58,54100.0,11.9,RENT,21400.0,credit_card,36,1158.46,29829.94,0.533,12,1,335,0,0,0,0,0,1
23,51400.0,1.4,MORTGAGE,13400.0,credit_card,60,957.55,19420.3,0.607,5,1,44,0,0,0,0,0,0
25,80000.0,0.8,OWN,7500.0,debt_consolidation,36,2317.47,101492.03,0.47,10,2,62,0,0,0,0,0,0
33,138900.0,7.3,RENT,50000.0,debt_consolidation,36,2799.81,115030.17,0.277,8,0,121,1,0,0,0,0,1
67,35100.0,21.2,RENT,9600.0,credit_card,36,117.01,5248.2,0.252,12,1,240,0,0,0,0,0,1
66,86000.0,23.8,RENT,31200.0,debt_consolidation,36,2202.97,80267.85,0.306,5,0,397,0,0,0,0,0,1
51,80100.0,9.5,RENT,25800.0,debt_consolidation,36,926.65,18477.05,0.275,8,0,267,0,0,0,0,0,1
36,27300.0,4.1,MORTGAGE,6100.0,credit_card,36,829.09,42697.72,0.842,13,3,161,0,0,0,0,0,1
70,139100.0,29.9,RENT,50000.0,medical,60,536.7,31464.39,0.087,9,1,257,0,0,0,0,0,1
52,76700.0,1.5,MORTGAGE,26300.0,credit_card,60,1275.76,61391.71,0.235,7,3,373,1,0,1,0,0,1
42,98500.0,5.2,MORTGAGE,14000.0,debt_consolidation,36,1965.06,64670.1,0.667,11,1,235,0,0,0,0,0,1
49,21200.0,3.9,RENT,9500.0,medical,36,701.37,34081.85,0.164,11,0,254,0,0,0,0,0,1
42,148100.0,7.9,MORTGAGE,50000.0,debt_consolidation,60,2142.02,49803.6,0.722,7,1,136,0,0,0,0,0,1
63,205400.0,9.5,OWN,34100.0,credit_card,60,6389.36,379738.03,0.388,6,1,258,0,0,0,0,0,1
23,60900.0,1.3,RENT,27000.0,debt_consolidation,36,774.1,36104.17,0.689,11,0,23,0,0,0,0,0,0
30,44500.0,2.1,MORTGAGE,13200.0,home_improvement,60,1003.64,45590.8,0.194,6,1,110,0,0,0,0,0,0
62,18000.0,15.1,MORTGAGE,2200.0,debt_consolidation,60,641.9,21348.02,0.696,5,2,256,0,0,0,0,0,1
41,32400.0,3.0,MORTGAGE,14300.0,debt_consolidation,60,372.87,18757.78,0.295,6,0,171,0,0,0,0,0,1
36,104800.0,5.6,RENT,9500.0,home_improvement,36,1338.84,68304.89,0.608,9,0,92,0,0,0,0,0,1
32,65000.0,0.6,MORTGAGE,19800.0,major_purchase,60,1153.51,49063.79,0.52,8,2,136,1,0,1,0,0,1
22,28700.0,1.1,MORTGAGE,11000.0,debt_consolidation,36,1128.02,66497.59,0.826,10,1,37,0,0,0,0,0,1
61,153100.0,17.7,RENT,50000.0,debt_consolidation,36,4003.07,156042.33,0.209,7,3,378,0,0,0,0,0,1
44,45800.0,15.9,MORTGAGE,2400.0,debt_consolidation,36,1318.93,41869.79,0.268,6,2,207,0,0,0,0,0,1
55,29300.0,10.4,OWN,6400.0,small_business,36,515.5,11756.4,0.272,7,0,177,0,0,0,0,0,1
50,67800.0,20.4,MORTGAGE,5800.0,medical,36,1976.56,76655.79,0.523,10,1,228,0,0,0,0,0,1
50,87600.0,17.9,OWN,13500.0,debt_consolidation,36,2096.83,46307.61,0.335,6,1,172,0,0,0,0,0,1
67,31700.0,22.5,RENT,13500.0,debt_consolidation,36,304.11,12240.11,0.25,9,2,519,0,1,0,0,0,1
55,56100.0,17.1,RENT,22700.0,debt_consolidation,36,801.52,30395.61,0.384,5,1,419,1,0,1,0,1,0
39,154200.0,0.9,MORTGAGE,48400.0,debt_consolidation,60,639.17,30729.66,0.75,8,0,117,0,0,0,0,0,1
70,31400.0,15.9,RENT,12900.0,debt_consolidation,36,343.71,19978.99,0.437,11,3,487,0,0,0,0,0,1
28,80300.0,3.3,MORTGAGE,14200.0,credit_card,36,1769.32,66563.09,0.439,6,3,99,0,0,0,0,0,1
46,55600.0,1.6,RENT,21200.0,debt_consolidation,36,880.19,26725.29,0.26,8,0,203,0,0,0,0,0,1
69,88900.0,15.5,MORTGAGE,28800.0,debt_consolidation,36,1941.03,33930.05,0.563,4,1,345,0,0,0,0,0,1
60,37200.0,15.7,MORTGAGE,12800.0,home_improvement,60,710.87,14823.16,0.406,10,0,301,2,1,1,0,0,1
27,75200.0,1.0,MORTGAGE,6300.0,small_business,36,1575.16,46348.05,0.874,4,0,80,0,0,0,0,0,1
50,39200.0,12.7,RENT,7400.0,small_business,36,1257.72,46216.27,0.204,8,2,185,0,0,0,0,0,0
27,22000.0,2.1,OWN,1500.0,credit_card,36,285.73,5076.45,0.309,1,0,64,0,0,0,0,0,1
23,30500.0,1.3,MORTGAGE,3400.0,medical,36,728.65,38180.55,0.662,7,1,42,0,0,0,0,0,0
21,58700.0,0.4,MORTGAGE,9300.0,debt_consolidation,36,471.87,10496.13,0.356,2,1,21,1,0,0,0,0,1
56,75300.0,6.9,MORTGAGE,21400.0,debt_consolidation,36,754.31,22932.52,0.378,12,2,270,2,0,0,0,0,0
45,128800.0,7.0,RENT,45600.0,debt_consolidation,60,1488.79,41258.33,0.339,10,1,304,0,0,0,0,1,1
57,80600.0,16.0,RENT,7500.0,debt_consolidation,36,2665.29,152081.53,0.173,7,2,217,0,0,1,0,0,1
21,155900.0,0.2,RENT,11200.0,small_business,36,4113.73,164842.16,0.285,9,0,12,0,0,0,0,0,1
35,59200.0,6.9,MORTGAGE,23900.0,debt_consolidation,60,391.11,8554.64,0.744,11,0,107,0,0,0,0,0,1
57,89600.0,6.4,RENT,9200.0,credit_card,36,902.99,20281.55,0.375,4,2,323,0,0,0,0,0,1
33,38600.0,6.0,MORTGAGE,8900.0,credit_card,36,434.59,26049.5,0.381,7,1,71,0,0,0,0,0,1
60,78700.0,21.1,RENT,7500.0,small_business,36,1313.38,48378.89,0.238,7,1,275,0,0,0,0,0,1
28,53900.0,1.0,MORTGAGE,14200.0,credit_card,36,1264.41,51738.18,0.529,7,3,106,0,0,0,0,0,0
25,50700.0,1.7,RENT,4700.0,debt_consolidation,36,1854.09,88858.81,0.233,5,1,36,1,0,0,0,0,1
29,68800.0,4.0,MORTGAGE,24400.0,home_improvement,36,1067.21,47849.26,0.304,11,0,47,0,0,0,0,0,1
21,30300.0,0.5,MORTGAGE,2600.0,credit_card,36,1148.4,21614.22,0.578,5,0,31,0,0,0,0,0,1
56,79400.0,11.7,MORTGAGE,17600.0,credit_card,36,1365.8,34931.26,0.348,3,0,367,0,1,0,0,0,1
55,97500.0,2.4,MORTGAGE,21300.0,debt_consolidation,36,801.99,31124.25,0.712,8,2,412,2,0,0,0,0,1
22,44900.0,1.0,MORTGAGE,18800.0,debt_consolidation,60,405.26,15781.9,0.719,8,0,36,0,0,0,0,0,1
60,73200.0,16.0,MORTGAGE,16200.0,debt_consolidation,60,2006.69,65813.54,0.55,9,1,314,0,0,0,0,0,1
43,131600.0,9.6,RENT,10300.0,debt_consolidation,36,1846.05,87571.0,0.211,10,1,214,0,0,0,0,0,1
29,100200.0,3.5,RENT,26800.0,debt_consolidation,60,1777.95,52176.5,0.38,6,0,106,0,0,0,0,0,1
54,61500.0,20.5,MORTGAGE,20900.0,debt_consolidation,60,983.0,32039.42,0.695,6,0,247,0,1,1,0,0,1
66,82300.0,16.2,OWN,15200.0,auto,36,1557.14,91373.09,0.796,8,1,202,3,1,0,0,0,1
34,150400.0,5.4,MORTGAGE,44100.0,debt_consolidation,36,3537.57,59468.73,0.522,6,1,60,0,0,0,0,0,1
24,76100.0,0.7,MORTGAGE,7500.0,credit_card,60,1033.16,31953.19,0.623,2,1,26,0,0,0,0,0,1
50,111400.0,13.9,MORTGAGE,24500.0,credit_card,60,1080.54,35934.54,0.25,7,0,363,0,0,0,0,0,1
51,102500.0,2.5,OWN,11900.0,credit_card,36,2932.84,72163.31,0.133,9,2,176,0,0,0,0,0,1
58,69700.0,17.1,MORTGAGE,11100.0,debt_consolidation,60,1414.69,61353.46,0.107,12,0,329,0,0,0,0,0,1
31,134500.0,2.4,MORTGAGE,41200.0,home_improvement,36,1369.01,38325.83,0.426,6,1,88,0,0,0,0,0,1
55,37900.0,15.9,RENT,13300.0,home_improvement,36,674.73,19806.72,0.681,7,0,183,0,0,0,0,0,0
28,83700.0,0.7,RENT,14600.0,auto,60,1388.28,21420.73,0.567,8,1,46,0,0,0,0,0,1
23,48800.0,0.0,RENT,21800.0,debt_consolidation,36,379.29,11033.82,0.538,8,0,45,0,0,0,0,0,1
34,108100.0,6.9,MORTGAGE,17700.0,credit_card,36,1466.52,83358.6,0.236,11,1,63,0,0,0,0,0,1
33,65500.0,3.0,MORTGAGE,7200.0,small_business,36,2076.59,111239.72,0.892,4,4,83,0,0,0,0,0,0
65,111900.0,24.4,MORTGAGE,44400.0,debt_consolidation,60,4216.66,178602.9,0.505,10,1,330,0,0,0,0,0,1
52,100800.0,13.9,OWN,31200.0,home_improvement,60,1745.04,64326.03,0.143,11,1,372,0,0,0,0,0,1
54,52500.0,17.4,MORTGAGE,16900.0,debt_consolidation,36,1715.93,52777.66,0.383,10,3,277,1,0,0,0,0,1
65,88900.0,24.4,MORTGAGE,32700.0,debt_consolidation,36,1455.57,55462.07,0.283,6,3,498,2,0,0,0,0,1
39,85100.0,5.5,RENT,38300.0,medical,36,1547.72,23749.92,0.237,4,1,99,0,0,0,0,0,1
58,59100.0,21.5,RENT,9700.0,debt_consolidation,36,2112.58,107984.45,0.157,8,3,354,1,1,0,0,0,0
36,106600.0,6.2,RENT,28700.0,credit_card,36,2294.86,56699.23,0.57,8,2,151,0,0,0,1,0,0
22,62300.0,1.3,MORTGAGE,20700.0,debt_consolidation,60,2407.3,82527.66,0.456,6,2,22,0,0,0,0,0,1
60,43100.0,3.9,RENT,4700.0,debt_consolidation,36,279.17,15435.76,0.49,6,1,381,0,1,1,0,1,1
37,77500.0,3.1,RENT,13400.0,medical,36,1268.87,19500.46,0.848,4,4,77,0,0,0,0,0,0
54,85000.0,9.1,MORTGAGE,14700.0,debt_consolidation,36,2099.73,66664.82,0.704,8,0,379,0,0,0,0,0,1
62,18000.0,17.5,RENT,3300.0,debt_consolidation,36,331.94,8310.67,0.043,7,0,272,0,0,0,0,0,1
36,247400.0,9.4,MORTGAGE,50000.0,debt_consolidation,36,6829.93,405621.28,0.715,4,5,145,0,0,0,0,0,0
58,300000.0,7.4,MORTGAGE,50000.0,credit_card,36,3509.3,155100.71,0.097,6,0,412,0,0,0,0,0,1
22,41800.0,0.8,MORTGAGE,14100.0,debt_consolidation,36,1179.76,62104.44,0.763,7,1,22,0,0,0,0,0,1
22,92800.0,0.5,OWN,23700.0,credit_card,36,996.59,48691.48,0.374,6,0,28,0,0,0,0,0,1
46,36800.0,8.6,MORTGAGE,15900.0,credit_card,36,856.01,16026.13,0.11,9,3,271,0,0,0,0,0,1
33,26500.0,8.8,RENT,6800.0,debt_consolidation,36,896.38,48895.34,0.658,7,1,130,0,0,0,0,0,0
67,51400.0,20.5,RENT,15000.0,home_improvement,60,1446.15,38004.69,0.82,5,3,380,1,1,0,0,0,0
51,30900.0,18.1,MORTGAGE,5200.0,credit_card,60,1060.58,49482.16,0.485,4,0,161,0,2,0,0,0,1
54,88800.0,20.5,MORTGAGE,6500.0,small_business,60,1936.93,94210.66,0.355,4,2,195,0,0,0,0,0,1
59,107300.0,4.8,OWN,40400.0,small_business,60,3672.37,213941.38,0.424,5,0,429,0,0,0,0,0,1
23,174300.0,0.7,OWN,50000.0,auto,36,6365.23,181101.03,0.266,10,1,42,0,0,0,0,0,1
28,67900.0,3.1,MORTGAGE,26500.0,debt_consolidation,36,1028.82,53575.85,0.525,5,1,114,0,0,0,0,0,1
43,106400.0,9.7,MORTGAGE,39400.0,debt_consolidation,36,3465.01,141682.85,0.341,9,0,218,0,0,0,0,0,1
34,82000.0,11.6,MORTGAGE,12900.0,credit_card,60,2130.2,120352.22,0.319,9,0,133,0,0,0,0,1,1
47,77500.0,19.1,MORTGAGE,21700.0,debt_consolidation,36,1056.19,35857.77,0.438,3,2,199,0,0,0,0,0,1
49,38200.0,12.1,RENT,14400.0,medical,60,410.15,18971.6,0.312,7,3,341,0,0,0,0,0,1
59,58000.0,1.1,RENT,17400.0,debt_consolidation,36,891.94,20901.3,0.731,5,2,425,0,0,0,0,0,1
59,54100.0,3.2,MORTGAGE,23400.0,debt_consolidation,36,1183.77,65795.23,0.247,5,1,371,0,0,0,0,0,1
21,91600.0,0.5,RENT,29400.0,debt_consolidation,60,1810.25,106844.07,0.292,11,0,21,0,0,0,0,0,1
37,20800.0,7.1,OWN,5700.0,home_improvement,36,730.3,20586.6,0.248,6,6,150,0,0,0,0,0,0
61,118000.0,25.6,MORTGAGE,50000.0,home_improvement,36,2063.5,114823.35,0.262,9,0,239,0,0,0,0,0,1
50,57200.0,1.3,MORTGAGE,15100.0,major_purchase,60,879.78,15266.49,0.143,11,0,143,0,0,0,0,0,0
33,45900.0,5.1,RENT,20000.0,debt_consolidation,60,585.39,30262.27,0.323,7,1,85,0,0,1,0,0,1
41,80000.0,5.2,MORTGAGE,4400.0,home_improvement,36,1210.09,43747.48,0.605,3,2,176,0,0,0,0,0,1
39,65300.0,3.0,MORTGAGE,17600.0,credit_card,60,1961.78,115025.93,0.326,14,1,92,0,0,0,0,0,1
39,72200.0,0.4,MORTGAGE,12000.0,small_business,60,1605.0,42873.95,0.72,7,0,170,1,0,0,0,0,1
45,135900.0,3.4,MORTGAGE,28300.0,debt_consolidation,36,2325.95,40449.39,0.171,7,2,154,0,0,0,1,0,1
42,24700.0,14.6,MORTGAGE,2100.0,credit_card,60,527.17,20548.82,0.514,12,0,130,0,0,0,0,0,1
51,30800.0,11.3,MORTGAGE,4800.0,debt_consolidation,36,303.45,14472.99,0.123,11,1,359,0,0,0,0,0,1
37,48800.0,5.2,MORTGAGE,13600.0,small_business,36,1548.37,56475.44,0.52,8,1,112,0,0,0,0,0,0
43,142800.0,12.5,RENT,48300.0,debt_consolidation,60,1519.59,53537.53,0.044,5,3,190,0,1,0,0,0,1
52,102200.0,12.1,MORTGAGE,42300.0,debt_consolidation,36,1720.8,42593.7,0.746,9,1,196,0,0,0,0,0,0
30,61800.0,1.2,OWN,8800.0,medical,36,1575.46,59071.92,0.179,3,1,131,0,0,0,0,0,1
30,92300.0,2.2,MORTGAGE,34000.0,credit_card,36,1137.11,63494.39,0.115,13,5,105,0,0,0,0,0,1
56,105000.0,13.8,RENT,6300.0,auto,36,1406.72,47953.91,0.394,3,1,178,0,0,0,0,0,1
28,88000.0,2.7,MORTGAGE,35900.0,credit_card,36,3063.18,148020.21,0.818,13,0,102,0,0,0,0,0,1
40,120100.0,9.8,RENT,34600.0,credit_card,36,475.19,23710.47,0.413,14,2,176,0,0,0,0,0,1
52,72900.0,16.1,MORTGAGE,28300.0,home_improvement,36,2346.58,96209.85,0.08,8,1,347,0,0,0,0,0,1
70,86600.0,5.0,MORTGAGE,13200.0,debt_consolidation,36,2720.68,81675.43,0.116,6,2,550,0,0,0,0,0,1
34,86900.0,1.9,MORTGAGE,17300.0,debt_consolidation,36,811.42,34882.81,0.192,11,0,118,0,0,0,0,0,1
70,52800.0,10.0,RENT,4700.0,credit_card,36,1220.38,46431.59,0.266,4,1,446,0,0,0,0,0,1
48,61500.0,9.4,RENT,5000.0,credit_card,60,1196.26,62731.83,0.013,12,1,257,0,0,0,0,0,1
66,87500.0,4.4,RENT,33300.0,small_business,60,1696.48,45706.22,0.687,9,0,494,1,0,0,0,0,1
44,38700.0,2.5,MORTGAGE,6500.0,debt_consolidation,36,1097.74,25983.24,0.255,10,0,224,0,0,0,0,0,1
35,44400.0,5.0,MORTGAGE,8500.0,credit_card,36,661.63,16714.26,0.261,9,2,190,1,0,0,0,0,1
42,57300.0,4.7,MORTGAGE,15000.0,debt_consolidation,36,1953.08,53733.25,0.351,11,0,224,2,0,0,0,0,1
50,68200.0,19.5,RENT,21700.0,credit_card,60,2869.65,121744.82,0.581,10,2,189,2,0,0,0,0,1
24,65500.0,0.3,MORTGAGE,4500.0,home_improvement,60,1886.21,76269.95,0.19,8,1,60,0,0,0,0,0,1
33,65500.0,9.9,RENT,18300.0,debt_consolidation,36,838.14,17409.67,0.472,9,2,84,0,0,0,0,1,1
43,71300.0,3.0,RENT,21000.0,credit_card,60,952.34,55934.57,0.154,6,3,177,0,0,0,0,0,1
28,58200.0,3.7,MORTGAGE,22700.0,debt_consolidation,36,1548.42,25541.11,0.348,9,1,36,3,1,1,0,1,0
38,45500.0,14.0,RENT,5100.0,home_improvement,36,940.51,43818.42,0.391,9,3,192,0,0,0,0,0,1
32,67500.0,2.0,RENT,15500.0,credit_card,36,978.38,18376.01,0.463,8,2,138,0,0,0,0,1,1
51,94000.0,15.1,RENT,22500.0,debt_consolidation,36,1828.76,35580.21,0.391,12,2,268,0,0,0,0,0,1
34,106200.0,2.5,MORTGAGE,41300.0,auto,36,3854.03,193082.54,0.58,12,2,120,0,0,0,0,0,1
54,22100.0,12.4,RENT,4300.0,major_purchase,36,445.25,16962.44,0.293,6,1,192,1,0,1,0,0,1
38,38400.0,8.1,RENT,3200.0,credit_card,36,806.55,24048.34,0.143,9,2,151,0,0,0,0,0,1
54,111200.0,16.5,MORTGAGE,32300.0,home_improvement,60,1376.28,63426.19,0.647,9,0,384,2,0,0,0,0,1
31,56700.0,0.4,RENT,17800.0,debt_consolidation,36,1990.93,105826.09,0.151,5,0,108,0,0,0,0,0,1
61,24100.0,5.7,MORTGAGE,6800.0,debt_consolidation,36,129.66,4485.34,0.692,11,2,166,0,0,0,0,0,0
32,129600.0,0.6,OWN,31900.0,home_improvement,60,1880.02,54601.48,0.364,12,3,136,0,0,0,0,0,1
69,115100.0,13.3,RENT,15600.0,debt_consolidation,60,1944.18,92489.54,0.065,9,0,542,1,0,0,0,0,1
35,34500.0,12.7,OWN,9200.0,debt_consolidation,60,1292.27,56573.56,0.37,8,0,184,0,0,0,0,0,1
51,34700.0,21.7,RENT,2200.0,credit_card,36,506.75,13452.75,0.141,5,0,326,0,0,0,0,0,1
69,300000.0,13.3,RENT,50000.0,debt_consolidation,36,7752.34,290381.62,0.133,12,0,361,1,0,0,0,0,1
49,40000.0,3.4,MORTGAGE,9800.0,debt_consolidation,60,747.22,13032.48,0.137,6,0,199,0,0,0,0,0,1
46,129200.0,20.6,MORTGAGE,50000.0,debt_consolidation,36,5917.6,132460.11,0.71,4,1,119,0,0,0,0,0,1
38,154700.0,14.0,MORTGAGE,27500.0,credit_card,36,3825.84,97873.23,0.639,8,2,162,0,0,0,0,0,1
52,29800.0,6.8,RENT,1700.0,home_improvement,36,471.58,12280.22,0.546,9,2,265,0,0,0,0,0,1
42,40100.0,2.5,MORTGAGE,14200.0,debt_consolidation,36,1056.41,18490.27,0.18,7,2,201,0,0,0,0,0,1
58,116700.0,10.3,OWN,13700.0,credit_card,36,4341.78,253369.82,0.62,14,2,379,0,0,0,0,0,1
37,31300.0,1.2,OWN,8400.0,debt_consolidation,60,414.68,14993.59,0.3,8,0,197,0,0,0,0,0,1
43,36700.0,4.9,MORTGAGE,5000.0,debt_consolidation,36,1123.49,67268.41,0.924,9,1,200,0,0,0,0,0,1
44,59400.0,0.9,MORTGAGE,15800.0,debt_consolidation,36,861.44,25525.72,0.157,5,1,133,0,0,0,0,0,1
70,61800.0,6.9,MORTGAGE,17500.0,debt_consolidation,36,2216.67,78687.66,0.432,7,1,351,0,0,0,0,0,1
28,120600.0,1.7,MORTGAGE,38000.0,debt_consolidation,36,655.33,27658.57,0.044,7,0,62,0,0,0,0,0,1
61,90200.0,23.5,OWN,18000.0,small_business,36,1577.54,34812.64,0.55,10,2,479,0,0,0,0,0,1
26,74100.0,2.0,MORTGAGE,5500.0,medical,36,2237.5,128592.55,0.345,11,0,40,0,0,0,0,0,1
25,61000.0,1.1,MORTGAGE,17600.0,home_improvement,36,853.76,21696.96,0.314,7,4,29,0,0,0,0,0,1
64,37100.0,8.4,RENT,14700.0,debt_consolidation,60,908.4,21233.5,0.186,5,0,300,0,0,0,0,0,1
49,129200.0,21.7,MORTGAGE,33600.0,credit_card,36,1518.27,32570.58,0.6,10,0,264,0,0,0,0,0,1
48,71400.0,3.7,OWN,10700.0,home_improvement,36,1930.6,86372.88,0.349,10,0,210,0,0,0,0,0,1
31,94900.0,0.2,RENT,20400.0,debt_consolidation,36,1871.34,56698.85,0.522,10,2,87,0,0,0,0,0,0
21,74700.0,0.5,RENT,19900.0,debt_consolidation,36,1531.32,59557.96,0.4,6,1,19,0,0,0,0,0,1
63,70400.0,10.5,RENT,6000.0,debt_consolidation,36,868.42,30648.23,0.25,10,1,261,0,0,0,0,0,1
39,70100.0,3.7,OWN,19400.0,debt_consolidation,60,1644.67,35543.13,0.319,8,1,221,0,0,0,0,0,0
29,66300.0,1.5,MORTGAGE,6200.0,credit_card,36,730.34,35873.84,0.204,7,1,60,0,0,0,0,0,1
47,61200.0,9.2,RENT,7400.0,debt_consolidation,36,1799.5,47290.56,0.702,6,2,290,0,0,0,0,0,0
54,47600.0,17.5,RENT,9900.0,debt_consolidation,36,838.76,16023.8,0.461,7,0,275,1,0,1,0,0,1
64,88600.0,24.0,MORTGAGE,32800.0,home_improvement,60,1441.97,46186.75,0.523,7,1,377,0,0,0,0,0,1
24,122800.0,1.6,MORTGAGE,46600.0,credit_card,60,3061.55,175558.72,0.482,5,0,26,0,0,0,0,0,1
56,75500.0,21.5,RENT,12300.0,debt_consolidation,60,2005.34,62071.08,0.527,14,0,428,0,0,0,0,0,1
38,160000.0,2.3,OWN,42400.0,small_business,36,3093.73,138263.43,0.724,4,0,100,0,0,0,0,0,1
35,51400.0,0.2,MORTGAGE,4500.0,debt_consolidation,36,821.39,41109.41,0.273,5,1,113,0,0,0,0,0,1
71,215500.0,35.9,MORTGAGE,50000.0,debt_consolidation,36,5364.15,257226.93,0.454,4,0,245,0,0,0,0,0,1
33,84400.0,2.9,MORTGAGE,26300.0,debt_consolidation,60,1984.97,81523.53,0.287,12,1,160,0,0,0,0,0,1
39,18000.0,10.7,RENT,2500.0,debt_consolidation,36,148.96,3107.61,0.111,9,1,120,1,0,0,0,0,1
69,189400.0,3.0,MORTGAGE,50000.0,credit_card,36,3866.17,224500.47,0.486,7,2,269,5,0,0,0,0,0
26,39200.0,2.0,MORTGAGE,7400.0,debt_consolidation,60,1086.39,54684.93,0.405,9,2,83,0,0,0,0,0,1
68,74200.0,7.4,OWN,11900.0,home_improvement,36,2457.43,144305.38,0.228,6,3,531,0,0,0,0,0,1
32,87600.0,3.8,RENT,14800.0,credit_card,36,1753.7,67354.98,0.205,9,3,159,0,0,0,0,0,1
71,68700.0,21.1,MORTGAGE,16800.0,major_purchase,60,894.84,22669.81,0.596,10,1,550,0,0,0,0,0,1
57,62200.0,18.0,MORTGAGE,3900.0,medical,36,1077.92,60466.87,0.21,8,1,391,2,1,0,0,0,1
37,46500.0,4.4,MORTGAGE,14400.0,debt_consolidation,36,1094.51,28069.3,0.512,6,3,188,0,0,0,0,1,1
43,49900.0,2.6,MORTGAGE,21400.0,debt_consolidation,36,583.26,10945.48,0.378,5,0,273,0,0,0,0,1,0
46,127200.0,6.4,RENT,47900.0,credit_card,36,888.74,14466.43,0.263,10,1,182,0,0,0,0,0,1
49,37800.0,20.3,RENT,14200.0,debt_consolidation,36,486.13,7729.21,0.668,8,1,193,2,0,0,0,0,1
53,68200.0,11.3,RENT,24500.0,debt_consolidation,60,1135.65,29271.82,0.146,7,0,291,0,0,0,0,0,1
47,97800.0,1.1,MORTGAGE,18800.0,debt_consolidation,36,866.13,21311.43,0.175,7,2,237,0,0,0,0,0,1
45,37100.0,5.2,OWN,4700.0,credit_card,36,738.96,41436.15,0.811,12,1,264,0,0,0,0,0,1
30,85600.0,3.6,RENT,15000.0,credit_card,60,2894.44,90123.98,0.135,6,0,100,0,0,0,0,0,1
67,117800.0,28.8,MORTGAGE,14000.0,credit_card,36,3252.27,55561.88,0.371,6,0,379,0,0,0,0,0,1
43,80300.0,16.7,OWN,31300.0,debt_consolidation,36,2140.03,108363.43,0.343,14,2,250,0,0,0,0,0,1
41,122900.0,10.2,OWN,26800.0,debt_consolidation,60,1028.63,48720.89,0.589,8,1,93,0,0,0,0,0,1
41,64700.0,3.7,MORTGAGE,24200.0,debt_consolidation,60,568.58,13370.43,0.517,2,1,230,0,0,0,0,0,1
63,41500.0,6.9,MORTGAGE,6900.0,home_improvement,60,562.25,19696.88,0.829,10,0,474,0,0,0,0,0,1
33,60800.0,4.1,RENT,6500.0,small_business,36,1092.84,33761.3,0.149,9,1,149,0,0,0,0,0,1
57,31200.0,11.6,RENT,12400.0,home_improvement,36,434.26,21680.4,0.506,3,2,189,0,0,0,0,0,1
53,244400.0,6.0,RENT,50000.0,auto,60,3143.51,130433.71,0.405,8,0,322,0,0,0,0,0,1
44,65900.0,1.2,MORTGAGE,18000.0,debt_consolidation,36,971.46,22686.16,0.317,7,3,122,0,0,0,0,0,1
64,23500.0,18.5,MORTGAGE,2300.0,credit_card,36,649.42,32772.86,0.64,10,1,364,0,0,0,0,0,1
31,46200.0,1.9,RENT,8500.0,major_purchase,36,1173.39,48245.52,0.169,6,2,52,0,0,0,0,0,1
37,59300.0,7.4,RENT,4300.0,debt_consolidation,60,191.64,10043.33,0.502,10,2,163,0,0,0,0,0,1
24,32800.0,1.6,RENT,13400.0,small_business,60,761.83,41593.25,0.294,9,3,60,0,0,0,1,0,1
67,32500.0,28.7,RENT,4700.0,credit_card,36,740.27,39152.04,0.222,6,0,514,1,0,0,0,0,1
45,54800.0,19.0,OWN,14200.0,auto,36,807.73,17907.01,0.27,15,3,299,0,0,0,0,0,1
50,89100.0,2.2,OWN,38000.0,debt_consolidation,60,2167.65,120319.42,0.246,8,1,162,0,0,0,0,0,1
29,111600.0,1.0,RENT,33400.0,debt_consolidation,36,1292.78,27124.54,0.53,10,0,121,0,0,0,0,0,0
41,122200.0,14.7,RENT,36600.0,debt_consolidation,36,3219.13,73939.4,0.444,6,1,143,0,0,0,0,0,1
40,47900.0,10.5,OWN,18400.0,debt_consolidation,60,798.65,42101.6,0.29,10,0,153,0,0,1,1,0,0
39,18000.0,2.0,RENT,5900.0,major_purchase,60,328.44,16881.6,0.547,5,0,152,0,0,0,0,0,0
39,176000.0,13.7,OWN,43000.0,debt_consolidation,36,3179.63,105287.06,0.941,8,1,144,0,0,0,0,0,1
32,58700.0,0.8,RENT,5800.0,credit_card,36,614.82,14056.97,0.303,8,1,156,0,0,0,0,0,1
57,52000.0,3.2,MORTGAGE,12900.0,home_improvement,60,736.1,18174.09,0.091,5,0,267,0,0,0,0,0,1
62,130900.0,10.3,MORTGAGE,16100.0,debt_consolidation,36,763.17,44898.5,0.555,8,2,458,0,0,0,0,0,1
37,55700.0,9.5,RENT,13700.0,medical,36,1040.87,18866.99,0.07,8,1,82,0,0,0,0,0,1
57,86700.0,8.1,RENT,5100.0,medical,60,1368.22,43162.69,0.767,6,1,200,2,0,0,0,0,0
68,75800.0,19.2,MORTGAGE,14500.0,home_improvement,36,2209.78,96173.74,0.32,5,1,216,0,0,0,0,0,1
59,33500.0,1.1,OWN,2400.0,auto,36,664.16,33096.56,0.732,8,0,336,0,0,0,0,0,1
48,36400.0,22.6,MORTGAGE,3900.0,debt_consolidation,36,788.88,36007.06,0.533,11,0,291,0,0,0,0,0,1
61,58600.0,7.9,MORTGAGE,19200.0,debt_consolidation,60,1143.33,35630.65,0.75,10,3,360,0,0,0,0,0,1
55,65600.0,15.1,OWN,28900.0,debt_consolidation,36,411.35,10506.66,0.187,7,1,299,0,0,0,0,0,1
67,47000.0,15.2,RENT,13000.0,medical,36,710.29,35052.74,0.483,9,3,370,0,0,0,0,0,1
68,46800.0,16.0,RENT,5500.0,credit_card,36,616.65,21028.94,0.619,9,1,327,0,0,0,0,0,1
38,63600.0,1.9,RENT,12800.0,medical,36,229.41,4635.2,0.178,9,1,158,1,0,0,0,0,1
34,44900.0,0.4,RENT,6500.0,debt_consolidation,36,434.29,25582.8,0.236,8,0,88,0,0,0,0,0,1
55,108100.0,5.9,MORTGAGE,7500.0,debt_consolidation,60,1664.99,83270.31,0.55,11,0,393,0,0,0,0,0,1
64,78100.0,19.9,RENT,32400.0,credit_card,60,974.15,42289.03,0.391,3,2,214,0,0,0,0,0,1
61,49500.0,7.5,RENT,13200.0,debt_consolidation,36,1931.57,57795.28,0.433,12,3,203,0,0,0,0,0,0
27,91500.0,3.6,RENT,10000.0,small_business,36,1697.91,88305.66,0.305,5,0,44,0,0,0,0,0,1
61,137500.0,21.2,RENT,47900.0,debt_consolidation,36,1467.04,37757.43,0.614,11,1,211,0,0,0,0,0,1
33,73000.0,0.6,RENT,8700.0,home_improvement,36,1920.01,32758.93,0.194,6,2,158,0,0,0,0,0,1
38,29900.0,4.2,RENT,4000.0,credit_card,60,513.33,16556.87,0.842,16,2,174,0,0,0,0,0,1
57,157200.0,15.5,MORTGAGE,45700.0,credit_card,60,2958.19,136857.63,0.234,14,0,436,0,0,0,0,0,1
33,165700.0,1.9,MORTGAGE,36600.0,home_improvement,60,1004.36,57742.46,0.191,7,0,64,0,0,0,0,0,1
56,130900.0,23.0,MORTGAGE,50000.0,debt_consolidation,36,1521.91,40692.35,0.162,3,1,406,1,1,0,0,0,1
51,93600.0,7.7,MORTGAGE,27000.0,medical,36,2611.6,48178.74,0.67,5,1,272,0,0,0,0,0,1
22,87500.0,0.1,OWN,10800.0,debt_consolidation,60,1797.42,46272.19,0.298,10,2,24,0,0,0,0,0,1
36,71600.0,7.8,RENT,17200.0,debt_consolidation,60,976.46,47329.28,0.961,6,1,204,1,0,0,0,0,0
29,69800.0,1.3,OWN,23800.0,home_improvement,36,1498.44,57368.77,0.155,13,1,91,0,0,0,0,0,1
29,34900.0,3.1,MORTGAGE,10100.0,credit_card,60,518.79,24191.29,0.684,12,3,68,0,1,1,1,1,0
58,35300.0,20.0,RENT,6300.0,auto,60,286.01,16925.5,0.856,12,1,299,0,0,0,0,0,1
31,40800.0,7.4,MORTGAGE,8300.0,small_business,60,331.73,12542.86,0.434,9,2,75,0,0,0,0,0,1
42,21900.0,8.0,RENT,6900.0,debt_consolidation,36,252.84,4804.91,0.212,5,2,178,3,0,1,0,0,0
53,33300.0,12.8,RENT,8600.0,debt_consolidation,60,385.49,20925.88,0.567,8,0,241,0,0,0,0,0,1
56,66000.0,12.5,RENT,5200.0,debt_consolidation,60,2148.22,43375.99,0.83,11,1,323,0,0,0,0,0,1
65,19400.0,33.6,MORTGAGE,5200.0,debt_consolidation,60,441.05,14609.01,0.549,7,0,413,1,0,1,0,0,1
43,39200.0,1.6,MORTGAGE,9100.0,credit_card,60,742.13,44018.78,0.53,9,0,121,0,0,0,0,0,1
65,58300.0,15.3,RENT,21900.0,credit_card,36,361.03,11237.12,0.217,8,2,339,0,0,0,0,0,1
65,43400.0,26.6,MORTGAGE,4100.0,small_business,36,391.97,14782.03,0.55,8,0,393,0,0,0,0,0,1
54,55000.0,15.0,RENT,2800.0,auto,60,767.6,45246.36,0.54,5,1,260,0,0,0,0,0,1
29,77400.0,0.4,RENT,29300.0,debt_consolidation,36,498.2,19278.83,0.315,10,3,106,0,0,0,0,0,1
44,112300.0,4.6,RENT,15100.0,credit_card,60,3517.69,202082.58,0.195,3,0,240,0,0,0,0,0,1
28,44100.0,4.3,MORTGAGE,2800.0,credit_card,36,479.27,14191.94,0.489,16,1,75,0,0,0,0,0,1
27,56000.0,0.8,OWN,7800.0,credit_card,36,1231.95,24080.87,0.254,13,1,48,0,0,0,0,0,0
56,19600.0,30.6,RENT,7900.0,debt_consolidation,36,535.03,16301.38,0.556,2,1,150,0,0,0,0,0,1
38,91700.0,3.0,OWN,10900.0,debt_consolidation,60,2181.87,120069.53,0.751,6,0,130,1,0,0,0,0,1
23,41200.0,1.2,MORTGAGE,7300.0,major_purchase,36,1330.44,40220.08,0.245,14,1,27,0,0,0,0,0,1
48,79900.0,18.4,RENT,23500.0,home_improvement,36,1165.51,59089.74,0.537,13,2,190,0,0,0,0,0,1
26,55600.0,2.1,MORTGAGE,6800.0,home_improvement,36,922.26,26951.09,0.977,8,2,44,0,0,0,0,0,1
64,225800.0,1.3,MORTGAGE,50000.0,small_business,36,3023.16,180533.49,0.383,6,0,320,1,0,0,0,0,1
64,181100.0,9.5,MORTGAGE,50000.0,debt_consolidation,60,2949.95,74132.34,0.132,8,0,334,0,0,0,0,0,1
41,93500.0,9.2,MORTGAGE,13300.0,debt_consolidation,60,1664.0,26648.4,0.542,6,1,189,0,0,0,0,0,0
48,83700.0,1.0,MORTGAGE,7400.0,debt_consolidation,36,571.72,29170.83,0.447,9,2,314,0,1,0,0,0,1
60,76100.0,1.5,RENT,16000.0,credit_card,36,1574.97,57847.66,0.155,9,2,425,0,0,0,0,0,1
21,51400.0,0.6,RENT,16900.0,debt_consolidation,36,2015.69,101778.22,0.427,5,1,17,0,0,0,0,0,1
56,43300.0,12.3,MORTGAGE,16300.0,home_improvement,36,303.99,12358.73,0.035,4,2,273,0,0,0,0,0,1
41,39400.0,1.4,MORTGAGE,2500.0,debt_consolidation,36,361.02,12477.62,0.084,12,0,171,0,0,0,0,0,1
63,46700.0,7.4,MORTGAGE,12400.0,debt_consolidation,60,1451.11,56281.16,0.321,5,0,275,0,0,0,0,0,1
55,83400.0,9.8,MORTGAGE,12800.0,small_business,60,302.81,13779.6,0.329,8,3,167,0,0,0,0,0,1
33,58000.0,4.9,RENT,12600.0,debt_consolidation,36,963.51,33270.28,0.346,11,0,60,1,1,0,0,0,1
69,21500.0,5.6,RENT,5600.0,debt_consolidation,36,334.54,15959.18,0.187,7,1,192,0,0,0,0,0,1
30,271300.0,4.2,OWN,50000.0,small_business,36,5493.89,117067.88,0.427,3,0,52,0,0,0,0,0,1
64,60500.0,17.5,MORTGAGE,4000.0,home_improvement,60,933.41,42636.17,0.41,8,1,294,0,0,0,0,0,1
67,215900.0,12.6,MORTGAGE,25500.0,debt_consolidation,36,6566.23,285679.45,0.219,10,3,373,0,0,0,0,0,1
30,53000.0,2.3,RENT,15700.0,credit_card,36,998.09,53851.81,0.443,12,2,51,0,0,0,1,0,0
66,57800.0,9.8,RENT,13100.0,debt_consolidation,36,385.25,11075.76,0.505,4,1,281,0,0,0,1,1,1
33,110200.0,4.9,RENT,14800.0,credit_card,36,1037.4,28164.42,0.275,5,0,165,0,0,0,1,0,0
57,56100.0,6.6,MORTGAGE,4300.0,debt_consolidation,36,1070.54,48900.1,0.538,12,0,234,1,0,0,0,0,1
58,82500.0,10.2,MORTGAGE,34300.0,major_purchase,36,292.42,6947.52,0.338,12,0,318,0,0,0,0,0,1
44,55200.0,5.1,MORTGAGE,10800.0,credit_card,36,1636.27,93545.29,0.188,6,0,215,0,0,0,0,0,1
22,50900.0,0.5,OWN,10900.0,debt_consolidation,36,873.43,41142.55,0.119,2,3,44,0,0,0,0,0,1
42,154000.0,8.6,RENT,10700.0,credit_card,60,1935.51,91409.58,0.348,6,0,87,0,0,0,0,0,1
37,34100.0,8.3,RENT,11800.0,debt_consolidation,36,461.16,25942.45,0.605,9,1,157,0,0,0,0,0,1
56,50000.0,10.2,RENT,22300.0,debt_consolidation,60,1247.26,49995.02,0.458,8,0,182,0,0,0,0,0,1
34,180600.0,11.5,MORTGAGE,50000.0,credit_card,36,2942.97,169924.58,0.178,10,0,85,1,0,0,0,0,1
30,55200.0,2.9,MORTGAGE,9600.0,debt_consolidation,36,1342.6,36855.0,0.706,8,0,119,1,0,0,0,0,1
55,29500.0,7.3,OWN,12800.0,credit_card,60,524.66,16354.03,0.483,13,1,255,0,0,0,0,0,1
45,92800.0,0.9,MORTGAGE,19800.0,small_business,60,2731.32,137649.92,0.314,10,1,188,0,0,0,0,0,1
23,64900.0,0.6,MORTGAGE,13300.0,auto,36,703.88,29570.77,0.23,4,1,39,0,0,0,0,0,1
67,84700.0,17.5,OWN,32400.0,home_improvement,36,608.01,24512.54,0.341,6,1,550,0,0,0,0,0,0
58,68600.0,25.4,MORTGAGE,25200.0,auto,36,781.15,29163.19,0.079,8,0,411,2,1,1,0,0,1
37,36000.0,5.2,RENT,8600.0,debt_consolidation,36,694.98,29746.87,0.361,5,0,174,0,0,0,0,0,1
32,75500.0,2.7,MORTGAGE,17300.0,credit_card,36,1880.47,69440.48,0.779,8,2,72,0,0,0,0,0,1
44,132800.0,6.5,MORTGAGE,50000.0,debt_consolidation,36,4163.33,221508.61,0.523,7,3,255,0,0,0,0,0,1
49,50200.0,21.5,MORTGAGE,10700.0,debt_consolidation,60,781.21,28867.46,0.35,8,0,270,0,0,0,0,0,1
63,40700.0,21.3,RENT,16100.0,home_improvement,60,526.02,11272.92,0.371,7,1,332,0,0,0,0,1,0
45,60200.0,12.3,RENT,21000.0,debt_consolidation,60,1843.84,48703.29,0.283,7,0,98,0,1,0,0,0,1
56,59000.0,8.6,MORTGAGE,5500.0,debt_consolidation,36,349.99,19517.7,0.127,5,0,430,0,0,0,0,0,1
46,55500.0,15.0,RENT,6300.0,debt_consolidation,36,2173.75,99695.4,0.389,6,1,281,0,0,0,1,0,1
58,130500.0,3.2,MORTGAGE,8500.0,debt_consolidation,36,2018.2,46397.75,0.265,13,1,434,0,0,0,0,0,1
21,75600.0,0.6,RENT,4800.0,debt_consolidation,60,1587.44,58469.27,0.442,9,2,26,0,0,0,0,0,1
40,164700.0,3.9,MORTGAGE,48100.0,debt_consolidation,36,1282.7,55626.29,0.437,8,3,180,0,0,0,0,0,1
48,75000.0,7.7,RENT,6100.0,debt_consolidation,60,1942.67,75439.81,0.29,8,1,340,0,0,0,0,0,1
36,80700.0,2.9,OWN,8400.0,major_purchase,36,1325.89,78891.65,0.347,8,2,96,0,1,0,0,0,1
67,219400.0,20.4,RENT,32400.0,debt_consolidation,36,2178.81,83067.67,0.307,5,1,528,0,0,0,0,1,1
37,79900.0,6.8,MORTGAGE,21700.0,debt_consolidation,36,2002.6,113721.38,0.953,6,2,165,0,0,0,0,0,1
60,57500.0,17.5,RENT,8100.0,debt_consolidation,60,976.91,51724.16,0.178,7,0,430,0,0,0,0,0,1
48,39400.0,2.0,RENT,8200.0,debt_consolidation,36,997.42,41799.5,0.556,6,1,297,2,0,0,0,0,0
32,41400.0,1.6,MORTGAGE,7900.0,debt_consolidation,36,176.2,5718.33,0.218,7,2,159,0,1,0,0,0,1
47,52600.0,9.2,RENT,11000.0,home_improvement,60,1699.49,101768.97,0.53,7,1,230,0,0,0,0,0,1
62,57700.0,14.7,MORTGAGE,24300.0,medical,60,1818.65,34942.59,0.17,10,0,433,0,0,0,0,0,1
67,21300.0,17.5,RENT,9300.0,home_improvement,36,233.06,12337.39,0.113,7,1,187,3,1,2,0,0,0
50,65600.0,2.3,MORTGAGE,5200.0,small_business,36,1406.68,60759.19,0.375,6,0,192,0,0,0,0,0,1
61,18000.0,2.9,MORTGAGE,1700.0,home_improvement,60,265.51,10923.98,0.269,13,3,445,0,0,0,0,0,1
54,133500.0,11.4,OWN,9600.0,debt_consolidation,60,2984.15,178301.79,0.427,4,2,144,0,0,0,0,0,1
57,23400.0,32.0,MORTGAGE,4800.0,home_improvement,60,648.11,18917.93,0.678,11,0,289,0,0,0,0,0,1
26,73200.0,0.6,MORTGAGE,28600.0,home_improvement,60,1506.05,24608.2,0.414,7,3,59,0,0,0,0,0,0
27,71700.0,0.4,MORTGAGE,26500.0,debt_consolidation,36,1827.51,89017.43,0.238,7,1,71,1,0,0,0,0,0
52,138500.0,8.2,RENT,26600.0,medical,36,2616.1,50208.09,0.392,7,1,133,0,0,0,0,1,1
52,71300.0,19.1,MORTGAGE,25000.0,auto,60,764.47,21829.33,0.153,8,3,378,1,0,0,0,0,1
45,62700.0,13.4,MORTGAGE,27700.0,credit_card,60,1380.5,82712.77,0.521,6,1,208,0,0,0,0,0,1
53,78700.0,8.9,RENT,10000.0,debt_consolidation,36,2212.97,69307.77,0.239,11,0,375,1,0,0,0,0,1
27,49500.0,3.4,OWN,21600.0,debt_consolidation,60,1367.0,49728.24,0.229,8,0,91,0,1,0,0,0,1
32,49900.0,1.2,RENT,17900.0,credit_card,36,1647.7,47478.04,0.27,10,1,80,0,0,0,0,0,1
36,74400.0,9.9,MORTGAGE,7100.0,debt_consolidation,36,1842.04,107309.88,0.651,2,0,178,0,0,0,0,0,1
36,56300.0,3.1,MORTGAGE,20700.0,debt_consolidation,36,618.11,16821.56,0.418,8,3,164,0,0,0,0,0,1
63,94200.0,14.7,MORTGAGE,8600.0,debt_consolidation,36,1106.77,48495.88,0.331,7,5,499,1,0,1,0,1,0
56,40800.0,11.7,MORTGAGE,2500.0,credit_card,60,486.25,8875.67,0.347,6,3,334,0,1,0,0,0,0
33,111700.0,5.0,RENT,39700.0,credit_card,60,1717.57,30089.11,0.587,7,1,170,0,0,0,0,0,1
27,85700.0,0.7,RENT,35000.0,credit_card,36,1547.24,25050.38,0.025,8,3,37,0,0,0,0,0,1
56,67100.0,30.2,RENT,14100.0,debt_consolidation,36,1130.2,61839.48,0.597,9,0,369,1,0,0,0,0,1
67,28400.0,6.6,RENT,1700.0,medical,36,287.63,5241.02,0.632,8,1,517,1,1,0,0,0,1
71,104900.0,32.1,MORTGAGE,30300.0,credit_card,60,619.68,18785.87,0.464,8,2,403,0,0,0,0,0,1
29,194700.0,4.1,MORTGAGE,27900.0,credit_card,36,3875.29,143033.83,0.084,10,1,95,0,0,0,0,0,1
52,51300.0,7.3,MORTGAGE,13700.0,credit_card,36,1560.48,51174.35,0.381,8,2,361,0,0,0,0,0,0
31,106100.0,0.7,RENT,18800.0,credit_card,60,1865.79,52190.01,0.394,8,0,106,0,0,0,0,0,1
28,62100.0,1.8,MORTGAGE,18600.0,medical,36,1623.55,81526.61,0.037,9,0,71,0,0,0,0,0,1
53,36200.0,2.2,RENT,5600.0,credit_card,36,1103.16,62368.7,0.353,10,1,132,0,0,0,0,0,1
43,43400.0,4.4,MORTGAGE,4700.0,credit_card,36,538.44,25846.47,0.428,4,3,189,0,0,0,0,0,1
45,62400.0,3.7,RENT,21900.0,home_improvement,60,1314.62,23018.76,0.397,14,0,199,0,0,0,0,0,1
28,84900.0,0.5,MORTGAGE,22500.0,debt_consolidation,60,1737.2,75386.75,0.405,8,0,110,0,0,0,0,1,1
65,29600.0,7.4,MORTGAGE,5200.0,debt_consolidation,60,538.5,19844.57,0.521,15,1,325,0,0,0,0,0,1
42,44900.0,14.6,OWN,13500.0,debt_consolidation,36,1413.93,83714.65,0.408,6,1,199,0,0,0,0,0,1
24,67400.0,0.6,RENT,11100.0,debt_consolidation,36,455.29,19719.14,0.226,10,1,42,0,0,0,0,0,1
60,33100.0,7.1,RENT,6500.0,debt_consolidation,36,482.7,10592.63,0.383,6,1,171,0,0,0,0,0,1
23,82100.0,0.2,OWN,16400.0,debt_consolidation,36,631.79,12864.47,0.252,12,2,37,0,0,0,0,0,1
49,170800.0,12.2,RENT,24000.0,credit_card,36,2910.56,62170.81,0.109,10,0,343,0,0,0,0,0,1
61,62600.0,9.7,MORTGAGE,14200.0,credit_card,36,1008.72,28021.91,0.625,8,1,250,0,0,0,0,0,0
49,99100.0,8.3,MORTGAGE,37300.0,debt_consolidation,36,1595.03,79912.34,0.223,11,0,272,0,0,0,0,0,1
54,32800.0,10.3,RENT,14400.0,debt_consolidation,60,888.46,39333.76,0.059,9,0,259,0,0,0,0,0,1
54,46800.0,8.4,RENT,6400.0,debt_consolidation,60,826.27,32600.88,0.843,14,1,222,0,0,0,0,0,1
48,114300.0,17.9,RENT,48600.0,major_purchase,36,2524.74,112352.52,0.271,12,2,264,0,0,0,0,0,1
33,31200.0,2.3,MORTGAGE,5000.0,debt_consolidation,36,548.81,27899.81,0.411,9,2,65,0,0,0,0,0,1
35,44800.0,7.8,MORTGAGE,10700.0,debt_consolidation,36,957.23,20238.06,0.077,7,1,137,0,0,0,0,0,1
43,124100.0,2.7,MORTGAGE,11200.0,debt_consolidation,60,767.17,36826.64,0.473,7,1,160,1,1,0,0,0,1
64,47300.0,19.3,MORTGAGE,13900.0,medical,36,379.53,18936.74,0.76,9,0,192,1,1,1,0,0,1
46,22000.0,0.9,RENT,5600.0,credit_card,36,187.03,10926.4,0.763,4,1,281,0,0,0,0,0,0
24,48500.0,0.8,MORTGAGE,15600.0,debt_consolidation,36,807.18,45644.65,0.377,2,0,58,0,0,0,0,0,1
46,172700.0,10.0,OWN,50000.0,debt_consolidation,36,3617.68,201908.71,0.277,12,1,275,0,0,0,0,0,1
60,146100.0,9.6,MORTGAGE,50000.0,major_purchase,36,2667.22,131068.5,0.433,6,0,176,0,0,0,0,0,1
29,63400.0,7.4,RENT,22700.0,debt_consolidation,36,1665.7,36079.23,0.482,8,0,65,0,0,0,0,0,1
25,58200.0,1.7,RENT,25400.0,home_improvement,36,659.46,31368.22,0.213,13,1,53,0,0,0,0,0,1
52,242200.0,8.8,MORTGAGE,50000.0,credit_card,36,3472.05,131058.09,0.457,6,0,372,0,2,1,0,0,1
40,39500.0,7.5,MORTGAGE,6400.0,credit_card,36,403.49,11937.66,0.358,6,1,187,0,0,0,0,0,1
70,46500.0,16.3,MORTGAGE,12200.0,small_business,36,2144.36,59330.96,0.204,10,1,352,0,0,0,0,0,1
31,118500.0,2.1,MORTGAGE,28000.0,debt_consolidation,36,1934.05,83348.86,0.662,12,0,117,0,0,1,0,0,1
35,41100.0,3.1,RENT,9100.0,major_purchase,36,778.4,25145.68,0.716,7,3,81,0,0,0,0,0,1
52,81000.0,14.5,RENT,17000.0,home_improvement,60,2491.52,89646.94,0.334,3,1,296,0,0,0,0,0,1
48,33500.0,10.4,RENT,12500.0,major_purchase,36,395.5,10473.8,0.447,6,4,313,0,0,0,0,0,1
42,150200.0,1.8,RENT,50000.0,debt_consolidation,60,4109.22,134071.56,0.102,13,0,248,0,0,0,0,0,1
61,52200.0,14.3,RENT,16100.0,debt_consolidation,36,1294.87,47055.1,0.553,8,1,476,0,0,0,0,0,1
37,46300.0,3.2,RENT,14300.0,debt_consolidation,60,1279.93,43937.44,0.401,7,1,91,0,0,0,0,0,1
46,41600.0,8.0,RENT,8300.0,credit_card,60,871.01,21375.64,0.381,6,3,288,0,0,0,0,0,1
64,35200.0,11.3,RENT,7900.0,debt_consolidation,36,982.64,21565.72,0.27,5,0,369,0,0,0,0,0,1
27,54600.0,0.4,RENT,6100.0,medical,36,848.51,49714.19,0.343,6,0,33,0,0,0,0,0,1
62,18100.0,18.7,MORTGAGE,5100.0,home_improvement,36,471.63,10172.36,0.067,5,1,407,0,0,0,0,0,1
46,36300.0,15.2,OWN,3900.0,small_business,36,1396.09,30037.61,0.671,7,0,205,0,0,0,0,0,1
45,66800.0,15.9,RENT,27800.0,credit_card,36,1324.69,75254.14,0.574,8,0,132,1,0,0,0,0,0
30,69500.0,1.1,RENT,15000.0,credit_card,36,942.82,30551.75,0.397,5,0,81,1,1,0,0,0,1
65,63700.0,8.8,RENT,4300.0,debt_consolidation,60,755.43,12841.71,0.277,5,1,328,0,0,0,0,0,1
39,43600.0,2.6,MORTGAGE,2200.0,major_purchase,36,537.43,18338.11,0.519,7,2,210,0,0,0,0,0,1
31,152100.0,1.8,RENT,48800.0,credit_card,36,4212.44,197919.28,0.703,12,2,131,0,0,0,0,1,0
33,106700.0,3.5,RENT,31400.0,debt_consolidation,36,455.87,19310.03,0.165,9,0,153,0,0,0,0,0,1
28,62500.0,2.1,OWN,22400.0,major_purchase,36,840.49,35135.13,0.117,8,1,96,0,0,0,0,1,0
60,62100.0,25.1,RENT,21700.0,major_purchase,36,1202.54,72036.54,0.283,9,1,396,0,0,0,0,0,1
24,51000.0,0.5,OWN,2600.0,debt_consolidation,60,1217.27,41696.26,0.136,5,0,54,0,0,0,0,1,1
67,46500.0,26.1,MORTGAGE,5400.0,medical,60,1040.44,24889.95,0.576,9,0,440,0,0,0,0,0,1
51,60700.0,12.1,MORTGAGE,10900.0,debt_consolidation,36,564.32,18711.44,0.11,8,2,192,0,0,0,0,0,1
48,111300.0,17.9,MORTGAGE,8300.0,debt_consolidation,36,1795.61,87424.0,0.687,13,1,260,0,0,0,0,0,1
31,51800.0,3.6,RENT,6300.0,debt_consolidation,36,782.07,31398.54,0.454,5,0,63,0,0,0,0,0,0
63,133800.0,8.6,MORTGAGE,37800.0,major_purchase,36,4995.4,185184.71,0.616,9,1,268,0,0,0,0,0,1
21,46300.0,0.0,RENT,10800.0,credit_card,36,756.97,25226.48,0.547,9,0,22,0,0,0,0,1,0
69,150300.0,6.5,MORTGAGE,50000.0,major_purchase,36,4591.58,269894.41,0.27,9,2,550,0,0,0,0,0,1
67,56200.0,5.7,RENT,7800.0,home_improvement,36,1300.98,58355.15,0.487,8,0,463,0,0,0,0,1,1
58,96200.0,6.6,RENT,25400.0,major_purchase,36,1137.34,54767.1,0.258,5,1,384,0,0,0,0,0,1
44,231400.0,6.5,MORTGAGE,50000.0,medical,60,2184.55,83779.19,0.394,3,2,134,0,0,0,0,0,1
67,250200.0,21.8,MORTGAGE,18600.0,major_purchase,36,5318.97,209935.86,0.4,14,1,426,0,0,0,0,0,1
51,31600.0,15.5,RENT,12600.0,debt_consolidation,36,87.52,2468.41,0.223,5,1,190,0,0,0,0,0,1
61,116800.0,12.5,MORTGAGE,21900.0,debt_consolidation,60,2562.25,63853.92,0.937,8,2,237,0,0,0,0,0,1
66,39400.0,4.1,MORTGAGE,15500.0,credit_card,36,1299.55,62498.56,0.602,11,3,346,0,0,0,0,0,1
70,81300.0,29.2,MORTGAGE,26200.0,debt_consolidation,36,1651.69,29133.92,0.222,2,0,476,0,0,0,0,0,1
46,86600.0,10.0,MORTGAGE,27600.0,major_purchase,36,3192.26,187568.57,0.265,10,2,129,4,0,1,0,0,0
69,106300.0,3.5,MORTGAGE,7400.0,medical,36,1864.83,101489.46,0.409,9,2,441,0,0,0,0,0,1
70,32700.0,10.9,MORTGAGE,13900.0,debt_consolidation,60,432.5,22021.67,0.374,7,0,196,1,0,0,0,0,1
25,34600.0,2.0,MORTGAGE,7700.0,debt_consolidation,36,580.81,26103.69,0.711,7,2,74,0,0,0,0,0,0
40,42000.0,11.3,OWN,3900.0,credit_card,36,1351.46,59894.56,0.612,7,1,145,0,0,0,0,0,1
61,91200.0,31.0,RENT,32500.0,home_improvement,60,426.13,20663.98,0.419,4,0,162,0,0,0,0,0,1
31,75700.0,3.2,RENT,30000.0,credit_card,36,669.77,37629.03,0.392,11,1,128,0,0,0,0,0,0
53,83000.0,22.4,MORTGAGE,35000.0,debt_consolidation,60,1487.91,57010.77,0.623,9,2,196,0,0,0,0,0,1
70,34600.0,2.1,RENT,8700.0,debt_consolidation,60,601.93,13596.57,0.151,4,1,271,2,0,0,0,0,1
58,72600.0,12.8,OWN,15400.0,credit_card,36,1744.97,32955.12,0.119,8,3,224,0,0,0,0,0,1
47,46100.0,1.6,RENT,13100.0,home_improvement,36,317.67,12305.98,0.259,5,2,113,0,0,0,0,0,1
54,47200.0,7.6,MORTGAGE,8000.0,debt_consolidation,36,1748.96,77489.19,0.279,7,1,407,0,0,0,0,0,1
35,61700.0,2.5,MORTGAGE,12800.0,debt_consolidation,36,858.48,46654.65,0.682,8,0,185,0,0,0,0,0,1
52,28700.0,0.7,RENT,7600.0,credit_card,60,156.66,8730.2,0.46,7,2,307,0,0,0,0,0,0
41,88600.0,14.2,MORTGAGE,33600.0,credit_card,36,1179.27,55279.89,0.733,5,1,222,0,0,0,0,0,1
66,30100.0,30.3,MORTGAGE,11800.0,small_business,36,705.76,39424.68,0.496,12,0,255,0,0,0,0,0,1
25,52800.0,0.6,OWN,5400.0,debt_consolidation,36,987.77,55428.13,0.631,7,2,72,0,0,0,0,0,0
26,99500.0,2.6,RENT,10300.0,auto,60,2873.71,81236.94,0.215,9,0,77,0,0,0,0,0,1
58,28800.0,10.4,MORTGAGE,3600.0,debt_consolidation,36,513.11,16386.27,0.701,5,1,274,0,0,0,1,0,1
42,30600.0,5.6,MORTGAGE,8800.0,home_improvement,60,466.99,24487.31,0.179,10,1,106,0,0,0,0,0,1
38,117000.0,14.9,RENT,15300.0,home_improvement,60,1964.11,116751.64,0.245,7,1,227,0,0,0,0,0,1
34,36600.0,5.7,RENT,10800.0,credit_card,36,279.57,5849.05,0.37,7,1,99,0,0,0,0,0,1
30,112700.0,1.4,RENT,38300.0,debt_consolidation,60,2724.87,144635.51,0.551,11,4,103,0,0,0,0,0,1
66,84300.0,11.8,OWN,33200.0,debt_consolidation,60,2224.54,58649.16,0.138,10,3,415,0,0,0,0,0,1
33,31700.0,2.9,RENT,12600.0,credit_card,36,805.3,33731.44,0.188,3,1,157,0,1,0,0,0,1
51,72700.0,12.8,MORTGAGE,9900.0,credit_card,36,368.12,13644.09,0.282,10,0,293,0,0,0,0,0,1
50,84900.0,6.0,MORTGAGE,14800.0,debt_consolidation,36,2881.58,130481.71,0.378,8,1,228,2,0,0,0,0,1
23,30700.0,1.4,RENT,3800.0,debt_consolidation,36,544.7,30052.4,0.438,9,2,28,0,0,0,0,0,1
50,68400.0,10.1,OWN,22000.0,major_purchase,60,1442.71,48222.82,0.286,10,1,240,0,0,0,0,0,1
26,104800.0,0.1,MORTGAGE,34000.0,small_business,36,689.54,32815.81,0.323,12,0,71,0,0,0,0,0,1
49,63300.0,2.6,MORTGAGE,3300.0,debt_consolidation,36,2247.87,88569.5,0.264,7,1,237,0,1,0,0,0,1
28,71900.0,1.1,RENT,8300.0,medical,36,976.97,38237.87,0.54,4,0,108,0,0,0,0,0,1
64,61300.0,11.2,RENT,11300.0,credit_card,36,1096.75,60342.29,0.197,9,2,355,0,0,1,0,1,0
65,116200.0,5.6,MORTGAGE,15400.0,credit_card,36,2318.96,117471.0,0.511,12,1,355,1,0,0,0,0,1
63,62700.0,4.5,RENT,17000.0,debt_consolidation,36,791.59,25360.24,0.509,11,0,369,0,0,0,0,0,1
64,45100.0,20.1,MORTGAGE,3000.0,home_improvement,36,1286.63,46703.56,0.257,10,3,422,0,0,0,0,0,1
53,58500.0,16.3,RENT,22300.0,medical,60,1073.94,22770.27,0.309,8,0,234,0,0,0,0,0,1
37,28000.0,4.3,MORTGAGE,6600.0,debt_consolidation,36,497.55,8023.09,0.406,13,1,198,0,0,0,0,0,1
68,18000.0,11.1,MORTGAGE,5200.0,credit_card,36,626.29,21181.57,0.489,11,0,499,0,0,0,0,0,1
31,42000.0,2.6,MORTGAGE,11800.0,major_purchase,60,585.66,22652.18,0.472,9,3,88,0,0,0,0,0,1
33,153000.0,8.5,RENT,35200.0,medical,36,3697.93,145323.07,0.229,2,1,70,0,2,0,0,0,0
70,115900.0,5.5,MORTGAGE,32100.0,debt_consolidation,36,3553.95,211766.28,0.306,11,0,550,0,0,0,0,0,1
31,26800.0,8.8,RENT,2200.0,small_business,36,259.04,7751.41,0.469,7,3,54,0,0,0,0,0,0
51,37200.0,5.2,RENT,7600.0,debt_consolidation,60,608.51,24605.6,0.079,11,0,185,0,0,0,0,0,1
48,47000.0,6.5,RENT,15700.0,credit_card,36,494.09,19001.68,0.534,10,1,141,0,2,0,0,0,0
64,59600.0,9.8,OWN,11700.0,home_improvement,60,1710.75,69859.99,0.417,9,2,490,0,1,0,0,0,1
26,37500.0,0.7,OWN,5700.0,credit_card,60,726.2,38069.56,0.094,7,3,73,0,0,0,0,0,1
61,47200.0,1.9,MORTGAGE,13000.0,debt_consolidation,60,790.29,17373.38,0.442,10,1,444,0,0,0,0,0,1
36,116300.0,3.1,MORTGAGE,28000.0,credit_card,36,1809.41,57903.21,0.46,12,2,97,0,0,0,0,0,0
24,38200.0,1.1,MORTGAGE,10100.0,debt_consolidation,60,307.53,12232.35,0.446,4,3,59,1,2,0,0,0,1
55,90100.0,20.9,RENT,39000.0,debt_consolidation,36,2039.59,36375.49,0.233,7,0,274,0,0,0,0,0,1
68,100600.0,11.4,MORTGAGE,11100.0,credit_card,60,757.01,23290.15,0.092,5,1,517,0,0,0,0,0,1
46,247500.0,7.4,MORTGAGE,50000.0,auto,36,4982.29,160265.59,0.357,7,0,176,0,0,0,0,0,1
32,45300.0,2.8,MORTGAGE,2800.0,home_improvement,36,602.58,13028.14,0.205,10,0,127,0,0,0,0,0,1
31,35800.0,5.5,MORTGAGE,11100.0,debt_consolidation,36,554.97,32045.04,0.442,16,2,77,0,0,0,0,0,1
57,25700.0,8.8,OWN,3300.0,major_purchase,36,762.61,22713.29,0.423,9,1,169,0,0,0,0,0,1
45,95200.0,10.9,RENT,35500.0,debt_consolidation,60,647.55,28276.39,0.18,7,1,238,0,0,0,0,0,1
38,83800.0,3.1,MORTGAGE,13200.0,debt_consolidation,36,351.63,19693.83,0.176,9,1,117,0,0,0,0,0,1
39,62500.0,5.7,OWN,13200.0,credit_card,60,2575.96,93811.67,0.628,14,0,79,0,0,0,0,0,1
43,79000.0,13.3,MORTGAGE,20200.0,debt_consolidation,36,1049.17,20065.16,0.43,12,1,198,0,0,0,0,0,1
58,69300.0,9.2,MORTGAGE,20400.0,home_improvement,36,569.19,20484.68,0.405,6,0,436,0,0,0,0,0,1
38,52900.0,0.9,RENT,9000.0,credit_card,36,1009.91,26676.02,0.622,7,0,85,0,0,0,0,0,0
46,55000.0,8.8,RENT,6200.0,credit_card,36,351.71,16445.67,0.551,13,0,136,0,0,0,0,0,1
26,62700.0,1.3,RENT,19100.0,debt_consolidation,36,579.4,18658.56,0.08,8,0,87,0,0,0,0,0,1
24,254800.0,1.0,RENT,50000.0,debt_consolidation,36,2190.15,116468.84,0.135,7,4,57,0,0,0,0,0,1
64,109200.0,15.0,OWN,8000.0,major_purchase,36,369.39,16856.75,0.7,7,1,393,0,0,0,0,0,1
71,34900.0,29.8,MORTGAGE,9200.0,debt_consolidation,60,605.49,33883.53,0.1,6,3,534,1,0,0,0,0,1
49,82300.0,4.2,OWN,19500.0,credit_card,60,487.24,15807.91,0.061,6,0,259,1,0,0,0,0,1
54,65900.0,9.7,RENT,16800.0,debt_consolidation,60,1360.25,68570.26,0.288,14,1,163,0,0,0,0,0,1
37,178700.0,6.4,RENT,16600.0,debt_consolidation,60,2472.44,127901.24,0.399,10,2,142,0,0,0,0,0,1
63,132200.0,20.3,RENT,31600.0,debt_consolidation,60,3494.58,61574.15,0.741,5,1,362,0,0,0,0,0,1
63,62600.0,6.4,RENT,21800.0,debt_consolidation,36,526.27,12351.69,0.17,9,1,471,0,0,0,0,0,1
36,65100.0,4.0,MORTGAGE,6700.0,medical,60,1273.07,61391.94,0.544,10,1,136,1,1,0,0,0,0
22,35400.0,0.2,RENT,10600.0,auto,36,144.62,6040.42,0.212,10,1,30,0,0,0,0,0,1
54,94900.0,9.6,RENT,11500.0,credit_card,36,2566.83,56459.86,0.731,9,2,285,0,0,0,0,0,1
28,124300.0,3.1,MORTGAGE,21600.0,credit_card,36,976.66,47375.75,0.218,8,1,44,2,1,0,0,0,1
33,70800.0,1.5,RENT,13800.0,debt_consolidation,36,1266.68,65014.25,0.51,12,0,157,2,0,0,0,0,1
62,76500.0,17.9,RENT,27200.0,small_business,36,1223.59,46923.2,0.391,12,2,304,2,0,0,0,0,1
28,55300.0,3.6,MORTGAGE,7800.0,debt_consolidation,36,712.84,41888.1,0.206,9,1,100,0,0,0,0,0,1
50,107500.0,9.4,MORTGAGE,16700.0,debt_consolidation,36,2116.54,62779.23,0.062,7,3,253,2,0,0,0,0,1
52,31600.0,1.2,OWN,12600.0,debt_consolidation,36,320.68,15809.39,0.136,3,4,307,0,0,0,0,0,1
56,35800.0,14.1,MORTGAGE,12400.0,debt_consolidation,36,396.8,23291.59,0.077,9,1,221,0,0,0,0,0,1
67,110300.0,2.9,OWN,27900.0,debt_consolidation,60,1579.87,29410.18,0.073,8,0,447,0,0,0,0,0,1
50,30500.0,10.5,RENT,5400.0,debt_consolidation,36,547.69,24879.1,0.245,8,2,137,0,0,0,0,0,1
21,46700.0,0.3,RENT,17100.0,auto,60,872.59,20325.26,0.385,6,0,16,0,0,0,0,0,1
63,56800.0,13.4,MORTGAGE,15600.0,home_improvement,36,2014.71,46488.78,0.113,12,1,446,0,0,0,0,0,1
59,85700.0,1.8,MORTGAGE,15600.0,credit_card,36,2009.07,57210.9,0.569,13,1,358,0,0,0,0,0,1
37,72000.0,5.1,MORTGAGE,12700.0,debt_consolidation,60,1459.39,74205.02,0.792,7,0,96,0,0,0,0,0,1
40,18000.0,8.3,MORTGAGE,4200.0,debt_consolidation,36,235.65,10852.27,0.203,2,1,150,0,0,0,0,0,1
44,91100.0,3.1,RENT,39100.0,credit_card,60,1700.56,85850.11,0.401,5,3,236,0,0,0,0,0,1
70,58600.0,24.1,RENT,18000.0,home_improvement,36,769.25,11812.96,0.306,15,1,441,0,0,0,0,0,1
42,119000.0,2.2,RENT,38300.0,medical,60,2949.9,78162.26,0.194,5,0,150,0,0,0,0,0,1
49,38800.0,10.0,RENT,7900.0,debt_consolidation,60,461.54,17774.53,0.255,16,0,333,0,0,0,0,0,1
42,157400.0,13.9,MORTGAGE,50000.0,debt_consolidation,60,2865.11,113944.73,0.044,10,3,208,0,0,0,0,0,1
64,34700.0,11.4,RENT,7400.0,credit_card,36,737.29,31175.24,0.049,6,3,182,0,0,0,0,0,1
29,51300.0,0.5,RENT,2800.0,medical,60,2016.26,71720.43,0.017,13,0,81,0,0,0,0,0,1
57,132300.0,18.0,OWN,49000.0,credit_card,60,211.8,7398.18,0.154,6,3,306,0,0,0,0,0,1
30,228700.0,3.1,RENT,50000.0,credit_card,60,6907.75,391303.55,0.226,12,1,97,0,0,0,0,0,1
56,34700.0,25.1,RENT,3800.0,debt_consolidation,36,303.83,13813.13,0.65,10,2,272,0,0,0,1,0,0
57,260800.0,9.6,MORTGAGE,15400.0,small_business,36,5064.4,209349.43,0.269,15,2,250,0,0,0,0,0,1
48,18000.0,6.2,MORTGAGE,8000.0,credit_card,60,659.48,11859.62,0.522,6,1,149,0,0,0,0,0,0
48,100300.0,14.7,RENT,31000.0,debt_consolidation,36,1224.55,60453.16,0.384,9,1,172,1,1,0,0,0,0
62,174300.0,20.2,MORTGAGE,41200.0,credit_card,36,2668.86,134607.19,0.341,6,1,241,0,0,0,0,0,1
63,37500.0,32.4,RENT,6900.0,home_improvement,36,881.87,52807.57,0.033,6,0,381,0,0,0,0,0,1
41,130100.0,3.7,MORTGAGE,10300.0,debt_consolidation,36,3076.67,75839.44,0.424,2,1,163,2,0,0,0,0,1
44,50000.0,6.2,RENT,15400.0,debt_consolidation,36,1218.12,52384.53,0.403,13,1,103,0,0,0,0,0,1
62,43800.0,21.2,MORTGAGE,8700.0,debt_consolidation,36,378.94,13207.66,0.686,7,0,174,0,0,0,0,0,1
60,31400.0,4.1,MORTGAGE,14000.0,medical,36,558.54,23549.85,0.695,10,0,297,0,0,0,0,0,1
22,63400.0,1.2,MORTGAGE,5900.0,debt_consolidation,36,1147.72,52648.12,0.196,3,1,17,1,0,0,0,0,1
28,71600.0,2.6,MORTGAGE,10600.0,debt_consolidation,60,1382.3,65795.56,0.356,7,2,113,0,1,2,0,0,0
68,34300.0,9.4,MORTGAGE,7300.0,debt_consolidation,36,795.42,23423.11,0.386,9,2,310,0,0,0,0,0,1
47,144800.0,11.6,RENT,50000.0,credit_card,36,4564.07,216925.71,0.344,4,1,141,0,0,0,0,0,1
42,47400.0,5.6,MORTGAGE,17100.0,debt_consolidation,36,933.46,23144.68,0.456,10,3,112,0,0,0,0,0,1
57,64800.0,17.8,RENT,9600.0,small_business,36,1808.7,27346.13,0.498,8,1,195,0,0,0,0,0,1
47,75200.0,14.3,MORTGAGE,14600.0,debt_consolidation,36,1314.36,74275.05,0.401,8,3,164,0,0,0,0,1,0
49,300000.0,2.5,MORTGAGE,22100.0,debt_consolidation,36,12107.86,657460.87,0.716,9,0,156,0,0,0,0,0,0
23,134000.0,0.8,RENT,27000.0,credit_card,36,2867.46,128659.12,0.149,8,0,28,0,0,0,0,0,1
64,103600.0,12.9,RENT,12200.0,debt_consolidation,36,182.72,9252.05,0.137,6,0,379,1,2,0,0,0,1
33,51900.0,2.1,MORTGAGE,21700.0,debt_consolidation,60,848.52,28338.73,0.138,6,0,91,0,2,0,0,0,1
65,81300.0,12.0,RENT,30300.0,medical,36,702.42,14085.62,0.02,7,0,187,0,0,0,0,0,1
30,86000.0,0.6,RENT,10000.0,credit_card,60,2023.66,91448.38,0.568,11,0,64,0,0,0,0,0,1
56,65100.0,8.7,MORTGAGE,16000.0,major_purchase,36,302.8,14275.88,0.447,5,1,208,0,0,0,0,0,1
29,112100.0,5.3,RENT,48600.0,debt_consolidation,36,2997.32,161584.72,0.538,8,0,43,0,0,0,0,0,1
47,300000.0,11.1,RENT,50000.0,credit_card,36,10050.07,282812.67,0.435,9,0,285,0,0,0,0,0,0
54,35900.0,13.2,MORTGAGE,8200.0,home_improvement,60,1036.25,53674.56,0.104,4,1,286,0,0,0,0,0,1
71,83100.0,15.7,RENT,15500.0,debt_consolidation,36,492.94,25400.83,0.825,4,0,550,0,0,0,0,0,1
21,82100.0,0.1,OWN,20300.0,credit_card,60,1490.58,30871.06,0.138,3,1,31,0,0,0,0,0,1
52,58100.0,10.9,OWN,16800.0,major_purchase,36,1087.54,25608.38,0.561,9,1,253,0,0,0,0,0,1
45,45800.0,13.2,MORTGAGE,3900.0,debt_consolidation,60,512.29,13248.17,0.304,6,1,275,0,0,0,1,0,1
49,44500.0,2.6,RENT,3900.0,debt_consolidation,36,795.96,29934.45,0.403,9,2,130,1,0,0,0,0,1
27,227000.0,1.7,MORTGAGE,50000.0,small_business,36,5138.22,115829.56,0.328,7,2,81,1,0,0,0,0,1
69,72200.0,4.9,RENT,32000.0,debt_consolidation,60,1645.51,40200.58,0.237,7,1,304,0,0,0,0,1,1
23,115500.0,0.4,RENT,28500.0,credit_card,36,737.96,18327.08,0.434,11,1,27,1,0,0,0,0,1
40,56700.0,12.4,RENT,22400.0,debt_consolidation,60,1147.09,25085.94,0.211,7,1,163,0,0,0,0,0,1
40,84000.0,9.4,MORTGAGE,33400.0,credit_card,36,2124.64,38095.9,0.32,5,0,166,0,0,0,0,0,1
50,87900.0,14.7,RENT,17400.0,credit_card,36,3096.21,80438.45,0.085,14,2,324,0,0,0,0,0,1
55,58000.0,7.6,MORTGAGE,10500.0,credit_card,36,1700.4,55580.25,0.546,6,1,235,0,0,0,1,0,1
55,76500.0,4.2,RENT,26200.0,medical,60,2318.85,101043.06,0.336,8,2,409,0,0,0,0,0,1
69,134100.0,10.0,MORTGAGE,50000.0,debt_consolidation,36,2646.45,46973.93,0.087,5,0,250,1,0,0,0,0,1
59,35900.0,18.3,RENT,14100.0,small_business,36,691.41,18401.21,0.233,6,2,276,0,0,0,0,0,1
47,74900.0,4.6,OWN,13300.0,credit_card,36,832.38,27184.15,0.503,8,1,189,1,0,0,0,0,1
46,90600.0,0.8,MORTGAGE,17400.0,credit_card,60,1303.01,42096.84,0.622,11,1,288,1,0,0,0,0,1
34,102700.0,2.3,RENT,35400.0,debt_consolidation,36,2845.09,155051.26,0.473,6,2,182,0,0,0,0,0,0
37,112200.0,2.5,RENT,19900.0,debt_consolidation,36,1373.93,28666.55,0.258,10,2,121,1,0,0,0,0,0
38,98500.0,4.3,RENT,38500.0,home_improvement,60,2310.04,48500.01,0.415,8,1,154,1,0,0,0,0,1
65,127600.0,2.7,MORTGAGE,32400.0,debt_consolidation,60,3929.8,76764.58,0.252,9,2,515,0,1,0,0,0,1
49,52900.0,4.0,RENT,8800.0,debt_consolidation,36,402.93,13925.35,0.209,12,3,179,0,0,0,0,0,1
40,147600.0,7.3,MORTGAGE,24300.0,debt_consolidation,36,2077.1,33672.39,0.117,3,2,122,0,0,0,0,0,1
47,70800.0,11.8,RENT,25700.0,credit_card,36,1295.75,22135.36,0.488,5,2,133,0,0,0,0,1,1
38,107000.0,7.3,MORTGAGE,10700.0,home_improvement,60,3102.24,184804.27,0.556,6,2,123,0,0,0,0,0,0
24,32200.0,1.4,MORTGAGE,13600.0,major_purchase,36,709.28,20565.51,0.472,6,1,50,1,0,0,0,0,1
21,95300.0,0.1,MORTGAGE,20500.0,major_purchase,36,2385.17,95291.2,0.45,5,0,12,2,0,1,1,0,0
70,72000.0,2.1,OWN,27900.0,home_improvement,36,719.95,13872.34,0.262,3,2,278,0,0,0,0,0,1
21,56100.0,0.2,OWN,20600.0,debt_consolidation,60,1161.91,40930.45,0.666,11,2,29,0,1,0,0,0,1
46,134800.0,4.6,RENT,48800.0,debt_consolidation,36,4994.54,175062.51,0.289,10,1,218,0,0,0,0,0,1
65,74900.0,24.4,MORTGAGE,24000.0,debt_consolidation,36,1775.62,88445.02,0.778,6,1,401,0,0,0,0,0,1
40,73900.0,2.8,MORTGAGE,18500.0,debt_consolidation,36,853.97,46438.53,0.653,3,0,211,0,0,0,0,0,1
43,30200.0,5.5,MORTGAGE,6200.0,medical,60,546.73,16850.72,0.374,8,1,121,0,0,0,0,0,1
30,45400.0,5.2,MORTGAGE,12800.0,small_business,60,1065.96,22543.51,0.846,10,0,86,0,0,0,0,0,1
31,73200.0,3.5,RENT,19100.0,debt_consolidation,60,1152.4,29406.7,0.732,9,3,134,0,0,0,0,0,1
61,45700.0,6.7,MORTGAGE,8700.0,medical,36,733.8,23381.37,0.379,8,2,189,0,0,0,0,0,1
61,147100.0,1.1,MORTGAGE,36400.0,small_business,36,2418.15,50906.97,0.526,14,1,484,0,0,0,0,0,1
25,56300.0,1.7,RENT,11000.0,major_purchase,36,1084.53,23156.66,0.562,8,0,56,0,0,0,0,0,0
21,38900.0,0.5,MORTGAGE,12200.0,debt_consolidation,60,706.37,14779.74,0.12,9,0,25,0,0,0,0,0,1
37,35800.0,9.2,RENT,13700.0,debt_consolidation,36,307.07,7325.13,0.753,4,1,70,1,0,0,0,0,1
42,61500.0,14.8,MORTGAGE,22400.0,credit_card,36,1887.6,54364.02,0.626,5,2,109,0,0,0,0,0,1
54,105700.0,16.7,OWN,19700.0,debt_consolidation,36,3199.84,143957.64,0.373,7,0,409,0,0,0,0,0,1
65,39500.0,27.6,MORTGAGE,10000.0,credit_card,36,587.37,21325.41,0.456,4,1,520,0,0,0,0,0,1
61,37200.0,4.4,OWN,2000.0,debt_consolidation,36,651.43,26201.48,0.447,3,1,268,0,0,0,0,0,1
49,48200.0,22.1,RENT,19200.0,major_purchase,36,691.35,27381.63,0.489,11,2,352,0,0,0,0,0,1
24,63800.0,2.0,MORTGAGE,9500.0,debt_consolidation,36,1873.62,109655.14,0.495,7,0,26,0,0,0,0,1,0
25,37000.0,2.5,MORTGAGE,8400.0,credit_card,36,1022.86,39519.52,0.3,4,2,28,0,0,0,0,0,1
31,70700.0,4.1,MORTGAGE,7800.0,medical,60,733.95,30228.84,0.106,6,1,88,0,0,0,0,0,1
71,155800.0,8.9,RENT,50000.0,small_business,36,4310.21,213414.34,0.119,12,1,353,0,0,0,0,0,1
41,65700.0,2.7,MORTGAGE,17600.0,home_improvement,36,1438.03,63118.73,0.494,14,1,96,0,0,0,0,0,1
55,52900.0,4.9,RENT,10400.0,credit_card,36,1666.18,33701.91,0.441,10,2,201,0,0,0,0,0,1
32,122400.0,4.5,RENT,32300.0,debt_consolidation,36,2903.03,52732.2,0.121,17,3,63,0,0,0,0,0,1
46,35100.0,10.2,MORTGAGE,4100.0,debt_consolidation,36,525.55,9160.71,0.22,5,0,125,2,0,0,0,0,1
71,88600.0,32.1,MORTGAGE,31900.0,debt_consolidation,36,1976.81,62399.96,0.165,5,3,550,0,0,0,0,0,1
39,67200.0,8.4,OWN,10500.0,debt_consolidation,36,1358.84,34950.9,0.687,4,1,165,0,0,0,0,0,1
65,167900.0,28.3,MORTGAGE,49700.0,small_business,36,2107.7,113359.85,0.311,11,1,377,0,0,0,0,0,1
27,131900.0,1.5,MORTGAGE,50000.0,debt_consolidation,36,2127.31,117459.92,0.527,8,1,47,0,0,0,0,0,1
67,22600.0,16.9,RENT,1500.0,debt_consolidation,36,869.17,30488.09,0.198,10,2,294,0,0,0,0,0,1
27,74200.0,5.5,RENT,15200.0,credit_card,36,990.66,37794.97,0.632,8,2,82,0,0,0,0,0,1
46,29700.0,2.3,MORTGAGE,3100.0,home_improvement,36,548.02,12922.71,0.46,5,0,239,0,1,0,1,0,0
60,123900.0,6.9,RENT,50000.0,debt_consolidation,60,2697.19,49481.24,0.472,8,2,321,0,0,0,1,0,0
25,39200.0,3.6,MORTGAGE,7600.0,debt_consolidation,36,650.57,17582.53,0.131,8,1,40,1,0,0,1,0,1
41,102000.0,9.5,RENT,13800.0,credit_card,36,1873.11,49147.39,0.575,6,1,217,0,0,0,0,0,1
34,124700.0,9.0,RENT,40000.0,credit_card,36,2046.51,84520.93,0.318,6,2,72,0,0,0,0,0,1
24,24300.0,0.8,MORTGAGE,6500.0,credit_card,36,492.3,14275.88,0.218,10,3,36,0,1,0,0,0,1
43,148800.0,2.0,MORTGAGE,50000.0,debt_consolidation,36,1078.42,23612.96,0.702,5,1,259,0,0,0,0,0,1
62,122700.0,9.6,RENT,43100.0,debt_consolidation,36,1613.45,91426.99,0.284,11,0,396,0,0,0,0,0,1
40,37100.0,14.0,RENT,16300.0,debt_consolidation,36,220.53,3812.69,0.215,6,3,199,0,0,0,0,0,1
35,125300.0,10.9,OWN,10800.0,credit_card,36,2268.65,100434.51,0.316,10,3,84,0,0,0,0,0,1
70,34200.0,11.6,MORTGAGE,2800.0,debt_consolidation,36,1061.55,31585.29,0.298,10,2,288,0,0,0,0,0,1
65,109100.0,28.3,MORTGAGE,45100.0,medical,36,999.6,44600.99,0.31,10,0,336,0,0,0,0,0,1
49,62900.0,16.1,RENT,27200.0,credit_card,36,1319.38,46411.98,0.696,8,0,139,0,0,0,0,0,1
28,30300.0,3.1,MORTGAGE,6400.0,credit_card,36,748.66,44132.54,0.358,6,1,83,0,0,0,0,1,0
61,149000.0,7.7,RENT,34600.0,debt_consolidation,36,2823.75,63937.56,0.422,9,4,446,2,1,1,0,0,0
68,148800.0,17.7,RENT,29400.0,debt_consolidation,36,2528.96,55741.72,0.844,11,0,335,0,0,0,0,0,1
39,73600.0,0.5,RENT,26600.0,debt_consolidation,36,2265.99,63807.53,0.303,8,3,185,0,0,0,0,0,1
68,67000.0,11.2,RENT,24000.0,debt_consolidation,36,1942.77,50216.67,0.521,4,1,270,0,0,0,0,0,0
59,53100.0,12.4,OWN,7300.0,credit_card,36,1518.98,72657.76,0.217,9,1,376,0,0,0,0,0,0
66,89700.0,4.4,MORTGAGE,18300.0,home_improvement,60,2706.59,102737.6,0.287,10,3,286,0,0,0,0,0,1
48,82900.0,6.0,MORTGAGE,11200.0,small_business,36,1224.56,42773.09,0.408,10,1,277,0,0,0,0,0,1
66,153200.0,7.3,OWN,10500.0,home_improvement,60,1774.09,59902.17,0.605,7,0,467,0,0,0,0,0,1
47,74300.0,3.6,RENT,5400.0,major_purchase,36,2433.26,100862.86,0.613,9,2,138,0,0,0,0,0,1
24,142900.0,2.7,RENT,15500.0,auto,36,2677.08,159805.96,0.378,9,0,28,0,0,0,0,0,1
35,23800.0,9.8,RENT,1500.0,medical,36,933.95,40686.73,0.768,6,1,84,0,0,0,0,0,0
55,103300.0,9.0,OWN,22700.0,credit_card,36,1123.44,58806.9,0.749,8,1,378,0,0,0,0,0,1
57,73000.0,11.4,MORTGAGE,5500.0,debt_consolidation,36,974.0,42044.43,0.304,8,1,305,0,0,1,0,0,0
21,80600.0,0.4,MORTGAGE,31400.0,debt_consolidation,60,1426.62,74431.38,0.222,8,3,25,0,0,0,0,0,1
23,179900.0,0.8,MORTGAGE,50000.0,auto,60,829.26,32400.94,0.652,1,0,46,0,0,0,0,0,0
67,121700.0,10.5,RENT,44200.0,debt_consolidation,36,887.23,16935.83,0.26,13,1,402,1,1,0,0,0,1
44,54600.0,7.1,RENT,16200.0,debt_consolidation,36,937.0,31528.45,0.561,11,0,258,0,0,0,0,0,0
47,41400.0,0.7,MORTGAGE,13100.0,debt_consolidation,60,233.49,13573.66,0.662,5,1,173,0,0,0,0,0,1
60,23100.0,10.8,MORTGAGE,2200.0,home_improvement,36,426.0,21242.92,0.149,6,0,210,0,0,0,0,0,1
56,84800.0,14.4,RENT,6200.0,major_purchase,36,747.29,34171.22,0.874,5,1,160,1,0,0,0,0,1
54,130200.0,4.5,RENT,50000.0,credit_card,60,3015.11,66784.64,0.389,14,4,158,0,0,0,0,1,0
49,132900.0,6.0,MORTGAGE,26500.0,debt_consolidation,60,3021.41,56782.66,0.214,10,0,211,0,0,0,0,0,1
44,53000.0,8.6,RENT,3700.0,home_improvement,36,146.8,3961.0,0.297,5,1,280,0,0,0,1,0,1
44,131700.0,14.8,MORTGAGE,15000.0,credit_card,36,3315.66,160098.8,0.417,9,0,182,0,0,0,0,0,1
62,133100.0,12.0,MORTGAGE,50000.0,debt_consolidation,36,1744.83,77664.93,0.259,9,1,344,0,0,0,0,0,0
24,112600.0,1.2,MORTGAGE,14900.0,major_purchase,36,5154.1,92456.98,0.461,12,1,41,0,0,0,0,0,0
23,68100.0,0.4,MORTGAGE,16100.0,credit_card,60,1265.44,22565.82,0.438,6,0,34,0,0,0,0,0,1
54,64500.0,10.4,MORTGAGE,20400.0,debt_consolidation,36,1201.21,34472.33,0.181,13,1,400,0,0,0,0,0,1
69,88800.0,19.0,RENT,38700.0,debt_consolidation,36,887.29,52052.09,0.888,11,3,461,0,0,0,0,0,0
43,96300.0,6.7,MORTGAGE,5400.0,debt_consolidation,36,1463.29,31728.26,0.391,7,0,174,0,0,0,0,0,1
43,51000.0,1.1,RENT,12500.0,small_business,36,267.28,8968.78,0.673,8,0,173,0,0,0,0,0,1
65,54200.0,14.2,MORTGAGE,24300.0,credit_card,36,1461.4,63174.81,0.518,4,2,350,0,0,1,1,0,0
25,76700.0,0.7,MORTGAGE,7600.0,debt_consolidation,36,678.44,27820.79,0.701,11,0,61,0,0,0,0,0,1
51,47100.0,0.2,MORTGAGE,4700.0,debt_consolidation,36,706.83,22242.63,0.417,10,1,233,0,0,1,0,0,1
61,50000.0,5.6,MORTGAGE,4200.0,credit_card,36,1023.05,25060.55,0.756,7,1,462,0,0,0,0,0,1
26,25100.0,2.9,RENT,6400.0,debt_consolidation,36,277.34,15779.96,0.454,10,1,36,0,0,0,1,0,1
57,38000.0,5.7,MORTGAGE,7200.0,credit_card,36,1193.87,20202.22,0.541,9,1,231,0,0,0,0,0,1
30,99700.0,4.0,RENT,33500.0,debt_consolidation,36,1000.87,20199.88,0.462,4,1,91,0,0,0,1,0,1
60,115100.0,11.8,RENT,32100.0,small_business,60,1438.09,28533.1,0.087,16,2,390,0,1,0,0,0,1
27,64800.0,2.0,MORTGAGE,18300.0,home_improvement,60,1269.25,46200.14,0.152,6,3,72,0,0,0,0,0,0
59,102200.0,7.0,RENT,26000.0,debt_consolidation,36,1262.95,58423.04,0.379,3,1,329,0,0,0,0,0,1
58,19400.0,23.2,MORTGAGE,8700.0,debt_consolidation,60,395.41,14595.7,0.557,13,0,405,0,0,0,0,0,1
41,83700.0,14.2,MORTGAGE,22200.0,credit_card,36,2279.79,103690.91,0.114,8,1,139,0,0,0,0,0,1
40,29700.0,6.9,MORTGAGE,2300.0,credit_card,36,665.63,34915.04,0.789,7,1,96,0,0,0,0,0,1
23,41700.0,1.1,MORTGAGE,7500.0,home_improvement,36,891.97,14606.77,0.263,5,1,37,1,0,0,0,0,1
71,94600.0,5.3,MORTGAGE,34300.0,small_business,36,1149.32,66354.01,0.605,7,0,298,0,0,1,0,0,1
42,103800.0,6.7,OWN,31300.0,debt_consolidation,60,2337.37,118736.56,0.262,10,0,250,0,0,0,0,0,1
67,23200.0,13.9,MORTGAGE,7500.0,debt_consolidation,36,296.85,7052.59,0.16,8,1,349,0,0,0,0,0,1
24,26400.0,0.5,MORTGAGE,11100.0,credit_card,60,320.2,13336.76,0.218,7,2,43,0,0,0,0,0,1
48,45800.0,19.7,MORTGAGE,10400.0,home_improvement,36,889.98,32592.98,0.374,8,2,190,0,0,0,0,0,1
32,24700.0,4.3,OWN,1400.0,home_improvement,36,469.12,14138.28,0.218,10,2,125,0,0,0,0,0,1
58,52700.0,15.7,RENT,23500.0,debt_consolidation,36,743.44,41917.62,0.346,7,1,152,0,0,0,0,0,1
71,106600.0,15.5,MORTGAGE,24700.0,medical,36,1046.19,46068.27,0.788,6,0,312,0,0,0,0,0,1
56,28200.0,15.9,RENT,2500.0,debt_consolidation,60,496.69,17195.71,0.307,5,3,139,0,0,0,0,1,1
67,200200.0,10.8,RENT,50000.0,debt_consolidation,36,4872.07,243333.35,0.41,6,0,271,0,0,0,0,0,1
61,57300.0,18.8,OWN,16400.0,debt_consolidation,36,573.9,19391.24,0.692,6,1,401,0,0,0,0,0,1
25,81200.0,0.8,RENT,22400.0,debt_consolidation,36,3045.24,179732.35,0.417,3,1,67,0,0,0,0,0,1
33,37600.0,7.3,MORTGAGE,16400.0,small_business,36,690.69,28822.73,0.391,11,0,89,0,0,0,0,0,1
43,117300.0,5.6,MORTGAGE,20900.0,debt_consolidation,36,1582.44,30796.93,0.419,9,1,274,0,0,0,0,0,1
70,75300.0,22.3,MORTGAGE,4800.0,credit_card,60,1465.83,60176.8,0.399,9,1,525,0,0,0,0,0,1
50,76100.0,10.1,MORTGAGE,31800.0,debt_consolidation,60,1549.95,69148.38,0.38,7,2,209,0,0,0,0,0,1
57,81900.0,4.9,RENT,10400.0,debt_consolidation,36,1974.96,43309.53,0.394,7,0,308,0,0,0,0,0,1
45,32500.0,16.1,MORTGAGE,11400.0,medical,36,635.19,30885.11,0.066,5,2,235,0,0,0,0,0,1
68,82900.0,13.7,RENT,10900.0,small_business,36,535.37,24368.72,0.287,10,3,222,0,0,0,0,1,1
47,97500.0,9.5,MORTGAGE,37200.0,debt_consolidation,36,277.22,5001.89,0.118,5,1,238,0,0,0,0,0,1
71,28500.0,24.4,MORTGAGE,11800.0,credit_card,36,161.48,5269.87,0.41,13,1,522,0,0,0,0,1,1
34,57100.0,7.3,RENT,5300.0,major_purchase,60,1618.93,93241.49,0.127,10,0,142,0,0,0,0,0,1
68,55900.0,28.6,MORTGAGE,6100.0,small_business,60,1135.5,23862.33,0.621,4,3,389,0,0,0,0,0,1
67,67700.0,9.9,RENT,28400.0,home_improvement,36,1826.27,68513.25,0.437,6,1,428,0,0,0,0,0,1
56,98400.0,6.7,RENT,35300.0,credit_card,36,2093.48,104712.21,0.3,6,2,140,0,0,0,0,0,0
59,103800.0,11.4,RENT,6800.0,credit_card,36,1216.2,24034.68,0.127,8,1,247,1,0,1,0,0,1
36,62600.0,9.6,RENT,7700.0,debt_consolidation,60,511.86,26464.57,0.569,7,2,183,0,0,0,1,0,0
42,111900.0,16.0,MORTGAGE,24000.0,credit_card,60,1349.47,53775.68,0.346,10,0,127,0,0,0,0,0,1
41,31000.0,9.2,RENT,12300.0,credit_card,36,833.88,27074.49,0.26,10,1,207,1,0,0,0,0,1
41,76400.0,0.6,OWN,8400.0,major_purchase,36,1638.13,32542.16,0.251,7,1,108,0,0,0,0,0,1
28,21900.0,5.8,OWN,7400.0,debt_consolidation,36,569.09,19217.07,0.333,9,0,45,0,0,1,0,0,0
69,50300.0,21.9,MORTGAGE,4200.0,debt_consolidation,36,1009.21,43517.75,0.205,15,2,454,0,0,0,0,0,1
36,86200.0,3.8,MORTGAGE,20400.0,debt_consolidation,36,1090.22,53280.45,0.225,8,3,109,0,0,0,0,0,0
51,98000.0,9.4,OWN,33500.0,credit_card,36,2279.62,82270.15,0.171,3,4,272,0,0,0,0,0,1
62,77800.0,15.1,MORTGAGE,5900.0,home_improvement,60,1223.03,45707.74,0.181,5,2,341,0,0,0,0,0,1
30,157300.0,7.0,RENT,20700.0,debt_consolidation,36,854.2,41169.85,0.328,12,0,132,0,0,0,0,0,0
52,70200.0,17.7,MORTGAGE,25700.0,home_improvement,36,2330.12,75976.69,0.623,15,3,366,0,0,0,0,0,1
54,25900.0,1.5,RENT,3000.0,credit_card,60,254.61,5083.7,0.254,5,3,166,1,1,0,0,0,0
29,18900.0,3.0,MORTGAGE,6000.0,debt_consolidation,36,151.24,8283.19,0.321,5,1,53,1,0,0,0,1,1
37,38300.0,2.2,MORTGAGE,11800.0,debt_consolidation,60,1136.68,63595.33,0.164,11,4,109,0,0,0,0,0,0
31,38200.0,6.7,MORTGAGE,9900.0,major_purchase,36,715.51,23148.21,0.301,10,1,116,0,0,0,0,0,1
52,67600.0,16.9,RENT,8800.0,credit_card,36,1240.2,73652.53,0.352,4,0,192,0,0,0,0,0,1
30,48900.0,1.8,RENT,10600.0,home_improvement,36,760.3,24922.68,0.676,7,2,101,0,1,0,0,0,0
42,39200.0,8.0,MORTGAGE,11700.0,medical,60,985.84,47825.15,0.198,6,1,194,0,0,0,0,0,1
37,48000.0,10.9,MORTGAGE,19300.0,debt_consolidation,36,605.48,22818.68,0.385,3,2,144,0,0,0,0,1,1
24,54900.0,2.0,MORTGAGE,20300.0,debt_consolidation,36,1643.48,96432.33,0.597,10,6,25,0,0,0,0,0,1
68,41800.0,14.3,MORTGAGE,12200.0,debt_consolidation,36,1442.78,81460.42,0.393,5,1,378,0,0,0,0,0,1
67,67600.0,11.8,MORTGAGE,9600.0,debt_consolidation,36,595.51,28977.03,0.197,9,1,389,0,0,0,0,0,1
45,111400.0,8.5,MORTGAGE,15200.0,small_business,36,3206.64,186511.72,0.253,4,0,237,0,0,0,0,0,1
41,46300.0,14.6,RENT,17400.0,debt_consolidation,60,288.7,6055.6,0.104,8,0,242,0,0,0,0,0,1
57,69300.0,7.5,MORTGAGE,21900.0,debt_consolidation,36,467.61,24271.66,0.113,9,1,423,0,0,0,0,0,1
58,206600.0,21.0,OWN,39900.0,debt_consolidation,60,4538.11,135940.55,0.715,6,2,254,0,0,0,0,0,1
69,75700.0,3.7,MORTGAGE,33200.0,medical,36,519.98,26405.02,0.443,8,0,370,0,0,0,0,0,1
21,120500.0,0.4,MORTGAGE,48900.0,credit_card,36,2434.39,124003.18,0.303,8,1,26,0,0,0,0,0,1
45,51000.0,1.3,RENT,16200.0,home_improvement,36,407.38,18879.57,0.318,8,0,262,0,0,0,0,0,1
71,125900.0,23.6,OWN,24900.0,debt_consolidation,36,825.45,27505.55,0.02,8,1,495,0,0,0,0,0,1
56,42500.0,18.6,MORTGAGE,7400.0,debt_consolidation,36,1120.68,21698.03,0.59,13,0,170,0,1,0,0,0,1
37,92100.0,3.0,RENT,39200.0,small_business,60,561.39,27503.74,0.503,6,1,143,0,0,0,0,0,1
61,119700.0,26.5,RENT,27200.0,credit_card,36,1526.4,42688.17,0.795,5,0,183,1,0,0,0,0,1
44,154500.0,12.8,MORTGAGE,50000.0,debt_consolidation,36,2502.14,59345.43,0.264,10,0,296,0,0,0,0,0,1
22,70900.0,0.6,RENT,30200.0,credit_card,36,1874.64,31256.37,0.201,10,1,14,0,0,0,0,0,0
60,57000.0,21.5,MORTGAGE,14100.0,credit_card,36,1176.6,62258.91,0.089,13,1,418,0,0,0,0,1,1
35,30900.0,0.2,MORTGAGE,9600.0,debt_consolidation,36,102.16,3629.29,0.137,8,2,75,0,0,0,0,0,1
52,63500.0,21.7,MORTGAGE,5400.0,credit_card,36,1611.92,60286.35,0.649,9,4,229,0,0,0,0,0,1
59,103000.0,2.3,MORTGAGE,32000.0,debt_consolidation,36,1207.59,49882.13,0.589,8,2,197,2,0,0,0,0,1
26,97100.0,0.9,MORTGAGE,13200.0,small_business,60,1543.18,72040.73,0.26,10,1,41,0,0,0,0,1,1
21,65500.0,0.0,RENT,20800.0,credit_card,60,1708.76,61578.13,0.249,6,2,34,0,0,0,0,0,0
67,81100.0,16.6,MORTGAGE,7300.0,major_purchase,60,1743.58,92000.39,0.138,5,2,369,0,0,0,0,0,1
43,165900.0,1.8,RENT,41200.0,debt_consolidation,36,2611.14,118652.41,0.284,7,2,228,0,0,0,0,0,1
59,96200.0,18.8,RENT,24900.0,credit_card,36,1010.67,50243.05,0.52,4,0,345,0,0,0,0,0,1
37,58200.0,5.7,MORTGAGE,14200.0,home_improvement,60,1947.15,46017.06,0.527,9,0,143,0,0,0,0,0,1
54,66100.0,1.9,MORTGAGE,23300.0,credit_card,60,1012.38,54377.43,0.422,10,3,173,0,0,0,0,0,1
61,96000.0,14.2,MORTGAGE,33800.0,credit_card,36,1942.68,101688.39,0.21,8,2,419,0,0,0,0,0,1
49,91800.0,5.6,MORTGAGE,30500.0,credit_card,36,1433.6,70540.22,0.476,4,1,298,0,0,0,0,0,1
29,229000.0,4.8,RENT,50000.0,credit_card,60,1255.65,21545.38,0.171,8,3,47,0,0,0,0,0,1
33,164000.0,1.5,RENT,50000.0,small_business,36,6389.88,343102.2,0.472,12,1,146,0,0,0,0,0,0
26,37700.0,1.5,RENT,10600.0,credit_card,36,407.52,13887.24,0.375,10,2,88,0,0,0,0,0,0
26,46300.0,1.3,RENT,8800.0,major_purchase,36,858.08,48702.64,0.128,6,1,48,0,0,0,0,0,1
40,133700.0,7.6,MORTGAGE,9900.0,small_business,36,1052.16,23712.42,0.218,10,1,141,1,0,0,0,0,1
23,43200.0,0.6,RENT,11400.0,home_improvement,36,775.08,14489.86,0.607,7,2,50,0,0,0,0,0,1
37,72600.0,10.9,MORTGAGE,10200.0,major_purchase,36,2934.63,69634.61,0.68,8,2,191,0,0,0,0,0,1
69,161700.0,24.6,OWN,33100.0,credit_card,36,2883.22,45608.8,0.084,8,1,489,0,0,0,0,0,1
32,78600.0,5.1,MORTGAGE,5500.0,small_business,36,979.59,42337.35,0.472,5,1,123,0,0,0,0,0,1
68,113600.0,32.0,MORTGAGE,34800.0,debt_consolidation,36,2325.56,39335.74,0.836,8,1,370,1,0,0,0,0,1
67,74700.0,1.3,MORTGAGE,30200.0,debt_consolidation,36,2241.4,121247.85,0.087,8,1,511,0,0,0,0,0,1
65,63600.0,21.5,RENT,11500.0,home_improvement,36,538.76,23308.07,0.308,6,1,465,1,0,0,0,1,1
21,24000.0,0.5,MORTGAGE,8900.0,debt_consolidation,60,990.9,19786.07,0.63,8,2,16,0,1,0,0,0,0
37,76200.0,3.5,RENT,7700.0,credit_card,36,3481.55,64833.4,0.358,5,2,108,2,1,0,0,0,1
23,49400.0,1.2,RENT,16800.0,debt_consolidation,36,956.04,27016.76,0.577,12,2,29,0,0,0,0,0,1
46,138500.0,11.2,RENT,11300.0,medical,36,2752.61,81365.11,0.313,9,1,289,0,0,0,0,0,1
35,18000.0,1.3,RENT,2800.0,credit_card,60,28.63,606.52,0.452,9,0,103,0,0,0,0,0,1
56,50100.0,16.4,MORTGAGE,9700.0,debt_consolidation,36,780.68,17707.13,0.225,9,1,241,0,0,0,0,0,1
52,142000.0,19.2,RENT,16000.0,credit_card,36,467.61,21160.97,0.368,7,0,345,0,0,0,0,0,1
52,194100.0,8.5,OWN,24000.0,home_improvement,36,2812.02,103437.51,0.517,6,0,332,0,0,0,0,0,1
24,124700.0,0.4,MORTGAGE,41100.0,major_purchase,36,2818.84,116730.92,0.867,6,2,45,0,0,0,0,0,1
38,95600.0,10.8,OWN,8400.0,credit_card,60,2297.4,108871.33,0.878,9,1,159,0,0,0,0,0,1
69,25600.0,6.2,MORTGAGE,10800.0,debt_consolidation,36,364.13,18697.33,0.583,9,2,292,0,0,0,0,0,1
39,36900.0,0.3,OWN,13200.0,major_purchase,36,660.56,16842.08,0.232,8,1,164,0,0,0,0,0,1
63,110300.0,9.9,RENT,21300.0,auto,36,3462.34,170459.01,0.057,11,1,249,0,0,0,0,0,1
55,32600.0,3.3,MORTGAGE,9800.0,debt_consolidation,36,390.1,7598.42,0.529,10,1,299,0,0,0,0,0,1
60,58200.0,15.9,RENT,19700.0,debt_consolidation,60,1654.81,28832.8,0.483,9,2,375,0,0,0,0,0,1
34,55800.0,1.3,MORTGAGE,16100.0,credit_card,36,1526.15,57817.69,0.301,5,1,135,0,0,0,0,0,1
53,83300.0,4.8,MORTGAGE,24800.0,credit_card,36,2724.34,129698.21,0.389,8,1,198,0,0,0,1,0,1
34,95700.0,1.1,MORTGAGE,39800.0,credit_card,36,2424.47,141711.86,0.406,5,1,168,0,0,0,0,0,1
54,18000.0,5.0,RENT,7200.0,debt_consolidation,36,157.43,5380.08,0.488,9,0,351,0,0,0,0,0,1
24,77400.0,0.2,MORTGAGE,32200.0,debt_consolidation,60,951.39,32094.74,0.232,13,2,47,0,0,0,0,0,1
44,45500.0,1.1,RENT,18400.0,credit_card,36,595.19,24979.29,0.127,8,0,250,0,0,0,0,0,1
49,89800.0,10.1,MORTGAGE,29100.0,debt_consolidation,36,3715.15,212114.76,0.317,13,2,229,0,0,0,0,0,1
39,24900.0,3.0,MORTGAGE,6100.0,debt_consolidation,36,422.57,19385.02,0.691,21,1,86,1,0,0,0,0,1
26,115700.0,1.4,OWN,28300.0,credit_card,60,1625.01,83280.89,0.323,9,2,72,0,0,0,0,0,1
53,44700.0,11.6,OWN,16000.0,debt_consolidation,36,951.9,36490.73,0.295,11,1,293,1,1,0,0,0,1
69,53500.0,5.4,RENT,22400.0,credit_card,60,956.22,43702.28,0.59,8,2,452,0,0,0,0,0,1
60,162300.0,26.9,OWN,13800.0,home_improvement,60,2401.83,48918.56,0.399,10,4,269,2,0,0,0,0,1
39,61400.0,3.9,OWN,24600.0,debt_consolidation,36,1481.69,52790.33,0.47,9,2,235,0,0,0,0,0,1
21,113900.0,0.2,MORTGAGE,44400.0,credit_card,36,1841.28,99974.82,0.498,12,1,15,3,0,0,0,0,1
25,65300.0,0.4,MORTGAGE,5600.0,credit_card,60,700.23,15634.09,0.442,5,2,29,0,0,1,0,1,1
47,165300.0,17.1,RENT,50000.0,debt_consolidation,36,2021.77,102262.28,0.663,2,1,116,0,0,0,0,0,0
36,79800.0,5.6,OWN,35000.0,home_improvement,36,2412.38,136289.77,0.378,7,2,102,1,0,0,0,0,1
26,87900.0,0.3,MORTGAGE,34300.0,debt_consolidation,60,739.75,41651.58,0.513,3,2,83,2,1,0,0,0,1
60,73100.0,11.1,OWN,5500.0,debt_consolidation,60,980.82,57397.68,0.481,9,0,414,0,0,0,0,0,1
33,56200.0,2.2,RENT,23600.0,debt_consolidation,36,879.13,20176.97,0.497,7,0,169,0,0,0,0,1,1
68,107100.0,20.9,MORTGAGE,12800.0,credit_card,36,1560.76,88741.42,0.51,12,2,314,0,0,0,0,0,1
55,43900.0,28.3,RENT,3500.0,credit_card,36,119.39,5580.18,0.253,15,2,349,0,0,0,0,0,1
39,98800.0,7.8,RENT,13900.0,debt_consolidation,36,1955.69,117265.68,0.204,9,0,223,0,0,0,0,0,1
32,112300.0,2.9,OWN,27300.0,medical,36,2147.55,122606.24,0.454,6,2,93,0,0,0,0,0,1
36,88900.0,7.8,MORTGAGE,33400.0,debt_consolidation,36,796.44,36148.6,0.571,10,1,65,0,0,0,0,0,1
63,39400.0,26.2,MORTGAGE,6200.0,debt_consolidation,36,789.76,44236.5,0.602,10,1,181,1,0,0,0,0,1
30,84600.0,2.5,MORTGAGE,17400.0,debt_consolidation,60,1133.23,30583.33,0.143,6,1,52,0,0,0,0,0,1
45,117800.0,5.9,OWN,12500.0,debt_consolidation,36,3848.98,195717.0,0.569,5,1,165,0,0,1,0,0,1
40,33000.0,8.3,MORTGAGE,5500.0,auto,60,999.84,38644.09,0.536,9,1,224,0,0,0,0,0,1
51,28600.0,13.9,RENT,11700.0,home_improvement,36,591.61,30192.13,0.192,6,0,127,1,0,0,0,0,1
24,105300.0,1.3,MORTGAGE,33900.0,home_improvement,36,1497.61,83060.21,0.506,10,3,57,0,0,0,0,0,1
64,46400.0,3.1,RENT,14800.0,debt_consolidation,36,481.1,22646.98,0.436,10,1,333,0,0,0,0,0,1
43,99800.0,7.3,MORTGAGE,15000.0,debt_consolidation,36,1129.62,45072.75,0.672,8,0,131,0,0,0,0,0,1
22,169600.0,0.3,RENT,18400.0,auto,36,2401.17,39615.27,0.638,3,0,31,0,0,0,0,0,1
42,29500.0,2.0,MORTGAGE,11900.0,debt_consolidation,60,246.11,9577.9,0.318,6,1,137,1,1,0,0,0,1
71,28100.0,6.2,MORTGAGE,12000.0,debt_consolidation,60,180.45,4233.89,0.738,6,3,543,0,0,0,0,0,1
57,102900.0,8.6,MORTGAGE,7400.0,debt_consolidation,36,2811.55,152058.02,0.035,3,1,346,0,0,0,0,1,1
28,136200.0,0.7,MORTGAGE,35700.0,debt_consolidation,36,3288.79,145090.81,0.086,6,0,37,0,0,0,0,0,0
27,169900.0,2.3,OWN,38400.0,credit_card,36,3460.44,90335.16,0.252,15,1,101,0,0,0,0,1,1
34,103100.0,4.6,RENT,35600.0,debt_consolidation,36,3074.33,100640.48,0.041,9,3,72,2,0,0,0,0,1
23,61500.0,1.8,MORTGAGE,10500.0,major_purchase,60,972.12,28607.48,0.613,6,1,26,0,1,0,1,1,0
70,69800.0,3.6,RENT,20800.0,debt_consolidation,60,1201.46,67956.75,0.422,9,1,484,0,0,0,0,0,0
36,79600.0,5.4,MORTGAGE,6600.0,debt_consolidation,36,1736.88,99578.68,0.517,4,2,201,0,0,0,0,0,1
39,167000.0,6.0,RENT,50000.0,major_purchase,36,2779.82,146677.69,0.505,11,1,103,0,0,0,0,0,1
71,77700.0,3.6,MORTGAGE,11300.0,credit_card,60,1969.39,58984.75,0.664,9,0,500,0,0,0,0,0,1
38,45300.0,2.7,RENT,8000.0,home_improvement,36,1715.55,84239.45,0.245,8,1,206,0,0,0,0,0,1
36,74800.0,6.9,MORTGAGE,15100.0,debt_consolidation,36,546.83,22635.21,0.692,7,1,90,0,0,0,0,0,1
28,28000.0,3.7,RENT,3700.0,debt_consolidation,60,650.84,19090.94,0.382,7,1,101,0,1,0,0,0,1
53,48800.0,1.8,RENT,18200.0,major_purchase,36,1052.44,59802.98,0.349,9,1,303,0,0,0,0,0,1
69,55900.0,3.1,MORTGAGE,4300.0,home_improvement,36,455.16,16066.71,0.377,6,2,400,1,1,0,0,1,0
32,53400.0,1.8,RENT,22600.0,debt_consolidation,36,458.93,12071.16,0.36,7,2,123,0,0,0,0,0,1
31,27600.0,4.8,RENT,11700.0,debt_consolidation,36,392.67,9861.24,0.361,9,1,79,0,0,0,1,0,1
25,34500.0,0.7,MORTGAGE,13100.0,debt_consolidation,36,866.75,38244.75,0.683,6,1,32,0,0,0,0,0,1
47,65500.0,8.5,MORTGAGE,28200.0,major_purchase,36,1914.08,84667.96,0.341,14,3,106,0,0,0,0,0,0
32,104900.0,8.8,RENT,37200.0,home_improvement,36,2406.29,138210.38,0.15,4,2,130,0,0,0,0,0,1
37,52600.0,9.4,RENT,14500.0,credit_card,36,813.92,16401.99,0.484,7,0,94,0,0,0,0,0,1
26,69000.0,1.3,MORTGAGE,23400.0,home_improvement,60,455.1,10706.64,0.227,8,0,42,0,0,0,0,0,1
53,107200.0,23.9,MORTGAGE,5500.0,major_purchase,60,1247.17,30900.01,0.389,9,4,269,0,0,0,0,0,1
25,287500.0,1.1,RENT,50000.0,home_improvement,36,8004.89,260040.9,0.361,5,2,71,1,0,0,0,0,1
48,55600.0,1.3,RENT,3700.0,debt_consolidation,36,1439.25,54975.95,0.65,3,3,260,0,0,0,0,0,0
34,41700.0,11.2,RENT,16900.0,debt_consolidation,36,727.7,25977.49,0.267,12,0,119,0,1,0,0,0,0
25,102200.0,1.5,OWN,41800.0,home_improvement,36,621.23,35060.86,0.272,10,2,71,0,0,0,0,0,1
53,105700.0,4.9,MORTGAGE,10100.0,debt_consolidation,60,1973.23,90079.83,0.115,11,1,193,0,0,0,0,0,1
70,32200.0,30.7,RENT,10400.0,home_improvement,36,914.55,46778.28,0.58,9,0,430,0,0,0,0,0,1
68,35800.0,11.6,MORTGAGE,11400.0,debt_consolidation,36,1374.16,73157.77,0.155,9,0,253,2,0,0,0,0,1
61,31100.0,1.6,MORTGAGE,7800.0,debt_consolidation,36,782.23,29989.19,0.409,7,0,417,0,0,0,0,0,1
39,44600.0,4.3,RENT,2700.0,debt_consolidation,60,296.14,12709.51,0.343,7,2,108,0,0,0,0,0,1
42,106400.0,1.2,MORTGAGE,10200.0,debt_consolidation,36,156.26,4574.15,0.147,9,0,136,0,0,0,0,0,1
25,80500.0,3.3,MORTGAGE,25300.0,debt_consolidation,60,1273.89,62813.82,0.981,5,1,49,2,0,0,0,0,1
22,72600.0,1.1,RENT,19000.0,debt_consolidation,60,1121.11,50036.33,0.444,11,2,30,0,0,0,0,0,1
50,38600.0,7.4,OWN,2600.0,debt_consolidation,36,914.79,35641.64,0.468,6,1,147,0,0,0,0,0,1
67,36900.0,13.3,MORTGAGE,9500.0,debt_consolidation,36,408.28,10524.6,0.427,8,1,388,0,0,0,0,0,1
59,68900.0,13.6,MORTGAGE,26800.0,major_purchase,36,1197.21,65475.53,0.769,11,0,426,0,0,0,0,0,1
24,64400.0,1.7,OWN,26200.0,debt_consolidation,36,450.17,12376.46,0.587,8,0,35,0,0,0,0,0,1
53,86600.0,9.0,RENT,28500.0,debt_consolidation,36,1073.28,40207.95,0.171,5,5,278,0,0,0,0,0,1
33,142000.0,2.4,MORTGAGE,44700.0,credit_card,36,1686.15,78997.21,0.183,11,1,57,0,0,0,0,1,0
40,35400.0,13.5,MORTGAGE,12700.0,major_purchase,36,557.33,12867.68,0.226,7,2,240,0,0,0,0,0,1
27,61000.0,3.6,MORTGAGE,6300.0,debt_consolidation,36,1387.58,78342.06,0.733,8,5,91,0,1,0,0,0,0
35,70400.0,5.1,RENT,8900.0,debt_consolidation,36,740.9,15015.67,0.637,10,0,193,0,0,0,0,0,1
43,73600.0,5.9,MORTGAGE,18000.0,small_business,36,551.09,26892.02,0.343,9,4,177,1,0,0,0,0,1
34,68900.0,1.7,RENT,15900.0,debt_consolidation,36,2189.19,116570.26,0.357,8,3,117,0,0,0,0,0,1
43,64900.0,1.4,MORTGAGE,8000.0,small_business,60,803.26,35224.29,0.182,8,1,199,0,0,0,0,0,1
39,73400.0,7.7,MORTGAGE,23600.0,credit_card,36,969.39,18296.77,0.499,10,4,207,0,0,0,0,0,1
49,87900.0,2.7,MORTGAGE,30500.0,credit_card,60,2354.97,41552.56,0.44,6,2,200,0,0,0,0,0,1
40,44900.0,1.7,MORTGAGE,7100.0,credit_card,36,796.83,38497.86,0.075,7,3,109,0,0,0,0,0,1
49,85700.0,4.3,RENT,15000.0,debt_consolidation,36,460.49,21245.21,0.478,5,1,322,0,0,0,0,0,1
44,87800.0,14.4,RENT,13400.0,debt_consolidation,36,590.97,34545.29,0.185,7,1,144,0,0,0,0,0,1
38,75300.0,5.7,MORTGAGE,12200.0,debt_consolidation,36,1754.64,93464.42,0.553,7,1,169,2,1,0,0,0,0
30,157500.0,3.6,RENT,30800.0,home_improvement,36,1213.33,22157.91,0.41,5,1,103,1,0,0,0,0,1
61,74500.0,28.3,RENT,16900.0,medical,60,1956.27,62925.99,0.506,12,1,238,0,0,0,0,0,1
28,80900.0,0.7,OWN,19700.0,debt_consolidation,60,2655.04,112023.66,0.198,10,2,66,0,0,0,0,1,0
46,38700.0,8.3,MORTGAGE,9400.0,debt_consolidation,36,94.06,1852.84,0.446,7,0,252,2,1,0,0,0,1
49,117200.0,1.3,MORTGAGE,34800.0,credit_card,36,947.97,24410.66,0.383,5,1,119,0,0,0,0,0,1
30,189700.0,5.7,RENT,35600.0,debt_consolidation,36,3387.34,72733.09,0.794,4,1,103,0,0,0,0,0,1
37,72100.0,10.6,RENT,18100.0,debt_consolidation,36,789.98,33267.71,0.617,6,2,96,0,0,0,0,0,1
22,21300.0,0.5,MORTGAGE,5400.0,medical,36,388.43,18206.19,0.067,9,2,32,1,0,1,0,1,0
26,119500.0,1.4,MORTGAGE,10600.0,medical,36,1111.37,25803.68,0.375,5,0,66,0,0,0,0,0,1
25,140500.0,3.4,OWN,42400.0,small_business,36,4588.27,246361.77,0.196,5,0,50,0,0,0,0,0,1
48,74500.0,7.2,MORTGAGE,12000.0,debt_consolidation,36,890.7,24910.31,0.65,9,1,213,0,0,0,0,0,1
61,49800.0,10.4,RENT,3400.0,debt_consolidation,36,1379.73,74340.61,0.389,12,1,295,0,0,0,0,0,1
25,133300.0,1.4,RENT,41200.0,credit_card,36,2924.35,130643.03,0.661,5,1,64,0,0,0,0,0,1
38,127900.0,1.6,RENT,8900.0,debt_consolidation,36,1014.69,46943.8,0.141,11,0,107,0,0,0,0,0,1
46,76000.0,5.2,RENT,17200.0,debt_consolidation,36,1634.93,50875.24,0.094,8,2,164,0,0,0,0,0,1
40,123800.0,10.8,MORTGAGE,36900.0,credit_card,60,2020.21,108589.63,0.39,7,0,159,0,0,0,0,0,1
61,44400.0,5.4,RENT,20000.0,home_improvement,60,588.15,25383.6,0.106,6,3,412,0,0,0,0,0,1
69,134700.0,8.2,RENT,34500.0,credit_card,36,3434.86,123911.39,0.379,5,2,412,0,0,0,0,0,1
47,76900.0,8.0,OWN,13600.0,debt_consolidation,60,1872.92,44511.65,0.256,7,1,110,0,0,0,0,0,1
69,56000.0,7.7,MORTGAGE,13800.0,credit_card,36,774.66,13817.48,0.188,8,5,445,1,0,0,0,0,1
32,70500.0,1.2,RENT,9000.0,credit_card,60,981.59,57212.39,0.317,6,1,127,0,0,0,0,0,1
27,103200.0,1.0,RENT,23200.0,debt_consolidation,36,2743.33,160921.5,0.514,9,1,73,4,0,0,0,0,0
23,78400.0,1.8,MORTGAGE,31300.0,debt_consolidation,36,1355.71,53646.91,0.886,7,0,52,0,0,0,0,0,1
30,181600.0,2.7,OWN,19000.0,credit_card,36,3526.05,118971.73,0.227,8,0,81,0,0,0,0,0,1
54,129000.0,13.8,MORTGAGE,33800.0,debt_consolidation,36,2899.3,150066.99,0.491,9,1,388,0,0,0,0,0,1
45,34700.0,11.3,MORTGAGE,10400.0,debt_consolidation,36,414.34,13808.41,0.291,7,1,298,0,0,0,0,0,1
55,110000.0,11.6,MORTGAGE,19300.0,debt_consolidation,36,3893.76,134447.24,0.03,13,1,351,0,0,0,0,0,1
36,115100.0,9.9,OWN,39600.0,major_purchase,36,1821.62,100805.08,0.501,4,1,197,0,0,0,0,0,1
22,92800.0,0.3,RENT,29300.0,credit_card,36,663.71,19642.64,0.781,3,2,29,0,0,0,0,0,1
44,39200.0,4.7,MORTGAGE,9200.0,debt_consolidation,36,207.4,5564.44,0.235,11,2,227,0,0,0,0,0,1
30,122500.0,5.3,MORTGAGE,37500.0,debt_consolidation,36,4966.52,285317.09,0.598,4,2,66,2,0,0,0,0,0
58,76400.0,5.1,RENT,29500.0,medical,60,1064.06,19930.04,0.119,4,2,359,0,0,0,0,0,1
42,37900.0,7.4,RENT,11000.0,medical,60,1375.74,28478.5,0.324,3,0,267,0,0,0,0,0,1
46,80500.0,11.7,MORTGAGE,22300.0,debt_consolidation,36,1933.38,70815.45,0.192,13,1,315,0,0,0,0,0,1
63,123300.0,14.0,RENT,36800.0,medical,36,1738.24,101971.86,0.108,7,3,369,0,0,0,0,0,1
59,41600.0,20.2,RENT,13300.0,credit_card,60,875.38,48881.92,0.555,6,1,265,0,0,0,0,0,1
47,41600.0,17.6,OWN,8800.0,home_improvement,36,953.47,48506.35,0.487,6,1,302,0,0,0,0,0,1
49,98800.0,12.7,MORTGAGE,38000.0,debt_consolidation,36,1449.49,65981.96,0.324,5,4,312,0,0,0,0,0,1
67,81000.0,4.7,MORTGAGE,34000.0,debt_consolidation,36,785.32,31947.58,0.164,5,4,411,0,0,0,0,0,1
58,104000.0,8.2,RENT,31100.0,credit_card,60,2127.66,87845.96,0.317,7,1,407,0,0,0,0,0,1
40,68800.0,4.0,MORTGAGE,27800.0,debt_consolidation,36,1151.07,49366.05,0.108,5,1,227,0,0,0,0,0,1
47,263000.0,12.9,MORTGAGE,50000.0,major_purchase,60,5784.03,141793.81,0.143,6,2,249,0,0,0,0,0,1
61,54500.0,7.8,RENT,11900.0,small_business,36,1079.88,17309.69,0.178,7,0,413,0,0,0,0,0,1
40,95600.0,0.4,RENT,23700.0,home_improvement,36,1038.32,26897.27,0.216,5,0,243,0,0,0,0,0,1
64,51500.0,29.4,RENT,14300.0,debt_consolidation,60,1179.26,60165.17,0.502,7,1,345,0,0,0,0,1,1
39,30600.0,2.1,RENT,13000.0,credit_card,36,758.03,12520.77,0.627,5,0,192,0,0,0,0,0,1
40,61900.0,5.4,MORTGAGE,19100.0,debt_consolidation,36,751.09,37096.66,0.06,11,0,99,0,0,0,0,0,0
55,56800.0,15.4,RENT,14400.0,medical,36,672.8,27260.97,0.293,5,1,141,0,0,0,0,0,1
67,176800.0,11.8,RENT,17600.0,credit_card,60,2267.85,96162.65,0.066,12,1,363,0,0,0,0,0,1
22,84300.0,0.5,MORTGAGE,26700.0,debt_consolidation,36,456.27,9623.86,0.444,6,0,24,1,0,0,0,0,1
50,43400.0,27.6,MORTGAGE,11800.0,credit_card,36,449.44,18345.03,0.61,7,1,134,0,0,0,0,0,1
54,68600.0,7.2,RENT,29200.0,debt_consolidation,36,758.41,13330.8,0.201,3,0,191,0,0,0,0,0,1
42,40400.0,14.3,MORTGAGE,7500.0,debt_consolidation,60,154.15,7830.3,0.26,11,3,195,0,0,0,0,0,1
23,57900.0,0.6,RENT,21300.0,debt_consolidation,36,2089.03,104261.17,0.717,11,1,27,0,0,0,0,0,1
26,117600.0,3.6,RENT,19200.0,major_purchase,36,2043.77,96460.05,0.066,11,0,56,0,0,0,0,0,1
35,86200.0,1.3,RENT,10200.0,credit_card,36,1887.11,30364.52,0.074,8,1,155,0,0,0,0,0,1
47,26800.0,3.4,RENT,1500.0,debt_consolidation,36,426.61,9375.82,0.12,10,1,318,0,0,0,0,0,1
30,42900.0,5.6,RENT,17500.0,debt_consolidation,36,1437.16,35117.11,0.455,10,1,124,0,0,0,0,1,0
29,42000.0,2.1,MORTGAGE,9600.0,credit_card,36,816.17,31042.8,0.76,7,0,83,0,0,0,0,0,1
53,45400.0,26.6,RENT,7400.0,credit_card,36,881.44,45535.2,0.486,7,3,278,0,0,0,0,0,1
52,77900.0,11.4,RENT,16500.0,debt_consolidation,36,1041.19,23709.97,0.024,9,2,166,0,0,0,0,0,1
68,117700.0,20.5,MORTGAGE,39400.0,credit_card,36,765.53,29145.14,0.286,12,1,490,0,0,0,0,0,1
26,55000.0,1.3,RENT,11400.0,debt_consolidation,36,446.6,23636.97,0.125,5,4,90,0,0,0,0,0,1
61,46800.0,3.6,RENT,6600.0,medical,60,1020.8,32471.72,0.489,8,1,443,0,0,0,0,0,1
56,104800.0,8.9,RENT,8900.0,debt_consolidation,60,2345.18,83429.69,0.565,5,2,254,0,0,0,0,0,1
22,78600.0,0.1,MORTGAGE,23500.0,medical,60,1797.55,67653.73,0.096,7,2,18,0,0,0,0,0,1
49,49700.0,13.9,RENT,21800.0,credit_card,60,298.13,13740.23,0.849,3,1,286,3,0,0,0,0,1
24,53500.0,0.7,MORTGAGE,16300.0,small_business,60,1321.79,39148.18,0.763,2,1,53,0,0,0,0,0,1
21,56400.0,0.3,RENT,24200.0,credit_card,60,516.64,17760.73,0.403,4,1,33,0,0,0,0,0,1
39,121900.0,8.1,MORTGAGE,48900.0,small_business,60,2931.6,142597.14,0.818,6,1,115,0,0,0,0,0,1
46,84400.0,4.6,MORTGAGE,9500.0,debt_consolidation,36,892.7,30356.82,0.139,8,3,280,1,2,0,0,0,1
45,181500.0,9.4,MORTGAGE,50000.0,debt_consolidation,36,1802.68,80903.42,0.551,7,1,186,0,0,0,0,0,1
30,89500.0,2.6,RENT,4500.0,debt_consolidation,36,1081.78,29616.46,0.275,5,2,75,0,0,0,0,0,1
35,40600.0,3.4,MORTGAGE,10300.0,debt_consolidation,60,599.93,33630.57,0.29,5,2,180,0,0,0,0,0,1
42,26500.0,7.6,MORTGAGE,6900.0,medical,36,420.67,21517.75,0.255,6,0,201,0,0,0,0,0,1
71,47000.0,10.8,RENT,16000.0,debt_consolidation,36,1668.78,93796.31,0.189,3,1,459,0,1,1,0,0,0
68,27000.0,33.9,MORTGAGE,9500.0,auto,60,683.88,14063.69,0.338,13,0,280,0,0,0,0,0,1
41,43100.0,1.7,OWN,6100.0,credit_card,60,1370.16,52715.31,0.101,11,1,189,0,0,0,0,1,1
42,66900.0,6.4,RENT,26900.0,small_business,36,686.02,13264.53,0.264,5,0,201,0,0,0,0,0,1
56,32400.0,3.5,MORTGAGE,3900.0,debt_consolidation,36,365.49,5898.2,0.231,6,1,240,0,0,0,0,0,1
54,102000.0,27.1,MORTGAGE,44300.0,debt_consolidation,60,1059.46,56309.07,0.523,6,2,282,0,2,0,0,0,1
50,50100.0,19.9,MORTGAGE,22200.0,debt_consolidation,60,554.65,15340.64,0.172,9,1,128,0,0,0,0,0,1
45,102800.0,15.8,RENT,33800.0,credit_card,36,4467.24,198658.19,0.311,6,0,151,0,0,0,0,0,1
65,39300.0,0.5,RENT,12200.0,auto,60,694.58,30309.15,0.349,7,0,434,1,0,1,1,1,1
48,98500.0,12.3,OWN,43500.0,debt_consolidation,36,1255.88,68448.9,0.227,8,2,321,0,0,0,0,0,1
21,50100.0,0.3,MORTGAGE,7400.0,home_improvement,36,480.1,16562.92,0.304,7,1,24,0,0,0,0,0,1
69,58100.0,27.0,MORTGAGE,17800.0,debt_consolidation,36,928.3,54980.6,0.55,9,1,383,0,0,0,0,0,1
65,46700.0,14.1,MORTGAGE,9900.0,auto,36,1277.03,41556.79,0.225,5,1,525,0,0,0,0,0,1
24,60900.0,1.0,MORTGAGE,7100.0,major_purchase,60,357.25,20426.95,0.164,12,2,59,0,0,0,0,0,1
27,90800.0,3.1,RENT,9200.0,debt_consolidation,36,2533.87,151348.08,0.361,8,2,94,0,0,0,0,0,1
69,31000.0,25.1,RENT,10200.0,home_improvement,36,686.43,11392.87,0.336,9,0,550,0,0,0,0,0,1
29,224600.0,2.8,MORTGAGE,31800.0,home_improvement,36,5423.7,199109.52,0.415,7,3,79,0,0,1,0,0,0
56,226000.0,17.8,MORTGAGE,50000.0,home_improvement,36,6359.94,158697.99,0.779,7,1,166,0,0,0,0,0,1
39,50300.0,5.3,OWN,7300.0,debt_consolidation,36,294.68,10819.77,0.236,10,2,101,0,0,0,0,0,1
21,114500.0,0.4,RENT,26500.0,small_business,36,716.43,33272.84,0.274,6,2,24,0,0,0,1,0,1
30,34300.0,8.3,MORTGAGE,11900.0,debt_consolidation,60,1423.73,23739.32,0.242,10,0,58,0,0,0,0,0,1
56,26900.0,11.3,MORTGAGE,7000.0,credit_card,36,447.72,22863.13,0.523,11,2,365,2,0,0,0,0,1
29,191600.0,1.5,MORTGAGE,50000.0,debt_consolidation,36,3793.19,82964.64,0.237,14,0,42,0,0,0,0,0,1
65,102400.0,12.5,MORTGAGE,26700.0,credit_card,36,1353.66,48751.77,0.54,7,1,403,0,0,0,0,1,1
66,72100.0,16.2,RENT,9200.0,major_purchase,36,1982.12,72402.06,0.664,7,0,522,0,0,0,1,0,1
62,100200.0,16.7,RENT,41000.0,debt_consolidation,36,2708.09,105512.14,0.153,7,0,373,2,1,0,0,0,1
52,45900.0,20.3,RENT,10000.0,small_business,36,718.77,12130.94,0.382,8,1,271,0,0,0,0,0,1
52,70200.0,10.6,RENT,27900.0,debt_consolidation,60,1024.72,34515.41,0.145,6,2,194,0,0,0,0,0,1
26,75700.0,2.2,RENT,10800.0,debt_consolidation,60,2308.61,50541.48,0.526,6,2,47,1,0,0,0,0,1
68,30000.0,18.6,MORTGAGE,9100.0,debt_consolidation,36,662.8,19535.46,0.21,10,3,373,0,0,0,0,1,0
58,125100.0,8.6,RENT,14500.0,credit_card,36,3617.49,65831.94,0.392,4,2,197,0,0,0,0,0,1
37,51800.0,4.9,MORTGAGE,4200.0,debt_consolidation,36,1252.53,47400.84,0.346,8,2,145,0,0,0,0,0,1
30,34800.0,1.0,OWN,15600.0,medical,36,787.19,27199.45,0.228,7,2,132,0,0,0,0,0,0
70,167800.0,13.8,MORTGAGE,9100.0,debt_consolidation,60,2740.55,99400.34,0.344,6,1,216,0,0,0,0,0,1
47,130800.0,7.3,RENT,37500.0,credit_card,36,2355.92,97579.03,0.285,3,1,190,0,0,0,0,0,1
70,59100.0,20.6,RENT,3300.0,credit_card,60,484.32,10532.19,0.33,5,0,513,0,0,0,0,0,1
55,33300.0,8.8,MORTGAGE,9000.0,debt_consolidation,60,387.58,23229.99,0.514,4,2,414,0,0,0,1,0,1
41,88800.0,6.6,RENT,8000.0,small_business,36,3114.62,157978.52,0.191,9,1,127,0,0,0,0,0,1
45,69100.0,14.7,OWN,25200.0,debt_consolidation,36,1698.46,53616.05,0.1,5,1,227,0,0,0,0,0,1
48,221900.0,11.6,MORTGAGE,37100.0,small_business,36,3535.92,166630.32,0.27,8,4,133,0,0,0,0,0,1
67,139000.0,3.6,MORTGAGE,26100.0,debt_consolidation,36,3105.66,97628.33,0.312,7,2,302,0,0,0,0,0,1
35,51700.0,1.6,MORTGAGE,7800.0,debt_consolidation,36,778.24,44229.28,0.638,8,2,110,0,0,0,0,0,1
24,148400.0,2.8,OWN,14200.0,medical,36,3624.03,208939.3,0.513,6,0,45,0,0,0,0,0,1
49,140000.0,1.2,MORTGAGE,35000.0,credit_card,36,1540.59,92266.03,0.59,10,2,236,0,0,0,0,0,1
29,25400.0,1.6,MORTGAGE,5800.0,credit_card,36,754.03,19754.29,0.469,6,0,45,0,0,0,0,0,1
47,91700.0,18.2,MORTGAGE,24400.0,debt_consolidation,36,395.06,8239.77,0.166,9,2,309,2,0,1,0,0,1
46,129700.0,9.3,MORTGAGE,39000.0,debt_consolidation,36,1419.48,39545.93,0.942,9,1,317,3,0,2,0,0,0
39,53100.0,13.0,RENT,4500.0,home_improvement,36,621.72,16358.37,0.26,4,2,96,0,0,0,0,0,1
48,33700.0,11.9,RENT,7300.0,credit_card,36,982.03,36502.91,0.305,9,2,148,0,0,0,0,0,1
37,300000.0,3.5,RENT,50000.0,debt_consolidation,36,2450.33,40790.96,0.298,10,2,107,0,0,0,1,0,1
63,159800.0,13.9,RENT,28600.0,debt_consolidation,60,3136.17,123059.7,0.317,7,0,399,0,0,0,0,0,1
61,77800.0,3.2,MORTGAGE,9800.0,major_purchase,36,1014.32,21916.77,0.262,12,2,321,0,0,0,0,0,1
62,20800.0,16.3,RENT,6100.0,major_purchase,36,197.71,4746.99,0.585,4,1,167,0,0,0,0,0,0
70,53900.0,19.6,RENT,18200.0,debt_consolidation,60,594.87,9825.52,0.566,6,1,203,0,0,0,0,0,1
40,199900.0,11.8,RENT,50000.0,small_business,60,1522.53,72736.84,0.434,6,1,194,0,0,0,0,0,1
65,141800.0,26.0,OWN,25600.0,debt_consolidation,36,2117.02,44717.69,0.333,10,1,460,0,0,0,0,1,1
60,58500.0,15.4,MORTGAGE,5200.0,small_business,36,1151.9,47735.17,0.447,9,1,386,0,0,0,0,0,1
59,51500.0,7.3,MORTGAGE,21400.0,debt_consolidation,60,1562.11,85491.44,0.293,9,3,338,0,0,0,0,0,1
69,151900.0,8.9,MORTGAGE,49400.0,home_improvement,36,2800.98,77581.72,0.277,7,1,294,0,0,0,0,0,1
43,59500.0,21.2,MORTGAGE,25500.0,credit_card,60,1259.13,21312.98,0.431,5,3,131,0,0,0,0,0,1
67,63600.0,10.7,MORTGAGE,6900.0,debt_consolidation,36,1921.28,69839.68,0.198,8,1,537,0,0,0,0,0,1
52,86400.0,3.9,RENT,27000.0,credit_card,36,2512.82,81706.56,0.295,6,4,208,0,0,0,0,0,1
67,94300.0,24.7,MORTGAGE,12100.0,debt_consolidation,36,1463.56,52351.93,0.532,5,1,184,0,0,0,0,0,1
53,37200.0,2.2,MORTGAGE,14800.0,debt_consolidation,60,1167.12,19877.52,0.564,4,1,398,0,0,0,0,0,1
66,95800.0,29.4,MORTGAGE,24700.0,debt_consolidation,60,1909.7,60738.31,0.299,10,1,239,0,0,0,0,0,1
25,39400.0,2.1,MORTGAGE,10400.0,medical,36,371.66,6493.67,0.358,6,1,59,0,0,0,0,0,1
63,139300.0,16.2,OWN,50000.0,major_purchase,36,3786.05,214143.32,0.24,12,0,272,1,1,0,0,0,1
68,56600.0,0.4,MORTGAGE,9700.0,small_business,60,1263.35,46622.93,0.336,6,1,550,3,1,0,0,0,1
54,80100.0,1.0,MORTGAGE,23800.0,small_business,36,916.2,52877.15,0.236,9,3,316,0,0,0,0,0,1
60,18000.0,14.4,MORTGAGE,1900.0,credit_card,36,276.13,5528.38,0.357,6,1,231,0,0,0,0,0,1
31,108200.0,3.5,RENT,21100.0,debt_consolidation,36,2346.25,74311.22,0.187,11,2,129,0,0,0,0,0,1
70,116800.0,24.7,RENT,14900.0,major_purchase,60,1187.16,43129.03,0.16,7,1,233,0,0,0,0,0,1
23,51300.0,1.6,MORTGAGE,6700.0,debt_consolidation,36,781.45,46533.96,0.345,14,0,50,2,0,0,0,0,1
53,32100.0,24.8,MORTGAGE,10100.0,auto,36,949.97,19789.55,0.481,10,2,127,0,0,0,0,0,1
31,31500.0,2.3,RENT,5200.0,credit_card,36,598.44,28873.48,0.082,6,2,82,0,0,0,0,0,1
36,68300.0,1.2,MORTGAGE,10300.0,credit_card,36,551.12,31809.11,0.378,6,2,93,0,0,0,0,0,1
38,36900.0,4.0,MORTGAGE,13800.0,debt_consolidation,36,294.78,11442.91,0.409,10,1,108,2,1,0,0,0,1
50,65800.0,3.3,MORTGAGE,15800.0,debt_consolidation,60,2560.1,147165.98,0.24,3,3,287,0,0,0,0,1,0
68,72800.0,17.7,MORTGAGE,14700.0,home_improvement,60,1970.88,50182.81,0.59,7,1,458,0,0,0,1,0,1
30,77400.0,2.0,RENT,29100.0,debt_consolidation,36,772.75,21599.49,0.567,6,1,69,0,0,0,0,0,1
38,150700.0,8.5,OWN,37000.0,debt_consolidation,36,2652.25,44377.7,0.119,10,0,204,0,0,0,0,0,1
58,140300.0,8.7,MORTGAGE,50000.0,debt_consolidation,36,1870.35,79304.2,0.538,10,1,413,0,0,0,1,0,1
39,74400.0,12.6,MORTGAGE,13200.0,credit_card,60,2053.99,83771.16,0.467,8,0,223,0,0,0,0,0,1
56,98700.0,3.0,MORTGAGE,42900.0,credit_card,36,1703.82,75764.69,0.659,8,1,431,0,0,0,0,0,1
33,85100.0,6.9,RENT,35700.0,debt_consolidation,60,437.03,23770.53,0.428,8,3,166,0,0,0,0,0,1
66,153400.0,20.2,RENT,50000.0,debt_consolidation,36,2462.22,101071.37,0.331,9,4,382,0,0,0,1,0,1
23,74200.0,1.8,RENT,10000.0,credit_card,60,1824.14,41300.54,0.322,5,1,35,0,0,0,0,0,1
30,114000.0,1.8,RENT,38900.0,debt_consolidation,36,3922.65,64063.46,0.228,10,0,60,0,0,0,0,0,1
58,231000.0,16.0,MORTGAGE,50000.0,debt_consolidation,60,3051.88,53712.14,0.9,8,1,366,0,0,0,0,0,1
21,86700.0,0.6,MORTGAGE,16900.0,credit_card,36,1574.37,68121.56,0.311,10,3,22,0,0,0,0,0,1
47,52900.0,1.1,RENT,5600.0,home_improvement,36,975.92,45526.46,0.643,5,1,142,0,0,0,0,1,1
66,54100.0,8.3,MORTGAGE,8500.0,credit_card,36,693.05,19732.97,0.33,5,2,457,0,0,0,0,0,1
28,45900.0,1.1,RENT,13000.0,credit_card,36,1473.27,73845.45,0.413,7,3,71,0,0,0,0,0,1
71,104700.0,12.0,MORTGAGE,15800.0,credit_card,60,1308.14,38937.11,0.702,7,0,451,0,0,0,0,0,1
66,84100.0,20.7,RENT,26500.0,debt_consolidation,36,1651.11,73428.66,0.182,6,0,471,0,0,0,0,0,1
62,56600.0,22.9,MORTGAGE,11700.0,debt_consolidation,36,2013.19,112370.09,0.496,3,1,212,0,0,0,0,0,1
37,160900.0,0.6,MORTGAGE,22600.0,debt_consolidation,36,1895.48,45151.21,0.179,8,1,116,2,0,0,0,0,0
29,55500.0,2.6,RENT,16400.0,auto,60,989.12,52086.53,0.206,9,2,50,0,0,0,0,0,1
26,72600.0,0.2,MORTGAGE,5800.0,debt_consolidation,60,1935.55,29823.87,0.633,6,0,88,0,0,0,0,0,1
63,44800.0,32.6,MORTGAGE,13400.0,small_business,60,833.93,41884.8,0.467,11,1,177,0,0,0,0,0,1
45,64900.0,19.0,RENT,28500.0,home_improvement,36,719.09,18865.35,0.297,6,2,288,0,2,0,0,0,1
59,44300.0,9.2,RENT,14800.0,home_improvement,60,477.99,7358.51,0.297,6,6,152,0,0,0,0,0,1
69,65100.0,3.2,RENT,11800.0,debt_consolidation,36,1276.98,19829.96,0.411,6,1,300,0,0,0,0,0,0
48,38700.0,5.9,MORTGAGE,15900.0,credit_card,60,456.54,16085.94,0.096,6,0,229,0,0,0,0,0,1
53,52000.0,1.8,MORTGAGE,13600.0,debt_consolidation,36,1275.89,25502.8,0.698,13,0,266,0,0,0,0,0,1
57,46600.0,12.6,MORTGAGE,12200.0,debt_consolidation,60,902.56,33904.17,0.598,9,2,330,0,0,0,0,1,0
29,47900.0,2.8,RENT,9600.0,debt_consolidation,36,1874.74,96803.6,0.376,13,0,49,0,0,0,0,0,1
38,41800.0,9.0,MORTGAGE,3000.0,small_business,36,1345.38,58085.55,0.301,4,1,80,0,0,0,0,0,1
41,57000.0,3.9,RENT,9000.0,credit_card,36,563.95,28232.59,0.606,11,2,191,0,0,0,0,0,1
22,18000.0,0.3,MORTGAGE,6800.0,home_improvement,36,167.58,6493.3,0.466,7,2,22,0,0,0,0,0,0
63,99000.0,7.2,OWN,15200.0,major_purchase,36,1997.82,89172.62,0.555,3,1,429,0,0,0,0,0,1
58,79700.0,5.8,MORTGAGE,17100.0,credit_card,60,1591.68,68450.29,0.196,4,0,323,0,0,0,0,0,1
60,80400.0,14.1,OWN,24400.0,debt_consolidation,36,1375.14,31114.17,0.346,9,2,162,0,0,0,0,0,1
56,61900.0,16.0,RENT,10100.0,small_business,36,197.31,6455.24,0.321,8,1,397,0,0,0,0,0,1
70,135500.0,21.5,RENT,50000.0,debt_consolidation,36,2223.52,102918.65,0.75,6,2,297,0,0,0,0,0,0
63,45800.0,25.1,RENT,18800.0,debt_consolidation,36,1544.76,72041.1,0.383,7,1,207,0,0,0,0,0,0
57,26600.0,13.7,MORTGAGE,2000.0,debt_consolidation,60,651.15,15556.6,0.601,8,1,228,0,0,0,0,0,1
35,78400.0,3.8,MORTGAGE,21900.0,credit_card,36,1805.53,72631.9,0.901,11,2,109,1,0,0,0,0,0
48,192800.0,18.9,RENT,36600.0,major_purchase,36,3346.24,64449.39,0.731,10,3,212,0,0,0,0,0,1
38,149600.0,7.6,RENT,40700.0,credit_card,36,3996.27,196329.81,0.355,5,1,176,2,1,0,0,0,1
54,111700.0,1.7,MORTGAGE,30000.0,debt_consolidation,36,3015.86,143528.26,0.501,12,1,246,0,0,0,0,0,0
42,234900.0,12.6,RENT,12700.0,credit_card,36,5886.72,292473.52,0.812,6,0,117,0,0,1,0,0,0
31,53800.0,0.7,RENT,16600.0,home_improvement,36,1580.99,32659.4,0.147,11,2,147,0,0,0,0,0,1
33,52400.0,2.2,RENT,7100.0,home_improvement,60,1146.58,33546.2,0.679,7,3,133,0,0,0,0,0,1
24,58500.0,2.0,RENT,16000.0,debt_consolidation,60,915.33,26606.07,0.452,7,0,25,1,0,0,0,0,1
42,18000.0,5.7,RENT,7300.0,debt_consolidation,60,231.87,5235.21,0.748,8,1,151,0,0,0,0,0,1
27,150200.0,0.9,MORTGAGE,19100.0,debt_consolidation,36,4452.42,75079.41,0.593,7,0,77,0,0,0,0,0,1
63,67100.0,9.5,MORTGAGE,10600.0,credit_card,60,1948.29,89059.26,0.786,6,1,355,0,0,0,0,0,0
44,47500.0,13.2,MORTGAGE,3600.0,home_improvement,36,1166.47,48700.35,0.266,7,5,277,0,0,0,0,0,0
24,60000.0,0.6,MORTGAGE,14800.0,credit_card,36,951.24,30735.82,0.771,7,0,57,0,0,0,0,0,1
48,39700.0,5.9,OWN,15800.0,debt_consolidation,36,1018.47,31908.13,0.217,11,1,144,0,0,0,0,0,1
35,68600.0,12.2,RENT,18400.0,debt_consolidation,60,355.1,10038.08,0.602,10,1,118,1,0,0,0,0,1
21,50200.0,0.2,RENT,9600.0,credit_card,36,1209.22,24393.57,0.15,6,0,18,0,0,0,0,0,1
23,51500.0,0.5,RENT,21200.0,debt_consolidation,36,728.72,20807.47,0.466,10,0,35,0,0,0,0,0,1
34,40900.0,11.3,MORTGAGE,10800.0,credit_card,36,1323.71,54086.82,0.784,7,1,65,0,0,0,0,1,0
58,67800.0,17.0,RENT,29800.0,medical,36,2769.96,43629.84,0.315,10,1,435,0,0,0,0,0,1
70,50300.0,30.3,MORTGAGE,17600.0,debt_consolidation,60,926.21,20323.1,0.143,8,1,391,0,0,0,0,0,1
21,139800.0,0.3,MORTGAGE,50000.0,debt_consolidation,60,2591.75,93381.76,0.411,14,1,26,0,0,0,0,0,0
58,89000.0,15.3,MORTGAGE,27500.0,major_purchase,60,813.93,19229.76,0.255,6,1,344,1,0,0,0,0,1
58,32200.0,27.3,RENT,14400.0,debt_consolidation,36,543.2,12615.83,0.744,12,1,202,0,0,0,0,0,1
41,92700.0,11.7,RENT,24100.0,auto,36,3078.85,94828.64,0.492,14,0,238,0,0,0,0,0,1
68,79900.0,21.0,MORTGAGE,24500.0,small_business,36,1496.67,47738.2,0.171,8,0,298,0,0,0,0,0,1
49,68800.0,5.9,RENT,7100.0,debt_consolidation,36,1858.66,49193.16,0.468,7,0,297,0,0,0,0,0,1
25,60700.0,1.5,RENT,25800.0,credit_card,36,1051.16,22048.67,0.467,8,1,65,0,0,0,0,0,1
69,126400.0,23.2,RENT,23300.0,debt_consolidation,36,5157.59,198044.16,0.377,7,1,398,0,0,0,0,0,1
30,36000.0,2.1,MORTGAGE,11400.0,debt_consolidation,36,662.37,26811.69,0.465,12,0,69,0,0,0,0,0,1
48,63700.0,5.5,MORTGAGE,12400.0,credit_card,36,942.53,28495.01,0.471,8,1,322,2,0,0,0,0,1
41,26300.0,11.2,RENT,10600.0,debt_consolidation,36,597.24,32205.59,0.187,8,0,194,0,0,0,0,0,1
70,88700.0,27.9,MORTGAGE,8400.0,medical,36,1139.61,61038.41,0.635,7,1,238,0,0,0,0,0,1
27,63900.0,2.1,MORTGAGE,26200.0,credit_card,36,581.78,34331.28,0.23,4,0,95,1,0,0,0,0,1
23,38600.0,0.5,MORTGAGE,11600.0,home_improvement,60,460.1,17949.67,0.573,9,2,40,3,0,1,0,0,0
65,73200.0,27.5,RENT,31700.0,debt_consolidation,60,1575.67,70962.96,0.246,3,1,368,0,0,0,0,0,1
67,140100.0,18.7,OWN,35200.0,home_improvement,36,2055.25,121204.19,0.364,6,0,365,0,0,0,0,0,0
40,70400.0,2.9,RENT,17400.0,debt_consolidation,60,2555.29,138762.44,0.279,6,1,115,0,0,0,0,0,1
39,27800.0,15.2,RENT,5400.0,credit_card,36,147.58,7464.82,0.044,9,1,129,0,0,0,0,0,1
55,65500.0,17.1,OWN,11900.0,small_business,36,1879.67,99672.79,0.177,14,2,252,1,2,0,0,0,0
24,77800.0,0.6,RENT,7700.0,credit_card,60,2591.63,110454.38,0.26,6,0,52,0,0,0,0,0,1
25,45200.0,0.8,MORTGAGE,8200.0,debt_consolidation,36,771.6,42230.59,0.136,5,2,61,0,0,0,0,0,0
21,224300.0,0.2,RENT,50000.0,debt_consolidation,36,2343.29,127400.9,0.343,17,2,15,0,0,0,0,0,1
24,29800.0,1.6,MORTGAGE,2500.0,small_business,60,594.24,24800.22,0.214,6,2,62,0,0,0,0,0,1
32,18000.0,2.1,MORTGAGE,2200.0,home_improvement,36,530.25,16240.85,0.308,4,2,121,1,0,0,0,0,1
47,39500.0,11.8,MORTGAGE,15600.0,credit_card,60,525.55,19601.43,0.13,8,1,246,0,0,0,0,0,1
62,22700.0,17.5,MORTGAGE,2000.0,home_improvement,60,148.59,2250.65,0.654,4,1,201,0,0,0,0,0,1
43,111200.0,3.0,RENT,16300.0,small_business,60,2414.46,141430.12,0.103,6,1,261,0,0,0,0,0,1
45,118600.0,6.2,RENT,6100.0,debt_consolidation,36,1735.79,51998.73,0.305,5,0,122,0,0,0,0,0,1
41,27300.0,4.5,MORTGAGE,9200.0,small_business,60,512.27,19736.24,0.675,6,1,237,0,0,0,0,0,1
44,36400.0,6.6,MORTGAGE,14200.0,small_business,60,790.53,41603.19,0.607,7,2,177,0,0,0,0,1,1
45,33900.0,3.2,MORTGAGE,13600.0,credit_card,36,838.36,19032.21,0.376,8,0,203,0,0,0,0,0,1
65,65300.0,8.2,OWN,26800.0,debt_consolidation,60,448.23,24987.45,0.24,9,2,311,0,0,0,1,0,1
66,85700.0,6.3,OWN,18100.0,medical,36,662.06,14985.38,0.476,7,2,379,0,0,0,1,0,1
52,150600.0,10.9,MORTGAGE,41200.0,small_business,60,1997.12,39855.0,0.282,7,0,132,0,0,0,0,0,1
52,83600.0,8.7,OWN,26800.0,auto,36,1047.05,49282.1,0.23,12,3,366,1,0,0,0,0,1
25,55000.0,3.2,RENT,22900.0,credit_card,36,1301.48,43144.41,0.151,12,0,42,1,0,0,0,0,1
56,53600.0,22.3,MORTGAGE,19800.0,debt_consolidation,36,245.85,7648.96,0.298,11,1,394,0,0,0,0,0,1
66,69800.0,15.6,MORTGAGE,17100.0,debt_consolidation,36,1410.83,49939.69,0.266,8,0,428,0,0,0,0,0,1
62,72200.0,20.4,RENT,18300.0,small_business,60,468.53,16014.57,0.533,6,1,248,0,0,0,0,0,1
69,61900.0,21.2,OWN,11400.0,credit_card,36,544.06,9786.98,0.089,7,0,252,0,0,0,0,0,1
62,69800.0,5.1,RENT,3800.0,debt_consolidation,36,1576.96,26543.42,0.28,5,2,304,0,0,0,0,0,0
59,65300.0,9.7,MORTGAGE,7000.0,debt_consolidation,36,1908.39,64524.23,0.139,9,0,220,0,0,0,0,0,1
36,29800.0,4.9,RENT,5400.0,debt_consolidation,60,941.96,18090.38,0.598,9,0,103,0,0,0,0,0,1
53,71800.0,13.8,MORTGAGE,21000.0,debt_consolidation,36,2161.74,55016.07,0.444,11,0,154,0,0,0,0,0,1
69,40900.0,14.4,RENT,13700.0,major_purchase,60,599.37,32016.02,0.199,14,1,427,0,0,0,0,0,1
41,74100.0,10.5,MORTGAGE,30100.0,major_purchase,36,837.48,22317.45,0.606,12,1,240,1,0,0,0,0,1
29,86600.0,1.4,MORTGAGE,23500.0,small_business,36,911.63,51511.79,0.828,5,2,123,0,0,0,0,1,0
26,126400.0,4.3,MORTGAGE,26200.0,debt_consolidation,36,1916.58,66837.79,0.146,16,3,82,0,0,0,0,0,1
71,65000.0,21.5,MORTGAGE,21200.0,debt_consolidation,60,1704.87,70450.36,0.731,10,1,223,0,0,0,0,0,1
65,46600.0,23.5,RENT,9600.0,debt_consolidation,36,507.86,12798.77,0.649,9,1,319,0,1,0,0,0,0
55,105300.0,2.0,RENT,9800.0,debt_consolidation,60,3506.66,55579.92,0.621,8,3,194,0,0,0,0,0,1
59,68500.0,16.1,MORTGAGE,3500.0,debt_consolidation,60,2945.9,103596.78,0.026,14,0,167,0,0,0,0,0,1
42,194800.0,15.2,MORTGAGE,50000.0,auto,36,7002.67,304907.27,0.327,6,3,144,0,0,1,0,1,0
61,30300.0,6.8,MORTGAGE,12400.0,small_business,36,870.78,20621.4,0.256,8,1,469,0,0,0,0,0,1
25,48100.0,2.0,RENT,15500.0,debt_consolidation,36,916.17,51548.81,0.105,6,0,28,0,0,0,0,0,1
62,44700.0,13.9,RENT,2700.0,debt_consolidation,60,953.78,22392.63,0.031,8,1,353,0,0,0,0,0,1
43,182500.0,6.6,OWN,25100.0,debt_consolidation,36,2855.6,139229.53,0.661,9,4,101,0,0,0,0,0,1
37,85000.0,5.3,MORTGAGE,36400.0,home_improvement,60,2732.31,112392.04,0.23,10,1,194,0,0,0,0,1,0
32,23600.0,1.0,RENT,7900.0,home_improvement,36,659.03,11629.1,0.211,12,2,135,0,0,0,0,0,1
43,24700.0,10.2,MORTGAGE,8500.0,credit_card,36,228.51,8095.81,0.253,7,1,105,0,0,0,0,0,1
36,106100.0,2.7,MORTGAGE,39500.0,major_purchase,36,335.21,7027.1,0.839,6,1,191,0,0,0,0,0,1
23,37000.0,1.4,MORTGAGE,15400.0,debt_consolidation,36,1143.23,35503.75,0.148,6,0,47,0,0,0,0,0,1
50,66400.0,16.3,MORTGAGE,15000.0,debt_consolidation,36,1222.66,46592.34,0.208,12,5,273,0,0,0,0,0,1
42,59100.0,4.2,MORTGAGE,13100.0,debt_consolidation,60,1161.93,35312.5,0.014,6,1,116,0,0,0,0,0,1
29,196400.0,3.5,OWN,11600.0,debt_consolidation,60,4069.89,108339.9,0.693,19,0,91,0,0,0,0,0,1
49,58100.0,23.2,MORTGAGE,24700.0,credit_card,36,1419.98,50188.54,0.684,6,2,237,0,0,0,0,0,1
67,52500.0,17.4,MORTGAGE,5400.0,debt_consolidation,36,701.96,30012.28,0.499,7,0,273,0,0,0,0,0,1
57,90200.0,10.8,MORTGAGE,20800.0,credit_card,36,2653.48,143861.39,0.71,9,0,145,0,0,0,0,0,1
43,122000.0,4.8,RENT,35400.0,home_improvement,60,3343.94,137070.6,0.072,8,2,255,0,0,0,0,1,1
33,70800.0,4.3,MORTGAGE,31700.0,credit_card,60,548.08,14423.24,0.495,12,0,81,0,0,0,0,0,1
52,18700.0,2.6,MORTGAGE,3900.0,debt_consolidation,60,320.01,18253.68,0.9,8,2,354,0,0,0,0,0,1
66,103200.0,17.2,MORTGAGE,32800.0,debt_consolidation,60,967.29,22208.77,0.334,8,2,441,0,0,0,0,0,1
67,31400.0,14.4,OWN,13500.0,debt_consolidation,36,849.47,22361.41,0.354,8,1,232,0,0,0,0,0,1
68,28400.0,7.5,MORTGAGE,7900.0,small_business,60,683.03,13587.98,0.555,8,2,272,1,0,0,0,0,1
43,50500.0,2.1,RENT,13300.0,debt_consolidation,36,1319.65,56304.73,0.519,13,2,104,1,1,0,0,1,0
65,70900.0,8.5,RENT,19800.0,debt_consolidation,60,2509.94,54833.52,0.289,5,3,225,0,0,0,0,0,1
37,147600.0,2.2,MORTGAGE,50000.0,credit_card,36,1582.63,31841.94,0.342,11,1,116,1,0,1,0,0,1
60,21600.0,18.0,RENT,1400.0,debt_consolidation,60,308.09,15549.29,0.328,11,1,194,1,0,1,1,0,1
41,72100.0,0.8,OWN,25500.0,debt_consolidation,36,1396.1,65720.57,0.606,9,1,132,0,0,0,0,0,1
22,149100.0,0.1,RENT,17700.0,debt_consolidation,60,6110.24,331776.16,0.373,12,2,44,0,0,0,0,0,1
57,62600.0,20.5,OWN,22300.0,debt_consolidation,36,2004.92,81105.67,0.075,8,1,441,0,0,0,0,0,1
26,101100.0,1.2,RENT,37400.0,medical,36,2813.54,74778.14,0.218,19,1,66,0,0,0,0,0,1
64,96500.0,23.0,RENT,29000.0,credit_card,60,1838.43,88501.81,0.687,6,3,503,0,0,0,0,0,1
38,48400.0,1.6,MORTGAGE,10900.0,debt_consolidation,36,50.3,1830.29,0.26,10,2,126,0,0,0,0,0,1
50,92400.0,19.2,MORTGAGE,31700.0,credit_card,36,2549.4,93086.06,0.67,12,1,151,0,0,0,0,0,1
42,70600.0,7.8,RENT,4100.0,credit_card,36,641.29,15185.02,0.728,11,1,254,0,0,0,0,0,1
53,55600.0,13.4,MORTGAGE,17200.0,debt_consolidation,36,768.44,37532.81,0.108,11,1,278,1,1,0,0,0,1
50,159200.0,8.2,MORTGAGE,22800.0,credit_card,36,2552.81,137698.39,0.73,12,2,349,0,0,0,0,0,1
37,60100.0,2.1,MORTGAGE,18900.0,credit_card,60,1373.64,46361.98,0.25,7,1,137,1,0,1,0,1,0
63,151800.0,11.0,RENT,16000.0,debt_consolidation,36,4751.48,115949.65,0.058,12,3,425,0,0,0,0,0,1
52,54900.0,15.6,MORTGAGE,6700.0,credit_card,60,507.23,10797.82,0.33,10,2,292,0,0,0,0,0,1
62,61700.0,7.4,RENT,14200.0,small_business,36,474.87,9771.58,0.451,8,6,360,0,0,0,0,0,1
71,58200.0,2.4,RENT,15200.0,debt_consolidation,36,934.79,27810.05,0.304,8,1,550,0,0,0,0,0,1
34,117900.0,4.0,MORTGAGE,25500.0,credit_card,36,3020.79,153010.36,0.679,3,0,152,0,0,0,0,0,1
30,41100.0,1.8,RENT,12100.0,medical,60,1162.83,65406.38,0.167,5,1,116,0,0,0,0,0,1
67,85300.0,20.2,MORTGAGE,6100.0,small_business,36,3218.09,164371.12,0.439,8,0,299,0,0,0,0,0,1
71,82200.0,20.3,MORTGAGE,10500.0,credit_card,36,512.83,16446.01,0.297,6,1,550,0,0,0,0,0,1
56,82500.0,3.9,RENT,4200.0,home_improvement,36,1936.56,84357.1,0.181,8,1,217,0,0,0,0,0,1
54,204200.0,16.8,OWN,50000.0,credit_card,60,2865.92,60495.88,0.332,6,0,301,0,0,0,0,0,1
29,58900.0,4.0,OWN,19200.0,auto,60,1258.62,61700.57,0.512,2,1,99,0,0,0,0,0,1
62,297300.0,21.1,OWN,50000.0,debt_consolidation,60,6472.55,291489.46,0.415,5,1,275,0,0,0,0,0,1
48,122600.0,13.0,MORTGAGE,28700.0,home_improvement,60,753.12,27091.35,0.422,8,2,316,0,0,0,0,0,1
31,29900.0,5.0,RENT,6600.0,debt_consolidation,36,547.54,26829.59,0.181,7,1,135,0,0,0,0,0,1
34,35400.0,8.4,RENT,6500.0,debt_consolidation,36,631.0,29559.69,0.208,9,3,94,1,1,0,0,0,0
59,116400.0,26.3,RENT,33200.0,home_improvement,36,717.89,39826.41,0.597,6,1,234,0,0,0,0,0,1
67,43900.0,17.5,MORTGAGE,2300.0,home_improvement,60,620.21,23072.02,0.288,4,0,550,2,1,0,0,0,1
39,75800.0,8.0,MORTGAGE,21800.0,debt_consolidation,36,1599.1,82536.47,0.387,10,2,224,1,0,0,1,0,0
35,45200.0,3.1,MORTGAGE,11100.0,debt_consolidation,36,762.15,32657.65,0.551,11,2,100,2,1,0,0,0,1
48,51300.0,2.5,MORTGAGE,15400.0,debt_consolidation,36,837.7,39343.7,0.58,8,0,298,0,0,0,0,1,1
44,57500.0,10.4,RENT,22500.0,major_purchase,60,1509.15,32656.58,0.197,8,0,200,0,0,0,0,0,1
28,113800.0,3.3,MORTGAGE,43400.0,credit_card,36,1584.75,48015.22,0.436,5,1,74,0,0,0,1,0,1
63,58500.0,16.3,RENT,21800.0,debt_consolidation,36,1542.51,38959.54,0.599,7,1,366,2,0,0,0,0,0
29,145000.0,5.4,MORTGAGE,31100.0,small_business,36,2197.88,44794.71,0.612,4,1,108,0,0,0,0,0,1
67,38700.0,2.0,RENT,8000.0,home_improvement,36,492.01,18875.61,0.316,6,1,416,2,1,0,0,0,1
53,102400.0,16.2,RENT,13600.0,medical,60,3300.71,71618.07,0.434,9,1,276,0,0,0,0,0,1
53,74400.0,3.6,MORTGAGE,4700.0,medical,60,1787.75,43463.62,0.446,4,1,292,1,0,0,0,0,1
39,33500.0,8.5,RENT,8400.0,debt_consolidation,36,1007.08,36893.09,0.855,8,2,129,0,0,0,0,0,0
23,47800.0,0.1,MORTGAGE,21000.0,credit_card,60,748.96,30615.7,0.606,7,2,55,0,0,0,0,0,1
30,62000.0,4.0,OWN,21800.0,credit_card,36,2077.64,54452.51,0.689,10,5,127,2,0,0,0,0,0
60,130800.0,34.0,RENT,35200.0,credit_card,36,2587.49,54121.76,0.299,5,2,318,0,0,0,0,1,1
67,61700.0,10.9,RENT,10400.0,credit_card,36,448.43,22071.37,0.404,8,1,418,0,0,0,0,0,1
62,206300.0,8.6,RENT,20400.0,debt_consolidation,36,4027.6,193599.69,0.154,9,1,370,0,0,0,0,0,1
21,55500.0,0.5,RENT,8600.0,major_purchase,60,1124.95,28916.55,0.232,15,1,22,0,0,0,0,0,1
49,69900.0,12.6,MORTGAGE,18400.0,debt_consolidation,36,2776.82,132899.59,0.554,7,0,184,0,0,0,0,0,1
70,136900.0,9.0,MORTGAGE,41000.0,debt_consolidation,36,2613.99,65506.03,0.567,4,1,514,0,0,0,0,0,1
54,33100.0,12.2,RENT,6500.0,debt_consolidation,36,200.65,8659.97,0.092,11,1,320,0,0,0,0,0,1
71,128100.0,17.4,MORTGAGE,11800.0,credit_card,36,1519.61,70798.95,0.609,6,1,217,0,0,0,0,1,0
33,46300.0,6.2,RENT,7200.0,medical,36,815.41,24943.21,0.372,12,2,146,0,0,0,0,1,0
21,58200.0,0.6,OWN,8900.0,debt_consolidation,36,1673.43,45068.98,0.379,11,3,19,0,0,0,0,0,0
54,75900.0,15.2,MORTGAGE,20000.0,credit_card,36,1939.14,80107.34,0.273,7,0,180,2,0,0,0,0,1
49,42400.0,13.8,RENT,3900.0,debt_consolidation,36,1046.17,17469.62,0.57,5,0,307,1,0,1,0,0,1
68,286000.0,11.3,MORTGAGE,47300.0,credit_card,36,4419.29,261033.94,0.77,7,2,369,0,0,0,0,0,1
67,74800.0,33.4,RENT,14000.0,major_purchase,36,1321.25,23079.46,0.473,9,1,474,0,0,0,0,0,1
33,71400.0,4.3,RENT,18600.0,medical,36,1621.65,92177.97,0.399,4,1,61,0,0,0,0,0,1
68,47800.0,20.3,RENT,8100.0,credit_card,36,1780.34,106225.97,0.725,9,1,241,1,0,1,0,0,1
69,31600.0,28.3,MORTGAGE,3500.0,home_improvement,36,342.96,7048.03,0.106,9,1,457,0,0,0,0,0,1
49,123600.0,7.6,RENT,7400.0,debt_consolidation,60,2330.06,93595.58,0.48,7,0,112,1,2,0,0,0,1
59,57000.0,16.0,RENT,6800.0,credit_card,60,562.63,25883.74,0.091,12,1,358,1,0,0,0,0,1
44,79400.0,10.1,MORTGAGE,30200.0,home_improvement,60,1238.4,63385.94,0.413,10,1,151,0,0,0,0,0,1
46,38700.0,19.1,OWN,7400.0,debt_consolidation,36,666.48,11431.93,0.23,11,1,233,0,0,0,0,0,1
37,103500.0,2.4,MORTGAGE,27500.0,major_purchase,60,2170.58,68273.5,0.244,9,3,137,1,0,0,0,0,0
27,55700.0,0.5,RENT,13700.0,home_improvement,36,689.2,17098.14,0.167,7,2,102,0,0,0,0,0,1
33,26700.0,4.3,OWN,4300.0,home_improvement,60,801.09,43995.65,0.632,10,3,56,0,0,0,0,0,0
25,56400.0,1.8,RENT,21800.0,debt_consolidation,36,1736.04,101978.73,0.552,12,2,76,0,0,0,0,0,1
46,101600.0,0.5,RENT,43200.0,debt_consolidation,36,2711.49,119571.2,0.445,9,0,274,0,0,0,0,0,1
69,91400.0,20.4,OWN,12300.0,home_improvement,36,894.65,38539.22,0.39,11,0,252,2,0,0,0,0,1
23,81700.0,1.8,MORTGAGE,30500.0,credit_card,36,2690.74,95106.52,0.626,7,1,56,0,0,0,0,0,1
27,64900.0,1.3,RENT,22900.0,credit_card,36,1762.21,42941.3,0.728,7,2,82,0,0,0,0,0,0
69,67600.0,19.9,MORTGAGE,26000.0,debt_consolidation,60,1003.47,24145.11,0.472,10,0,441,1,0,0,0,0,1
59,48700.0,6.6,MORTGAGE,10400.0,debt_consolidation,36,260.77,8932.47,0.632,4,0,384,0,0,0,0,0,1
21,125300.0,0.3,RENT,40700.0,home_improvement,36,1649.22,35356.19,0.153,9,2,16,0,1,1,1,1,0
69,64400.0,4.8,RENT,8100.0,credit_card,36,897.17,28622.7,0.331,9,1,550,1,2,0,0,0,1
37,49500.0,4.7,RENT,21600.0,credit_card,36,856.81,39361.82,0.278,8,0,111,0,0,0,0,0,1
63,177200.0,13.7,MORTGAGE,50000.0,home_improvement,36,3384.28,185306.87,0.531,5,0,363,0,0,0,0,0,1
45,130700.0,4.7,MORTGAGE,10500.0,small_business,36,3129.29,124897.19,0.523,10,0,225,0,0,0,1,0,1
23,69800.0,0.1,RENT,28000.0,small_business,36,2499.19,98041.36,0.094,7,1,36,1,1,0,0,0,0
35,54600.0,2.1,MORTGAGE,23700.0,credit_card,60,1557.79,36880.83,0.488,7,0,112,0,0,0,0,0,1
49,55500.0,18.1,MORTGAGE,10200.0,debt_consolidation,60,565.64,29076.3,0.155,11,1,257,0,0,0,0,0,1
63,39000.0,6.4,RENT,10400.0,debt_consolidation,36,535.96,22185.77,0.189,6,3,260,0,0,0,0,0,1
52,111800.0,8.9,MORTGAGE,49900.0,credit_card,36,1355.07,78654.42,0.723,5,0,183,1,0,0,0,0,1
46,181900.0,4.2,MORTGAGE,41900.0,debt_consolidation,60,3777.25,166945.18,0.059,8,0,133,0,0,0,0,0,1
36,90700.0,1.8,MORTGAGE,28700.0,credit_card,36,1905.61,79643.45,0.118,5,0,125,0,0,0,0,0,1
45,155300.0,4.3,OWN,35900.0,credit_card,36,1556.07,43720.02,0.427,3,2,278,0,0,0,0,0,1
48,106300.0,9.9,RENT,8500.0,home_improvement,36,1017.72,42975.07,0.098,8,1,178,0,0,0,0,0,1
29,29500.0,1.8,RENT,7500.0,debt_consolidation,60,335.66,15103.36,0.775,10,2,102,1,0,0,0,0,1
21,148000.0,0.5,MORTGAGE,50000.0,debt_consolidation,36,1682.08,47212.64,0.247,3,1,30,0,0,0,0,0,0
49,58500.0,4.0,MORTGAGE,3900.0,major_purchase,60,2115.39,37375.73,0.153,7,0,235,1,1,0,0,0,1
42,74600.0,8.8,OWN,16900.0,debt_consolidation,36,3311.84,151855.5,0.253,11,1,141,0,0,0,0,0,1
36,40100.0,7.3,RENT,15200.0,medical,36,831.08,31151.93,0.1,4,1,164,0,0,0,0,0,1
61,25200.0,16.6,RENT,4800.0,credit_card,60,556.35,18115.21,0.125,7,0,472,0,1,0,0,0,1
71,47000.0,13.2,MORTGAGE,20700.0,debt_consolidation,60,1445.95,68387.7,0.585,10,3,218,0,0,0,0,0,0
64,76900.0,8.7,MORTGAGE,15600.0,debt_consolidation,36,1033.58,49752.17,0.41,10,2,510,1,0,0,0,0,1
71,71000.0,22.6,RENT,25800.0,credit_card,36,1292.74,38246.12,0.372,5,0,209,0,0,0,0,0,1
61,102600.0,9.1,MORTGAGE,15200.0,debt_consolidation,60,836.03,14723.15,0.493,4,0,213,0,0,0,0,0,1
27,77600.0,1.6,RENT,14200.0,major_purchase,36,2198.78,53382.85,0.635,14,2,46,0,0,0,0,0,1
34,72000.0,3.1,RENT,24400.0,small_business,60,2553.04,144254.57,0.676,7,0,166,0,0,0,0,0,1
49,49100.0,15.9,RENT,3600.0,credit_card,36,1535.15,43345.73,0.364,8,1,187,0,0,0,1,0,1
39,201500.0,8.8,OWN,17600.0,medical,36,4261.52,92992.16,0.339,1,1,105,0,0,0,0,0,0
39,195500.0,1.1,RENT,30600.0,debt_consolidation,36,1414.24,76771.96,0.447,7,1,185,0,0,0,0,0,1
22,76700.0,0.9,RENT,11500.0,small_business,36,2610.69,43698.83,0.838,8,0,42,0,0,0,0,0,0
61,30900.0,2.2,RENT,2400.0,small_business,36,760.18,39031.27,0.475,6,0,266,0,0,0,0,0,1
65,81100.0,13.5,OWN,35600.0,credit_card,36,860.83,42917.94,0.258,13,1,398,0,0,0,0,0,1
35,33100.0,7.6,MORTGAGE,5500.0,debt_consolidation,60,373.16,15106.58,0.696,12,1,76,0,0,0,0,1,1
23,30700.0,0.8,OWN,10400.0,credit_card,36,485.54,21186.8,0.521,7,3,49,0,0,0,0,0,1
31,114700.0,0.2,RENT,23800.0,medical,60,3363.07,75444.04,0.525,6,1,123,0,0,0,0,0,1
66,41400.0,27.2,RENT,18500.0,debt_consolidation,36,488.8,19794.86,0.426,7,2,313,0,0,0,0,0,1
50,50500.0,16.7,RENT,5400.0,debt_consolidation,60,1163.63,45889.68,0.304,13,2,261,0,0,0,0,0,1
60,109600.0,12.8,MORTGAGE,21900.0,credit_card,36,2767.21,63759.41,0.435,7,1,278,0,0,0,0,1,1
38,85900.0,6.0,RENT,19100.0,home_improvement,36,758.6,36704.41,0.279,7,1,136,0,0,0,0,0,1
71,97300.0,25.8,MORTGAGE,32800.0,debt_consolidation,36,406.87,6771.75,0.369,6,1,280,0,0,0,0,0,1
68,178100.0,4.9,RENT,44200.0,small_business,36,1822.89,56474.24,0.431,13,2,290,0,0,0,0,0,0
22,49300.0,0.3,MORTGAGE,17300.0,medical,36,722.28,31984.76,0.135,14,2,30,0,0,0,0,0,1
52,79800.0,7.3,RENT,30800.0,debt_consolidation,60,815.04,41569.35,0.238,12,2,209,0,0,0,0,0,1
28,151200.0,7.1,MORTGAGE,25100.0,auto,36,695.5,28190.52,0.372,10,1,78,0,0,0,0,0,1
42,39800.0,8.0,MORTGAGE,14800.0,debt_consolidation,36,1014.8,57225.45,0.479,9,2,261,0,1,0,0,0,1
26,61500.0,3.2,RENT,15200.0,debt_consolidation,60,1234.88,38934.58,0.303,12,0,56,0,0,0,0,0,1
32,106400.0,5.7,OWN,8600.0,debt_consolidation,36,3184.51,186146.84,0.746,8,0,67,0,0,0,0,0,0
67,33600.0,17.7,MORTGAGE,5700.0,credit_card,36,1085.67,27548.09,0.433,4,0,207,0,0,0,1,0,1
60,75100.0,1.9,MORTGAGE,27900.0,medical,36,1227.75,44968.97,0.274,6,3,306,0,0,0,0,0,0
56,56500.0,2.4,MORTGAGE,11600.0,debt_consolidation,36,733.61,41293.18,0.162,3,0,156,0,0,0,0,0,1
35,40200.0,7.3,RENT,3500.0,credit_card,36,444.36,17661.58,0.093,13,0,179,0,0,0,0,0,1
48,128300.0,13.5,MORTGAGE,39200.0,debt_consolidation,36,2718.9,119145.21,0.452,5,1,295,1,0,0,0,0,1
69,109700.0,14.8,MORTGAGE,42800.0,debt_consolidation,36,2844.32,160364.13,0.491,9,3,305,0,0,0,0,0,1
65,88800.0,13.2,RENT,9200.0,auto,36,2440.85,140243.51,0.317,9,3,293,0,0,0,0,0,1
38,97600.0,1.0,MORTGAGE,26100.0,home_improvement,36,1065.51,26635.29,0.24,4,1,168,0,0,0,0,0,1
22,53100.0,0.3,RENT,7100.0,home_improvement,60,143.72,7279.85,0.411,11,1,15,0,0,0,0,0,1
33,68100.0,5.7,RENT,12600.0,credit_card,36,2249.24,130612.46,0.154,7,4,98,0,1,2,0,0,0
65,42100.0,11.3,MORTGAGE,9100.0,debt_consolidation,36,867.46,14496.67,0.061,14,0,455,0,0,0,0,0,1
35,101200.0,7.2,MORTGAGE,5300.0,debt_consolidation,36,3614.68,135919.23,0.441,6,1,95,0,0,0,0,0,1
40,40200.0,7.5,RENT,7700.0,debt_consolidation,60,102.57,5429.02,0.282,10,1,169,0,0,0,0,0,1
49,50300.0,9.2,MORTGAGE,8700.0,auto,36,1093.58,37048.23,0.058,11,2,216,0,0,0,0,0,1
62,37700.0,4.7,RENT,12000.0,home_improvement,36,1001.91,37093.4,0.391,7,1,188,0,0,0,0,0,1
49,74600.0,7.5,MORTGAGE,30000.0,debt_consolidation,36,2285.62,132550.44,0.625,12,0,303,0,0,0,0,0,1
23,57400.0,0.8,MORTGAGE,5300.0,credit_card,36,1055.83,48323.99,0.752,6,0,43,0,0,0,0,0,1
39,82600.0,6.2,MORTGAGE,20100.0,medical,36,2256.08,96724.74,0.385,3,1,115,0,0,0,0,0,1
23,45900.0,0.6,RENT,7400.0,debt_consolidation,36,598.69,29966.56,0.505,4,2,53,0,0,0,0,0,1
34,43700.0,6.0,MORTGAGE,19400.0,debt_consolidation,36,436.27,22106.24,0.356,16,0,95,0,0,0,0,0,1
60,84200.0,27.4,MORTGAGE,30500.0,debt_consolidation,60,2437.27,121801.45,0.39,6,3,303,0,0,0,0,0,1
24,61500.0,0.8,MORTGAGE,6000.0,major_purchase,36,1326.89,34067.46,0.487,5,1,39,0,0,0,0,0,1
31,300000.0,8.6,MORTGAGE,50000.0,home_improvement,60,2516.3,38263.01,0.555,4,1,97,0,0,0,0,0,1
51,94700.0,14.3,MORTGAGE,8900.0,credit_card,36,3976.64,159541.1,0.795,9,1,201,0,0,0,1,0,0
63,71500.0,7.0,RENT,26100.0,debt_consolidation,36,232.17,3955.83,0.089,5,0,392,0,0,0,1,0,1
52,135100.0,4.3,MORTGAGE,33100.0,debt_consolidation,60,4416.21,66567.15,0.183,6,1,275,0,0,0,0,0,1
47,114800.0,17.5,RENT,35500.0,debt_consolidation,36,3503.16,209465.2,0.384,7,5,271,0,0,0,0,0,1
50,73200.0,1.8,RENT,20500.0,medical,36,2339.12,96200.03,0.468,8,0,241,0,0,0,0,0,1
63,300000.0,11.5,MORTGAGE,36900.0,major_purchase,60,4317.26,198913.54,0.14,15,2,409,0,0,0,0,0,1
22,125000.0,0.5,RENT,6900.0,debt_consolidation,60,1358.97,80843.13,0.519,9,1,31,0,0,0,0,0,1
69,35900.0,14.8,RENT,14300.0,debt_consolidation,60,669.51,22409.88,0.503,13,1,226,0,0,0,0,0,1
29,55100.0,4.4,MORTGAGE,4800.0,major_purchase,60,984.71,53937.86,0.573,9,3,119,0,0,0,0,0,0
48,24700.0,4.5,OWN,9100.0,debt_consolidation,36,291.72,13900.71,0.223,8,1,117,0,0,0,0,0,1
51,29600.0,7.5,MORTGAGE,3700.0,debt_consolidation,36,553.92,16207.96,0.724,6,2,183,0,0,0,0,0,1
54,300000.0,13.1,MORTGAGE,50000.0,debt_consolidation,36,2740.22,51490.92,0.593,6,0,331,0,0,0,0,0,1
35,139200.0,5.7,RENT,40000.0,credit_card,36,739.09,32167.03,0.65,9,0,131,0,0,0,0,0,1
68,26200.0,28.7,MORTGAGE,5500.0,medical,36,464.95,27464.82,0.067,8,2,490,0,0,0,0,0,1
45,66000.0,2.4,MORTGAGE,20700.0,debt_consolidation,36,518.74,20719.04,0.827,6,1,153,0,0,0,0,0,1
56,54400.0,16.4,RENT,8700.0,debt_consolidation,36,786.74,45608.49,0.495,13,0,210,0,0,0,0,0,1
28,284500.0,2.2,OWN,50000.0,debt_consolidation,36,4963.31,92154.79,0.544,11,0,42,1,0,1,0,1,0
29,18100.0,3.6,RENT,6900.0,debt_consolidation,36,319.65,18244.58,0.242,5,4,50,0,0,0,0,0,1
57,46700.0,7.5,RENT,2500.0,major_purchase,36,522.65,29911.22,0.585,10,0,290,0,0,0,0,0,1
68,46900.0,24.2,RENT,6700.0,debt_consolidation,60,401.2,13156.86,0.39,12,2,311,0,0,0,0,0,1
65,44700.0,8.1,OWN,15500.0,debt_consolidation,60,1061.56,20685.7,0.599,6,2,391,0,0,0,0,0,1
59,76200.0,18.2,RENT,25700.0,credit_card,36,2221.07,129731.56,0.039,9,2,226,0,0,0,0,0,1
52,107900.0,13.9,MORTGAGE,12500.0,debt_consolidation,36,2057.29,112107.38,0.318,9,0,376,0,0,0,0,0,1
37,49700.0,3.9,MORTGAGE,22000.0,debt_consolidation,36,395.01,22978.82,0.157,15,0,200,0,0,0,0,0,1
55,63400.0,26.3,RENT,20300.0,credit_card,36,535.99,14892.61,0.366,7,1,254,0,0,0,0,0,1
57,39100.0,16.1,RENT,7800.0,small_business,36,548.55,15982.47,0.671,7,1,396,0,0,0,0,0,0
39,40900.0,3.0,RENT,7800.0,debt_consolidation,36,399.41,14935.77,0.56,6,1,99,0,0,0,0,0,1
64,83000.0,15.4,RENT,21500.0,medical,36,1715.52,70714.9,0.097,15,1,407,0,0,0,0,0,1
49,90900.0,4.7,MORTGAGE,5900.0,credit_card,36,1159.19,47981.52,0.15,4,2,313,0,0,0,0,0,1
27,24000.0,3.1,MORTGAGE,8100.0,major_purchase,36,424.32,10403.2,0.146,6,2,50,0,0,0,0,0,1
48,44300.0,14.9,RENT,3400.0,credit_card,36,665.77,10853.92,0.587,12,3,269,2,0,0,0,0,0
29,55400.0,1.4,MORTGAGE,17200.0,credit_card,36,685.46,38774.52,0.4,8,1,91,0,0,0,0,0,1
48,53500.0,1.3,OWN,19800.0,medical,36,183.7,8917.52,0.431,7,1,149,0,0,0,0,0,1
26,57200.0,0.2,MORTGAGE,23600.0,home_improvement,36,776.04,15781.54,0.097,8,3,82,0,1,0,0,0,1
49,18000.0,19.1,MORTGAGE,2000.0,debt_consolidation,60,455.33,19466.47,0.428,7,0,343,0,0,0,0,0,1
37,119400.0,5.9,OWN,41600.0,credit_card,60,550.47,12992.31,0.869,10,1,154,0,0,0,0,0,1
36,63400.0,5.9,OWN,28100.0,debt_consolidation,36,938.19,15773.3,0.36,11,0,177,0,1,0,0,0,1
43,300000.0,5.7,MORTGAGE,23100.0,debt_consolidation,60,5040.57,114501.67,0.365,5,2,147,0,0,0,0,0,1
51,93500.0,5.4,RENT,5700.0,small_business,36,1297.26,61734.1,0.477,4,2,209,0,0,0,0,0,1
23,81700.0,0.2,OWN,11000.0,home_improvement,36,1295.79,48206.24,0.222,10,0,48,1,0,0,0,0,1
41,41300.0,13.8,MORTGAGE,5500.0,debt_consolidation,60,1147.42,32220.88,0.632,6,0,256,0,0,0,0,0,1
46,48100.0,3.0,RENT,8600.0,debt_consolidation,36,320.26,15587.18,0.229,6,0,197,0,0,0,0,0,1
56,102900.0,14.2,OWN,43200.0,credit_card,36,2521.8,91869.83,0.591,10,1,247,0,0,0,0,0,1
62,56800.0,20.6,RENT,18400.0,debt_consolidation,36,1119.01,35100.04,0.188,7,4,239,1,0,0,0,0,1
57,45200.0,8.6,RENT,2500.0,debt_consolidation,60,1084.32,20041.2,0.069,5,3,335,0,0,0,0,0,1
42,187000.0,3.2,RENT,46400.0,debt_consolidation,60,5358.09,108885.35,0.467,8,0,189,0,1,0,0,0,1
62,81200.0,17.7,RENT,32500.0,home_improvement,36,1789.13,48620.03,0.559,5,1,418,0,0,0,0,0,1
32,102400.0,2.3,MORTGAGE,27000.0,debt_consolidation,36,1946.68,52901.6,0.472,4,1,155,0,0,0,0,0,1
62,55900.0,4.9,MORTGAGE,7100.0,debt_consolidation,36,1502.83,36845.63,0.249,10,1,243,0,1,0,0,0,1
33,129400.0,1.8,MORTGAGE,50000.0,major_purchase,60,2086.28,40878.12,0.517,5,1,158,0,0,0,0,0,1
31,49400.0,2.3,RENT,8500.0,small_business,60,763.99,32679.0,0.884,4,1,121,0,0,0,0,0,1
36,127400.0,0.9,MORTGAGE,24200.0,credit_card,60,3043.72,112928.18,0.419,6,0,154,2,0,0,0,0,0
28,51700.0,0.2,RENT,10000.0,debt_consolidation,60,418.55,18237.35,0.616,7,1,86,0,3,0,0,0,0
60,162600.0,1.5,OWN,33800.0,credit_card,36,2628.87,95563.87,0.44,10,1,338,0,0,0,0,0,1
60,136100.0,12.2,MORTGAGE,45400.0,home_improvement,36,1604.88,67686.77,0.585,15,3,351,1,0,0,0,0,1
65,52600.0,0.9,MORTGAGE,9200.0,debt_consolidation,60,900.01,48368.33,0.154,8,1,313,0,0,0,0,0,1
22,231300.0,0.1,MORTGAGE,50000.0,credit_card,36,6513.47,112988.71,0.424,7,0,40,0,0,0,0,0,0
50,71700.0,6.5,OWN,11100.0,home_improvement,36,1386.72,55681.73,0.285,6,0,345,0,0,0,0,0,1
50,170700.0,15.3,RENT,43200.0,small_business,36,3405.9,96234.49,0.471,11,2,299,0,1,0,0,0,1
32,35800.0,3.2,RENT,15400.0,debt_consolidation,36,66.67,1586.83,1.011,6,1,143,0,0,0,0,0,1
30,97500.0,2.0,MORTGAGE,16200.0,debt_consolidation,36,2113.54,58039.72,0.369,7,2,106,0,0,0,0,0,0
64,82500.0,7.3,MORTGAGE,31100.0,debt_consolidation,60,1306.82,70650.75,0.213,10,1,260,0,0,0,0,0,1
31,53500.0,3.7,RENT,7400.0,medical,36,1057.33,56804.18,0.548,6,4,119,0,0,0,0,0,1
35,112400.0,6.1,MORTGAGE,12100.0,debt_consolidation,36,2816.55,57201.98,0.148,10,1,86,0,0,0,0,0,1
36,135700.0,7.3,MORTGAGE,11700.0,home_improvement,36,1474.67,81374.15,0.41,7,2,147,0,0,0,0,0,1
37,89000.0,3.5,MORTGAGE,39300.0,auto,60,3544.08,171956.55,0.187,7,2,153,0,0,0,0,0,1
46,82300.0,11.1,MORTGAGE,22900.0,medical,36,2127.46,35047.34,0.839,9,4,108,0,0,0,0,0,1
22,76700.0,1.4,OWN,19600.0,debt_consolidation,60,1176.2,57745.44,0.664,11,1,19,0,0,0,0,0,1
70,88400.0,8.9,OWN,4700.0,small_business,36,2274.5,35654.76,0.185,3,0,431,0,0,0,0,0,1
32,102900.0,5.5,OWN,25100.0,home_improvement,36,1089.49,38648.12,0.192,12,3,135,3,1,0,0,0,0
71,100100.0,22.4,MORTGAGE,31500.0,major_purchase,36,934.14,24965.78,0.265,8,3,550,0,0,0,0,0,1
46,92500.0,3.7,RENT,19800.0,debt_consolidation,36,2513.58,99198.76,0.581,10,0,175,0,0,0,0,0,1
43,51900.0,7.3,MORTGAGE,5300.0,home_improvement,36,398.9,20747.06,0.409,4,1,176,0,0,0,0,0,1
38,115500.0,6.7,MORTGAGE,18100.0,credit_card,36,2528.5,43398.55,0.441,6,2,117,0,0,0,0,1,0
52,90900.0,4.4,RENT,30500.0,credit_card,36,2184.16,63919.23,0.125,11,0,330,0,0,0,0,0,1
69,82000.0,16.5,MORTGAGE,19700.0,home_improvement,36,2148.49,76505.61,0.832,10,0,221,0,0,0,0,1,1
58,58700.0,4.4,MORTGAGE,14200.0,debt_consolidation,36,889.25,44951.82,0.155,6,1,215,0,0,0,0,0,1
67,114100.0,17.9,OWN,7500.0,debt_consolidation,36,4539.25,149828.14,0.325,5,1,274,1,0,1,0,1,0
23,21600.0,1.9,RENT,5700.0,credit_card,36,225.31,4560.79,0.134,12,1,21,0,0,0,0,0,1
58,64200.0,19.5,MORTGAGE,14100.0,debt_consolidation,36,1667.07,28635.56,0.262,9,1,295,1,0,0,0,0,1
23,53500.0,0.9,MORTGAGE,21500.0,debt_consolidation,36,424.72,18085.24,0.587,8,2,36,0,0,0,0,0,1
50,51000.0,1.5,RENT,10300.0,auto,36,708.0,12509.6,0.716,7,1,146,0,0,0,1,0,0
21,57300.0,0.2,RENT,16800.0,debt_consolidation,36,243.1,12621.19,0.441,16,1,28,0,0,0,0,0,1
50,37500.0,9.6,RENT,15900.0,debt_consolidation,36,164.31,8489.3,0.775,9,1,259,0,0,0,0,0,1
65,54700.0,7.7,RENT,15100.0,debt_consolidation,36,1095.13,65384.71,0.05,12,1,468,0,0,0,0,0,1
52,34700.0,11.3,RENT,2100.0,credit_card,60,883.81,32366.43,0.512,9,0,381,0,0,0,0,0,1
48,83100.0,17.2,OWN,7500.0,major_purchase,36,1189.83,36958.0,0.245,8,0,152,0,0,0,0,0,0
41,111100.0,7.6,RENT,48500.0,debt_consolidation,60,1246.66,72489.51,0.36,7,3,125,0,0,0,0,0,1
66,118000.0,2.4,MORTGAGE,32000.0,credit_card,60,1246.11,63651.99,0.284,10,1,348,0,0,0,0,0,1
33,89500.0,7.3,OWN,11300.0,debt_consolidation,60,476.72,12225.51,0.611,7,2,75,0,0,0,0,0,1
47,48600.0,6.0,MORTGAGE,13500.0,small_business,36,1126.23,58757.68,0.993,13,2,200,0,0,0,0,0,1
56,36000.0,2.9,RENT,15600.0,credit_card,60,872.63,46804.9,0.286,7,1,401,0,0,0,0,0,1
27,46300.0,1.1,MORTGAGE,3100.0,small_business,60,1584.08,85149.1,0.279,6,3,84,0,0,0,0,0,1
42,55600.0,0.8,RENT,14500.0,small_business,36,1871.81,98155.75,0.578,6,4,198,0,0,0,0,0,0
30,46800.0,0.8,RENT,4900.0,major_purchase,60,1344.53,38361.75,0.491,5,3,62,0,0,0,0,0,1
59,251700.0,11.4,MORTGAGE,50000.0,auto,60,6777.32,203241.17,0.293,12,1,453,4,0,0,0,0,0
35,97500.0,5.7,RENT,30400.0,credit_card,36,1588.52,87348.4,0.475,7,3,125,0,0,0,0,0,1
35,91000.0,7.5,MORTGAGE,21300.0,credit_card,36,2667.97,69871.58,0.398,5,0,147,0,0,0,0,0,1
24,78500.0,0.3,MORTGAGE,34200.0,debt_consolidation,36,505.87,17199.5,0.562,7,1,32,0,0,0,0,0,1
52,50200.0,11.0,MORTGAGE,14200.0,debt_consolidation,36,742.36,13886.82,0.327,6,1,274,0,0,0,0,0,1
43,71400.0,5.1,RENT,31100.0,credit_card,36,2345.9,112901.32,0.59,8,0,271,0,0,0,0,0,0
26,97100.0,0.8,RENT,17100.0,home_improvement,36,173.2,6996.74,0.424,6,1,32,0,0,0,1,0,0
44,112500.0,4.8,MORTGAGE,6600.0,debt_consolidation,36,1993.98,91401.59,0.417,9,1,286,1,1,0,0,0,1
40,77900.0,3.8,OWN,8700.0,debt_consolidation,36,1055.65,30887.42,0.465,10,1,176,0,0,0,0,0,1
57,100700.0,11.2,MORTGAGE,7900.0,home_improvement,36,3260.04,155172.69,0.275,8,2,371,0,0,0,0,0,1
40,50800.0,2.2,MORTGAGE,17600.0,debt_consolidation,60,1444.51,57917.32,0.267,7,1,223,3,0,0,0,0,0
32,27900.0,6.2,MORTGAGE,3500.0,credit_card,36,889.57,52497.84,0.434,7,0,106,0,0,0,0,0,1
53,136400.0,5.3,MORTGAGE,48100.0,credit_card,36,6236.42,94749.82,0.686,5,1,166,0,0,0,0,0,0
48,47700.0,6.4,RENT,12600.0,major_purchase,36,937.18,41700.79,0.198,6,1,174,0,0,0,0,0,1
28,47600.0,3.3,MORTGAGE,6500.0,debt_consolidation,60,1121.45,28579.23,0.363,10,1,91,0,0,0,0,0,1
21,40800.0,0.5,MORTGAGE,12100.0,debt_consolidation,36,831.02,17685.49,0.106,6,0,24,0,0,0,0,0,1
57,78400.0,20.6,RENT,4300.0,debt_consolidation,60,1284.46,51927.7,0.086,10,2,146,0,0,0,0,0,1
42,49200.0,3.9,OWN,9000.0,debt_consolidation,36,1025.46,33449.97,0.284,5,2,188,0,0,0,0,0,1
26,150000.0,4.2,MORTGAGE,50000.0,debt_consolidation,36,3926.22,149707.55,0.218,7,2,85,1,0,0,0,0,1
41,147800.0,9.1,RENT,50000.0,home_improvement,36,3353.46,88974.94,0.103,11,0,116,3,0,2,1,0,0
52,81900.0,12.2,OWN,30000.0,credit_card,36,871.16,43335.53,0.548,7,1,296,0,0,0,0,0,1
55,45100.0,28.0,RENT,12900.0,home_improvement,36,346.63,15162.54,0.269,5,1,327,0,0,0,0,0,1
35,184000.0,1.6,RENT,50000.0,credit_card,36,4285.65,176718.73,0.556,10,1,147,0,0,0,0,0,1
25,124800.0,3.2,OWN,26600.0,credit_card,36,1246.49,58576.28,0.424,7,2,26,0,0,0,0,0,1
66,45900.0,12.9,MORTGAGE,19700.0,medical,36,1212.7,59589.15,0.629,5,2,287,0,0,0,0,0,1
70,83500.0,12.9,MORTGAGE,35900.0,small_business,60,1317.62,52748.42,0.587,6,2,358,0,0,0,0,0,1
68,77500.0,7.6,RENT,4100.0,debt_consolidation,60,1434.59,30289.5,0.155,11,1,519,2,0,0,0,0,1
26,91500.0,1.5,MORTGAGE,39800.0,debt_consolidation,36,1547.08,41464.52,0.448,4,0,51,0,0,0,0,0,1
45,71800.0,2.7,MORTGAGE,28600.0,debt_consolidation,60,2243.43,44061.44,0.177,8,0,292,0,0,0,0,0,1
66,67000.0,28.3,MORTGAGE,19600.0,home_improvement,36,1834.56,41011.17,0.509,8,1,233,0,0,0,0,0,1
60,300000.0,9.6,MORTGAGE,50000.0,debt_consolidation,36,7060.39,130733.32,0.407,11,2,317,0,0,0,0,0,1
49,91900.0,4.9,OWN,20100.0,credit_card,36,1414.44,54872.53,0.441,7,0,289,1,4,0,0,0,0
27,46300.0,4.4,MORTGAGE,18000.0,debt_consolidation,36,1153.81,54082.21,0.44,4,0,56,0,0,0,0,0,1
60,53500.0,16.7,MORTGAGE,5800.0,debt_consolidation,36,1513.51,32641.11,0.247,10,2,170,0,0,0,0,0,1
33,187800.0,1.3,MORTGAGE,50000.0,debt_consolidation,36,1337.79,22843.41,0.132,12,0,92,0,0,1,0,0,1
58,56700.0,11.8,RENT,8100.0,auto,36,976.38,34650.42,0.454,7,1,387,0,0,0,0,0,1
38,40900.0,0.6,OWN,8200.0,debt_consolidation,36,1494.39,87657.52,0.256,10,1,163,0,0,0,0,0,1
22,70800.0,0.8,RENT,3700.0,small_business,36,1713.96,72036.83,0.514,8,5,26,0,0,0,0,0,0
28,62100.0,2.4,RENT,27200.0,small_business,60,951.68,49049.56,0.686,6,1,67,0,0,0,0,0,1
31,148800.0,6.5,MORTGAGE,13900.0,debt_consolidation,36,569.92,13729.3,0.59,3,1,49,0,0,0,0,0,1
53,165300.0,2.1,MORTGAGE,50000.0,debt_consolidation,60,3902.07,221321.68,0.236,7,0,299,0,0,0,0,1,1
58,58700.0,19.2,RENT,16100.0,small_business,36,1582.77,54727.82,0.129,16,0,402,0,0,0,0,0,1
68,109100.0,19.7,RENT,41600.0,home_improvement,60,1124.87,32007.5,0.233,11,1,513,0,1,0,0,0,1
47,64400.0,2.9,OWN,16500.0,debt_consolidation,60,946.83,36499.02,0.57,7,0,249,1,0,0,0,0,1
40,44500.0,6.5,MORTGAGE,19700.0,medical,60,601.69,30621.21,0.395,4,3,231,0,0,0,0,0,0
32,186000.0,7.0,RENT,50000.0,debt_consolidation,60,3931.63,198367.4,0.33,7,1,148,0,0,0,0,0,1
63,203300.0,17.3,MORTGAGE,50000.0,debt_consolidation,60,6617.15,213328.29,0.325,7,2,225,0,0,0,0,0,1
51,84400.0,11.7,MORTGAGE,35300.0,debt_consolidation,36,1716.25,39325.77,0.352,12,1,253,0,0,0,0,0,1
47,49400.0,6.8,MORTGAGE,7600.0,home_improvement,60,656.8,14208.48,0.515,10,0,296,0,0,0,0,0,1
52,40700.0,2.4,RENT,7900.0,debt_consolidation,36,960.87,26109.55,0.255,11,0,160,0,0,0,0,0,1
30,100500.0,5.4,RENT,31800.0,small_business,60,1166.13,66233.17,0.05,11,2,72,0,0,0,0,0,1
23,145400.0,0.9,MORTGAGE,15500.0,debt_consolidation,60,2429.25,59731.81,0.565,10,1,47,0,0,0,1,0,1
65,76000.0,19.2,RENT,28400.0,debt_consolidation,60,1619.23,69908.23,0.101,6,0,287,1,1,0,0,0,1
47,128600.0,0.5,MORTGAGE,36900.0,small_business,60,1359.92,36307.73,0.492,6,1,157,0,0,0,0,0,1
55,62700.0,15.8,RENT,22100.0,small_business,36,2092.44,109896.15,0.477,10,1,293,0,0,0,0,0,0
51,51900.0,14.2,RENT,23200.0,debt_consolidation,60,1532.18,70692.05,0.848,6,2,362,0,0,0,0,0,1
35,81500.0,7.0,MORTGAGE,35900.0,credit_card,36,1353.31,72133.11,0.498,8,2,82,0,0,0,0,0,1
36,23400.0,1.6,MORTGAGE,5400.0,home_improvement,36,475.16,16888.63,0.56,16,0,157,0,0,0,0,0,1
33,54300.0,2.2,RENT,8800.0,home_improvement,36,520.95,21282.97,0.62,8,1,67,0,0,0,0,0,0
69,111400.0,17.8,RENT,33800.0,credit_card,36,1139.29,29037.11,0.352,8,0,364,0,0,0,0,0,1
55,18700.0,22.6,RENT,6300.0,small_business,60,809.51,16468.79,0.225,9,0,174,0,0,0,0,0,1
31,35100.0,0.3,MORTGAGE,5900.0,small_business,36,582.07,32088.02,0.439,7,1,112,0,0,0,0,0,0
41,66100.0,2.9,MORTGAGE,10700.0,small_business,36,2075.8,57688.58,0.106,7,1,97,0,0,0,0,0,1
71,36900.0,10.5,RENT,5000.0,debt_consolidation,60,1079.99,51747.72,0.549,11,1,550,0,0,0,0,0,1
31,54800.0,5.5,MORTGAGE,22700.0,debt_consolidation,36,1438.6,35194.95,0.6,7,3,58,0,0,0,0,0,1
50,23300.0,12.0,RENT,2100.0,debt_consolidation,36,465.56,15519.86,0.635,5,1,120,0,0,0,0,0,1
68,101300.0,19.1,RENT,15000.0,small_business,36,4425.83,263259.29,0.224,6,0,311,0,0,0,0,0,1
55,130000.0,16.8,MORTGAGE,39000.0,debt_consolidation,36,1999.63,39601.06,0.293,13,1,351,0,0,0,0,0,1
42,30900.0,11.5,MORTGAGE,7300.0,debt_consolidation,36,623.68,15863.13,0.01,9,2,214,2,0,0,0,0,1
58,80100.0,5.0,MORTGAGE,7900.0,medical,60,1687.15,81038.61,0.643,11,1,271,0,0,0,0,0,0
51,63800.0,8.0,RENT,10600.0,debt_consolidation,36,504.72,10037.46,0.189,3,0,234,0,0,0,0,0,1
34,91900.0,7.6,RENT,19600.0,debt_consolidation,36,1681.7,89331.95,0.647,10,2,62,0,0,0,0,0,0
44,160300.0,9.7,MORTGAGE,50000.0,major_purchase,36,5873.3,94632.32,0.078,6,3,215,1,1,0,0,0,1
70,38000.0,15.9,MORTGAGE,7900.0,debt_consolidation,36,1025.65,38586.75,0.234,6,0,407,0,0,0,0,1,1
69,142400.0,27.1,MORTGAGE,13700.0,major_purchase,36,4677.98,149477.68,0.663,12,0,550,0,0,0,0,0,1
52,180600.0,8.8,MORTGAGE,50000.0,debt_consolidation,36,774.03,16094.2,0.563,9,0,339,0,0,0,0,0,1
56,27500.0,7.4,RENT,6100.0,debt_consolidation,60,157.08,6907.74,0.289,6,2,404,0,0,0,0,0,1
52,122800.0,7.1,MORTGAGE,13000.0,debt_consolidation,36,3537.19,206603.28,0.594,7,2,368,0,0,0,0,0,1
35,44400.0,0.2,MORTGAGE,13100.0,major_purchase,60,628.75,26099.78,0.23,7,1,114,0,0,0,0,0,1
63,101300.0,18.4,MORTGAGE,37800.0,home_improvement,36,1750.95,41979.35,0.178,9,0,439,0,0,0,0,0,1
55,46300.0,7.3,RENT,15500.0,debt_consolidation,36,130.37,2531.04,0.238,4,1,396,0,0,0,0,0,1
23,52600.0,0.2,RENT,9200.0,home_improvement,36,963.3,49138.45,0.662,9,0,24,0,0,0,0,0,1
36,49900.0,5.2,MORTGAGE,7300.0,debt_consolidation,36,552.06,29335.91,0.196,9,0,197,0,0,0,0,0,1
25,42000.0,1.0,RENT,16900.0,credit_card,36,1005.59,42714.81,0.528,6,0,53,0,0,0,0,0,1
41,107600.0,4.6,MORTGAGE,13700.0,debt_consolidation,36,1921.15,29502.13,0.527,13,1,111,0,0,0,0,0,1
30,93000.0,0.7,OWN,32800.0,small_business,60,1364.92,26479.28,0.819,5,1,134,0,0,0,0,0,1
39,94300.0,8.6,RENT,5600.0,credit_card,36,1975.37,91091.56,0.363,6,0,224,0,0,0,0,0,1
45,58200.0,1.0,RENT,12700.0,medical,36,1575.77,44716.41,0.351,4,2,232,0,0,0,0,0,0
24,61500.0,2.9,MORTGAGE,27300.0,credit_card,60,1756.85,48264.83,0.329,7,1,49,3,0,1,0,0,1
49,87600.0,4.9,RENT,26600.0,credit_card,36,786.15,25090.54,0.265,7,2,181,1,1,0,0,0,1
39,45700.0,13.0,RENT,8000.0,home_improvement,36,981.88,50081.5,0.139,8,0,118,1,1,0,0,0,1
63,54400.0,10.3,RENT,17900.0,home_improvement,36,617.62,31184.72,0.408,8,1,189,0,0,0,0,0,1
22,118400.0,0.7,RENT,22700.0,debt_consolidation,60,3017.94,80840.35,0.154,9,3,33,0,0,0,0,0,1
30,88200.0,0.4,MORTGAGE,37500.0,credit_card,36,2062.67,101179.25,0.069,9,2,96,0,0,0,0,0,0
63,134600.0,29.6,MORTGAGE,19400.0,home_improvement,60,4567.16,124416.21,0.332,13,1,457,0,0,0,0,0,1
45,18000.0,1.5,RENT,3200.0,debt_consolidation,36,631.58,14469.01,0.11,13,3,176,0,0,0,0,0,1
40,159600.0,9.5,OWN,50000.0,debt_consolidation,36,892.69,49956.26,0.637,7,3,146,0,0,0,0,0,1
68,118400.0,33.0,MORTGAGE,43600.0,debt_consolidation,36,1972.07,67685.86,0.116,11,1,403,0,0,0,0,0,1
39,119600.0,6.3,MORTGAGE,33600.0,small_business,36,1981.43,85572.15,0.417,14,1,136,2,0,0,0,0,1
43,29300.0,15.9,RENT,4900.0,debt_consolidation,36,518.19,11328.57,0.313,7,2,169,1,0,0,0,0,1
44,52500.0,18.5,MORTGAGE,14700.0,debt_consolidation,60,1007.87,19879.0,0.352,7,0,261,0,0,0,0,0,1
31,56300.0,6.8,RENT,7800.0,debt_consolidation,60,711.43,34560.14,0.177,15,0,108,0,0,0,0,0,1
66,78000.0,27.8,RENT,5700.0,debt_consolidation,36,1427.71,69845.84,0.389,7,2,228,0,1,0,0,0,0
54,189000.0,11.0,RENT,50000.0,debt_consolidation,36,6495.04,291037.22,0.577,11,1,315,0,0,0,0,0,1
48,79600.0,3.6,RENT,19300.0,major_purchase,36,2682.87,94216.7,0.111,11,0,266,0,0,0,0,0,1
25,135600.0,0.8,MORTGAGE,32800.0,debt_consolidation,60,3534.99,190094.8,0.594,4,1,73,0,0,0,0,0,1
25,153100.0,1.1,RENT,50000.0,credit_card,36,451.66,7993.59,0.392,8,1,62,0,0,0,0,0,1
71,104000.0,23.8,MORTGAGE,28500.0,small_business,36,3162.95,161244.94,0.344,5,1,550,3,1,1,0,1,0
41,80500.0,5.5,RENT,18700.0,auto,60,744.85,20486.75,0.764,6,3,106,0,0,0,0,0,1
32,140600.0,3.4,MORTGAGE,50000.0,home_improvement,36,2521.21,140536.65,0.46,6,0,142,1,1,0,1,0,0
70,29900.0,3.5,RENT,7200.0,medical,36,654.42,15780.52,0.957,5,3,270,1,0,0,0,0,0
24,100600.0,0.9,MORTGAGE,41800.0,debt_consolidation,60,1121.22,22959.27,0.698,11,2,51,0,0,0,0,0,1
69,165100.0,13.1,RENT,28500.0,home_improvement,36,2323.07,66636.79,0.357,10,1,317,0,0,0,0,0,1
62,77000.0,11.1,RENT,4900.0,medical,36,3565.71,105076.45,0.537,10,1,181,0,0,0,0,0,1
40,98100.0,5.4,RENT,10800.0,debt_consolidation,36,2100.41,93611.69,0.592,7,1,135,0,0,0,0,0,1
58,124500.0,2.7,MORTGAGE,47000.0,debt_consolidation,36,1717.24,37720.64,0.715,6,1,403,1,1,0,0,0,1
45,57600.0,13.3,RENT,24200.0,home_improvement,36,2336.74,66910.39,0.399,8,0,270,0,0,0,0,0,1
34,300000.0,2.6,MORTGAGE,24000.0,debt_consolidation,36,3281.0,138613.37,0.347,6,1,145,0,0,0,0,0,1
31,36400.0,3.3,RENT,15100.0,debt_consolidation,36,584.74,16281.97,0.308,9,4,123,0,0,0,0,0,0
52,25200.0,3.8,OWN,10800.0,small_business,60,765.38,25147.84,0.064,6,0,155,1,0,0,0,0,1
31,103700.0,0.6,RENT,36500.0,debt_consolidation,60,3030.76,63418.23,0.248,11,0,97,0,0,0,0,0,1
38,50000.0,4.9,RENT,17700.0,debt_consolidation,60,782.75,15664.21,0.635,9,2,106,0,0,0,0,0,1
47,77300.0,18.5,RENT,3900.0,major_purchase,36,313.63,15163.08,0.568,7,0,271,0,0,0,0,0,1
38,81400.0,3.5,RENT,11300.0,debt_consolidation,36,429.6,7729.88,0.139,5,2,225,1,0,0,0,0,1
43,89300.0,8.3,OWN,12100.0,major_purchase,36,1048.33,61277.37,0.097,11,2,153,0,0,0,0,0,1
31,33900.0,4.7,RENT,9600.0,debt_consolidation,36,898.12,42160.44,0.367,3,1,104,0,0,0,0,0,1
41,46200.0,11.2,MORTGAGE,14500.0,major_purchase,36,1567.19,78851.61,0.505,12,2,137,0,0,0,0,0,1
64,130300.0,24.3,RENT,50000.0,major_purchase,60,933.73,34391.22,0.371,10,3,178,0,0,0,0,0,1
25,51600.0,3.3,MORTGAGE,12700.0,debt_consolidation,36,1263.12,31450.16,0.345,8,1,58,0,0,0,0,0,1
43,64900.0,6.4,MORTGAGE,16300.0,medical,36,898.38,51271.51,0.309,5,2,246,0,0,0,0,1,1
61,50300.0,23.4,OWN,3600.0,credit_card,36,703.56,41491.12,0.185,8,0,306,0,0,0,0,0,1
45,89600.0,10.3,RENT,40200.0,credit_card,36,1663.15,97680.34,0.138,4,2,125,1,0,0,0,0,1
61,54200.0,15.1,MORTGAGE,23200.0,credit_card,60,763.4,23257.75,0.406,11,0,178,1,0,0,0,0,1
30,166800.0,5.0,RENT,13100.0,debt_consolidation,36,6104.62,192362.22,0.092,11,3,106,3,0,2,0,1,0
42,44200.0,5.3,RENT,12100.0,small_business,36,1311.98,38998.5,0.473,6,1,109,0,0,0,0,0,1
39,30900.0,10.6,MORTGAGE,5800.0,debt_consolidation,60,661.68,13957.86,0.227,13,3,207,0,0,0,0,0,1
21,35100.0,0.3,MORTGAGE,7800.0,debt_consolidation,36,583.9,24753.86,0.337,7,2,26,0,0,0,0,0,1
27,127600.0,2.6,MORTGAGE,39600.0,home_improvement,60,1564.58,77366.03,0.433,5,1,96,0,0,0,0,0,1
24,34800.0,1.8,OWN,7600.0,debt_consolidation,36,479.73,25926.11,0.553,5,1,41,0,0,0,0,0,0
21,32100.0,0.2,MORTGAGE,8000.0,credit_card,36,384.81,13590.63,0.274,7,4,34,0,0,0,0,0,1
35,103200.0,4.4,RENT,16400.0,debt_consolidation,36,1784.47,30883.62,0.219,14,3,74,0,0,0,0,0,1
60,182500.0,3.6,MORTGAGE,15100.0,credit_card,36,610.69,18979.23,0.406,7,2,307,0,0,0,0,0,1
32,220400.0,7.9,RENT,50000.0,debt_consolidation,36,3221.92,71394.34,0.827,10,1,76,0,0,0,0,0,1
42,63200.0,0.8,MORTGAGE,12700.0,major_purchase,36,616.85,24343.65,0.495,10,2,191,0,0,0,0,0,1
42,18000.0,2.5,MORTGAGE,7300.0,credit_card,36,85.54,3929.49,0.34,8,1,259,0,0,0,0,0,1
70,61100.0,13.8,MORTGAGE,26200.0,debt_consolidation,36,1167.83,38147.04,0.804,11,2,313,0,0,0,0,0,1
67,133000.0,25.6,OWN,11300.0,debt_consolidation,36,2549.35,134909.83,0.288,8,0,231,0,0,0,0,0,1
37,38100.0,3.2,RENT,12300.0,credit_card,36,62.61,3023.78,0.497,9,1,138,0,0,0,0,0,1
49,49800.0,7.3,OWN,18800.0,credit_card,36,1466.37,42420.42,0.681,13,0,221,0,0,0,0,0,1
66,80900.0,3.1,MORTGAGE,25000.0,medical,60,1325.92,23659.97,0.356,7,0,273,0,0,0,0,0,1
34,131300.0,2.9,RENT,23800.0,debt_consolidation,36,466.1,14722.25,0.716,10,1,170,0,0,0,0,0,1
70,39900.0,17.7,RENT,6500.0,major_purchase,36,993.58,46550.38,0.669,6,2,464,0,0,0,0,0,1
40,123400.0,13.4,MORTGAGE,29000.0,home_improvement,36,1549.64,83359.76,0.657,8,1,112,0,1,0,0,0,1
70,100900.0,6.2,RENT,15500.0,credit_card,60,975.26,40203.22,0.063,9,0,372,0,0,0,0,0,1
68,59300.0,42.7,RENT,24200.0,major_purchase,60,511.88,14334.33,0.626,9,2,240,0,0,0,0,0,1
53,104600.0,11.9,MORTGAGE,7300.0,major_purchase,36,1240.79,32092.8,0.323,6,3,141,0,0,0,0,0,1
63,119000.0,8.6,RENT,11300.0,home_improvement,36,2334.75,42760.7,0.353,7,3,234,0,0,0,0,0,1
35,170000.0,7.2,OWN,49700.0,debt_consolidation,60,4239.5,88289.54,0.565,7,2,184,0,0,0,0,0,0
32,157200.0,3.8,MORTGAGE,49300.0,debt_consolidation,36,2244.26,124592.47,0.491,11,1,52,0,0,0,0,0,1
60,36600.0,18.0,MORTGAGE,12600.0,credit_card,36,595.09,12267.44,0.614,6,2,337,0,0,0,0,0,1
40,89000.0,8.4,RENT,14300.0,debt_consolidation,36,789.54,28814.56,0.133,5,2,237,0,0,0,0,0,1
50,66800.0,18.7,MORTGAGE,11200.0,credit_card,60,530.74,9427.52,0.556,11,2,202,0,0,0,0,0,1
58,83800.0,12.1,MORTGAGE,18100.0,credit_card,36,1712.25,30708.46,0.112,10,1,357,0,0,0,0,0,1
23,70200.0,1.3,OWN,10100.0,credit_card,36,1219.35,40421.52,0.238,10,0,26,0,1,0,0,0,0
48,74800.0,3.8,RENT,15000.0,credit_card,36,1863.27,35438.4,0.465,8,0,283,0,0,0,0,0,1
46,67900.0,8.7,MORTGAGE,22300.0,debt_consolidation,36,1210.23,66486.5,0.554,5,2,285,0,0,0,0,0,0
50,48500.0,9.6,MORTGAGE,12100.0,debt_consolidation,36,905.27,17081.38,0.321,8,1,206,0,0,0,0,0,1
33,78200.0,8.5,RENT,34100.0,credit_card,60,465.37,22423.56,0.869,14,0,87,1,0,0,0,0,1
33,113600.0,2.8,RENT,32000.0,credit_card,36,1510.33,80009.52,0.366,9,2,123,0,0,0,0,0,1
22,61700.0,0.5,MORTGAGE,11200.0,debt_consolidation,36,405.8,13519.7,0.057,11,0,21,1,0,0,0,0,1
57,51500.0,13.4,RENT,6300.0,debt_consolidation,36,204.98,3915.44,0.04,7,0,297,1,0,0,0,0,1
69,76900.0,25.0,OWN,10600.0,debt_consolidation,36,694.9,13734.94,0.215,4,0,464,0,0,0,0,0,1
58,84100.0,15.0,OWN,4700.0,credit_card,60,985.7,56758.25,0.638,3,1,343,0,0,0,0,0,1
22,46800.0,1.1,MORTGAGE,10600.0,credit_card,36,1441.39,61914.11,0.5,10,1,24,0,0,0,0,0,1
56,54800.0,4.7,MORTGAGE,23800.0,debt_consolidation,60,344.88,6254.21,0.516,9,1,287,0,0,0,0,0,0
46,36800.0,11.2,RENT,13300.0,credit_card,36,815.98,34757.86,0.28,5,2,162,0,0,0,0,0,1
31,82200.0,4.9,OWN,14000.0,debt_consolidation,36,921.03,16419.84,0.568,6,1,142,0,0,0,0,0,1
28,57100.0,6.7,MORTGAGE,21100.0,credit_card,36,1229.4,45137.9,0.211,5,0,78,0,0,0,1,0,0
64,145900.0,5.8,MORTGAGE,50000.0,major_purchase,36,3413.46,187150.88,0.681,8,1,189,0,0,0,0,0,1
60,91400.0,22.5,MORTGAGE,29200.0,debt_consolidation,36,1583.84,60226.18,0.117,11,0,396,1,0,0,0,0,1
63,100200.0,18.3,RENT,25500.0,debt_consolidation,60,2637.53,82171.2,0.309,7,0,190,0,0,0,0,0,1
42,74800.0,2.7,MORTGAGE,7800.0,home_improvement,36,1544.4,38665.8,0.097,9,1,154,0,0,0,0,0,1
40,111400.0,9.9,MORTGAGE,9100.0,medical,36,2481.7,76249.0,0.453,7,0,186,0,0,0,0,0,1
28,28100.0,3.1,RENT,3900.0,credit_card,36,401.3,22084.7,0.378,6,0,45,0,0,0,0,0,1
49,67900.0,14.3,RENT,21400.0,debt_consolidation,36,1252.0,35947.1,0.2,9,1,176,0,0,0,0,0,1
60,57800.0,32.0,MORTGAGE,6500.0,medical,36,777.82,24470.46,0.153,6,1,396,0,0,0,0,0,1
46,128800.0,7.8,MORTGAGE,33900.0,credit_card,36,2870.51,145460.26,0.298,5,2,271,1,1,0,0,0,0
50,34000.0,1.2,RENT,7600.0,credit_card,36,873.53,14806.44,0.259,9,0,134,0,0,0,0,0,1
37,77700.0,2.5,OWN,23400.0,credit_card,36,817.64,34132.47,0.536,8,3,171,0,0,0,0,0,1
40,139500.0,6.3,RENT,9900.0,debt_consolidation,36,1303.48,21342.57,0.399,9,1,81,0,0,0,0,0,1
36,65200.0,10.1,MORTGAGE,28800.0,home_improvement,60,926.44,14004.53,0.644,4,1,193,0,0,0,0,0,1
66,65000.0,24.8,RENT,21200.0,credit_card,36,821.9,25458.76,0.715,7,0,534,0,0,0,0,0,1
63,80200.0,24.3,RENT,27200.0,medical,36,1686.43,39508.18,0.266,6,1,300,0,0,0,0,0,1
27,61200.0,3.3,MORTGAGE,3500.0,debt_consolidation,60,808.83,15340.68,0.458,8,0,75,0,0,0,0,0,1
36,86000.0,6.8,MORTGAGE,7000.0,credit_card,36,3049.16,150680.07,0.757,8,1,121,0,0,0,0,0,1
65,126700.0,8.4,MORTGAGE,41200.0,credit_card,36,2382.54,109957.82,0.216,14,0,204,0,0,0,0,0,1
67,82200.0,21.2,MORTGAGE,7700.0,major_purchase,36,1258.75,68231.72,0.525,1,1,260,0,0,0,0,0,1
68,68000.0,24.0,RENT,27800.0,debt_consolidation,60,812.28,20298.25,0.704,12,1,550,0,0,0,0,0,1
47,106500.0,9.0,MORTGAGE,31800.0,home_improvement,60,3078.71,112785.29,0.747,6,1,251,0,0,0,0,1,0
43,159500.0,8.5,RENT,12500.0,credit_card,60,5551.05,330132.06,0.23,3,2,146,0,0,0,0,1,0
44,48200.0,4.9,RENT,14200.0,credit_card,36,888.5,32460.59,0.71,19,0,231,0,0,0,0,0,1
29,195800.0,4.9,OWN,50000.0,major_purchase,36,3405.29,129247.15,0.375,6,1,85,1,1,0,0,0,0
55,50100.0,3.5,MORTGAGE,18600.0,credit_card,36,559.4,10344.93,0.302,6,3,197,1,0,0,0,0,1
71,84600.0,15.5,RENT,17800.0,home_improvement,36,1409.71,72855.21,0.339,4,0,342,0,0,0,0,0,1
40,82400.0,1.4,MORTGAGE,19300.0,credit_card,36,2912.5,104992.46,0.359,10,0,101,0,0,0,0,0,0
57,85100.0,14.5,MORTGAGE,29300.0,debt_consolidation,36,2518.71,72945.08,0.133,5,1,437,0,0,0,0,0,1
62,27900.0,1.3,MORTGAGE,11200.0,debt_consolidation,36,407.95,18952.51,0.305,9,0,214,0,0,0,0,0,1
37,34800.0,2.8,MORTGAGE,12800.0,debt_consolidation,36,1172.44,46306.02,0.49,8,1,90,0,1,1,0,0,1
67,55300.0,5.4,MORTGAGE,16000.0,home_improvement,36,141.31,8335.42,0.533,8,1,445,0,0,0,0,0,1
51,47800.0,14.1,MORTGAGE,16300.0,debt_consolidation,36,553.08,19872.58,0.506,9,0,233,0,0,0,0,0,1
28,91100.0,3.4,MORTGAGE,28300.0,home_improvement,36,1966.19,110197.71,0.822,3,0,87,0,0,0,0,0,1
35,132300.0,7.3,MORTGAGE,37200.0,debt_consolidation,60,3925.72,145576.74,0.225,5,4,117,0,0,0,0,0,1
51,22200.0,8.2,MORTGAGE,9300.0,credit_card,36,886.63,31519.09,0.125,4,2,216,0,0,0,0,1,0
50,36300.0,11.2,RENT,11200.0,debt_consolidation,60,418.16,7451.39,0.13,10,0,118,0,0,0,0,0,1
66,50900.0,14.1,RENT,10300.0,debt_consolidation,36,1403.58,76262.95,0.294,6,2,476,0,0,0,0,1,1
40,36700.0,9.4,OWN,16100.0,debt_consolidation,36,1179.03,65868.16,0.269,5,0,163,0,0,0,0,0,1
59,56600.0,6.6,OWN,24300.0,medical,36,854.44,12833.04,0.289,9,1,409,0,0,0,0,0,1
32,42400.0,3.3,MORTGAGE,15400.0,debt_consolidation,36,1528.39,26990.05,0.232,9,0,90,0,0,0,0,0,1
69,89000.0,6.6,RENT,5600.0,debt_consolidation,60,1421.46,44487.97,0.503,9,1,458,0,0,0,0,0,1
37,300000.0,10.0,RENT,50000.0,major_purchase,36,3481.47,86224.62,0.845,10,1,124,1,1,0,0,0,1
62,42500.0,21.9,RENT,2600.0,debt_consolidation,36,890.15,26743.59,0.132,9,2,193,0,0,1,0,0,1
50,135500.0,14.6,MORTGAGE,10800.0,credit_card,36,2598.66,62383.88,0.413,14,1,303,0,0,1,1,0,1
49,289600.0,2.6,RENT,50000.0,major_purchase,36,3267.41,157536.28,0.221,9,1,272,0,0,0,0,0,1
39,47000.0,8.9,MORTGAGE,8300.0,home_improvement,60,1646.85,25043.15,0.688,9,0,117,0,0,0,0,0,1
66,222700.0,32.7,MORTGAGE,50000.0,small_business,36,2471.64,132980.43,0.178,7,3,477,0,0,0,0,0,1
31,41900.0,4.0,MORTGAGE,6200.0,credit_card,36,298.58,6871.65,0.048,8,0,73,0,0,0,0,0,1
54,134000.0,4.7,OWN,17400.0,home_improvement,60,4021.68,162973.96,0.32,9,1,133,0,0,0,0,0,1
70,43600.0,11.7,OWN,13800.0,medical,36,238.63,10328.35,0.422,7,2,346,0,0,0,0,0,1
27,24400.0,4.1,MORTGAGE,5500.0,major_purchase,60,111.55,3272.53,0.698,10,1,55,0,0,0,0,0,0
64,119900.0,0.5,RENT,8500.0,credit_card,36,4698.48,185724.49,0.344,8,1,244,0,0,0,0,0,1
54,90100.0,1.6,OWN,20400.0,debt_consolidation,36,704.2,27307.7,0.784,6,2,186,0,0,0,0,0,1
40,64700.0,4.1,RENT,22900.0,auto,36,2754.98,54561.62,0.796,5,2,183,0,0,0,0,0,1
70,27200.0,26.7,RENT,2100.0,debt_consolidation,36,249.39,8660.12,0.606,10,1,294,0,0,0,0,0,1
58,139200.0,10.7,MORTGAGE,50000.0,debt_consolidation,36,1735.23,91238.48,0.628,4,1,285,1,1,0,0,0,1
44,122600.0,13.5,RENT,29500.0,debt_consolidation,60,2292.23,132210.92,0.203,6,1,295,0,0,0,0,0,1
30,24700.0,2.0,MORTGAGE,6300.0,debt_consolidation,36,342.52,6281.75,0.118,8,1,108,0,0,0,0,0,1
52,76200.0,13.5,MORTGAGE,12900.0,small_business,36,1134.08,27729.89,0.799,13,0,216,1,0,0,0,0,1
35,91000.0,8.9,MORTGAGE,28100.0,debt_consolidation,36,1457.75,61698.6,0.375,12,2,78,0,0,0,0,0,1
57,36000.0,19.1,OWN,2100.0,debt_consolidation,60,1310.42,42358.71,0.276,6,0,286,0,0,0,0,0,1
40,116800.0,6.2,MORTGAGE,40300.0,debt_consolidation,36,1157.34,23223.51,0.134,5,0,233,0,0,0,0,0,1
23,265700.0,0.2,RENT,23800.0,debt_consolidation,60,6595.12,119948.45,0.859,10,1,52,0,0,0,0,0,1
57,121500.0,10.3,RENT,27700.0,home_improvement,60,2916.09,155570.4,0.549,6,3,392,0,0,0,0,0,0
60,176300.0,2.1,OWN,19200.0,credit_card,36,2582.81,102233.34,0.469,9,2,198,0,0,0,0,0,1
28,110300.0,0.4,MORTGAGE,13000.0,home_improvement,36,1806.73,55058.12,0.754,7,2,93,0,0,0,0,0,1
60,36100.0,4.9,RENT,8500.0,home_improvement,60,749.11,35253.13,0.462,6,1,164,0,0,0,1,0,0
64,106500.0,8.4,MORTGAGE,8100.0,debt_consolidation,36,490.44,24549.53,0.652,11,2,205,0,0,0,0,0,1
43,32600.0,10.3,RENT,3600.0,home_improvement,36,619.88,22710.93,0.253,7,3,124,1,0,0,0,0,0
60,50300.0,7.9,RENT,13500.0,home_improvement,60,1145.36,29802.19,0.045,9,1,463,1,0,0,0,0,1
31,58000.0,5.5,MORTGAGE,19000.0,debt_consolidation,36,1369.78,37449.16,0.466,8,3,81,1,0,0,0,0,0
66,54500.0,21.3,RENT,10600.0,debt_consolidation,36,1565.81,37606.6,0.552,4,1,324,0,0,0,0,0,1
28,42900.0,6.0,RENT,17000.0,debt_consolidation,36,1691.5,64811.66,0.27,7,2,73,0,0,0,0,1,1
49,57700.0,6.5,MORTGAGE,6600.0,debt_consolidation,60,872.27,29959.64,0.141,3,2,122,0,0,0,0,0,1
50,61900.0,16.0,MORTGAGE,17000.0,credit_card,36,1687.85,58109.11,0.126,11,3,231,3,0,0,0,0,0
30,134500.0,3.0,MORTGAGE,11500.0,debt_consolidation,36,1910.61,74483.15,0.19,5,1,51,0,0,0,0,0,1
59,83800.0,14.5,MORTGAGE,9800.0,debt_consolidation,60,2203.83,92736.18,0.577,16,0,254,0,0,0,0,0,1
48,114400.0,6.8,MORTGAGE,47300.0,debt_consolidation,36,2957.77,66711.48,0.215,8,0,271,0,0,0,0,0,1
69,58200.0,21.4,MORTGAGE,26000.0,debt_consolidation,36,936.37,30161.03,0.518,9,3,380,0,0,0,0,0,1
56,112700.0,4.3,MORTGAGE,50000.0,debt_consolidation,60,4174.73,65713.21,0.043,8,0,266,0,0,0,0,0,1
33,22900.0,8.7,RENT,8500.0,credit_card,36,381.11,19620.52,0.298,9,2,171,0,0,0,0,0,1
52,32800.0,2.5,RENT,4300.0,debt_consolidation,36,322.2,7891.15,0.817,10,2,181,0,0,0,0,0,0
56,115300.0,18.8,MORTGAGE,19000.0,major_purchase,60,3187.47,186812.79,0.578,3,3,351,4,0,0,0,0,1
57,47700.0,17.0,RENT,4100.0,major_purchase,36,314.38,17091.73,0.254,3,1,287,1,1,0,0,0,1
46,70200.0,3.9,MORTGAGE,5000.0,home_improvement,60,1202.2,52902.59,0.334,11,1,223,0,0,0,0,0,1
42,18300.0,3.8,RENT,6300.0,debt_consolidation,36,360.29,9385.03,0.25,6,0,168,0,0,0,0,0,1
24,53700.0,0.3,RENT,14300.0,major_purchase,36,770.29,11650.86,0.131,11,0,42,0,0,0,0,0,1
51,33300.0,11.6,MORTGAGE,10500.0,debt_consolidation,60,762.52,27349.09,0.452,5,2,292,0,0,0,0,0,1
38,45500.0,12.6,OWN,12800.0,debt_consolidation,36,1299.06,49295.76,0.489,3,2,199,0,0,0,0,0,1
58,70800.0,23.9,MORTGAGE,3900.0,home_improvement,36,497.58,23997.84,0.105,7,2,250,1,0,1,0,0,1
44,70000.0,6.8,RENT,12500.0,debt_consolidation,60,974.64,15932.7,0.071,10,2,261,1,0,0,0,0,1
43,57900.0,11.5,MORTGAGE,18900.0,credit_card,36,547.1,20888.04,0.21,4,0,151,0,0,0,0,0,1
42,108800.0,3.6,MORTGAGE,42900.0,home_improvement,36,200.33,9822.13,0.092,8,2,122,1,0,1,1,0,0
22,52000.0,1.2,RENT,5800.0,debt_consolidation,36,522.46,18026.92,0.191,6,2,31,1,0,0,0,0,1
51,57200.0,7.9,MORTGAGE,5600.0,debt_consolidation,36,2201.09,78404.2,0.467,4,1,185,0,0,0,0,0,1
31,34300.0,4.4,RENT,14900.0,medical,36,535.7,27591.17,0.467,13,1,69,0,0,0,0,0,1
48,129000.0,7.0,RENT,50000.0,home_improvement,36,3885.5,139423.62,0.271,4,0,214,0,0,0,0,0,1
66,42300.0,32.1,MORTGAGE,14800.0,debt_consolidation,36,513.85,22631.18,0.626,5,3,288,0,0,0,0,0,1
52,30500.0,13.0,MORTGAGE,2200.0,credit_card,36,864.28,42872.34,0.118,10,1,224,0,0,0,0,0,1
25,33900.0,1.7,MORTGAGE,10200.0,debt_consolidation,36,199.13,10705.23,0.125,9,1,28,1,0,0,0,0,0
58,73700.0,20.6,RENT,7500.0,major_purchase,60,1772.95,83815.22,0.567,3,3,299,0,0,0,0,0,1
30,62800.0,5.0,RENT,24400.0,debt_consolidation,36,698.85,14586.9,0.091,11,2,112,0,0,0,0,0,1
60,58500.0,10.8,OWN,10000.0,small_business,36,1388.9,66027.33,0.366,10,0,314,1,0,0,0,0,1
66,115000.0,23.9,RENT,27600.0,auto,60,2554.96,42455.37,0.174,4,2,269,0,0,0,0,0,1
44,38500.0,18.3,MORTGAGE,4800.0,auto,60,1041.3,50687.77,0.536,12,0,151,0,0,0,0,0,1
55,86900.0,11.0,MORTGAGE,29500.0,debt_consolidation,60,526.11,16213.09,0.468,8,0,215,0,0,0,0,0,1
64,69700.0,31.3,RENT,17500.0,medical,60,861.08,22649.99,0.335,11,1,410,0,0,0,0,0,1
68,82800.0,14.5,OWN,27500.0,debt_consolidation,60,606.5,34212.72,0.791,12,2,362,0,0,0,0,0,1
43,70400.0,6.7,RENT,12500.0,debt_consolidation,60,583.46,32952.51,0.767,7,4,254,0,0,0,0,0,1
37,43800.0,4.4,MORTGAGE,8800.0,debt_consolidation,36,922.64,25577.39,0.422,10,1,98,0,0,0,0,0,1
21,19500.0,0.3,MORTGAGE,8000.0,credit_card,36,89.78,3551.91,0.217,15,1,16,0,0,0,0,0,1
51,103400.0,7.0,MORTGAGE,15700.0,credit_card,36,2666.22,84068.62,0.278,8,3,172,0,0,0,0,0,1
51,65900.0,9.8,MORTGAGE,27100.0,home_improvement,36,1573.66,32784.37,0.527,7,2,261,0,0,0,0,0,1
62,70800.0,24.4,MORTGAGE,5700.0,medical,36,1488.18,48268.6,0.555,9,1,357,0,0,0,0,0,1
62,65100.0,12.1,MORTGAGE,7400.0,debt_consolidation,60,397.57,18401.53,0.615,4,5,421,0,0,0,0,0,1
54,29300.0,22.1,OWN,9200.0,debt_consolidation,36,587.33,11698.35,0.148,9,1,191,0,0,0,0,1,1
29,75000.0,0.3,OWN,33600.0,credit_card,60,2687.87,75741.96,0.368,7,2,87,0,0,0,0,0,1
42,67300.0,5.7,MORTGAGE,28500.0,credit_card,36,2333.12,48145.9,0.5,14,1,112,0,0,1,0,0,0
33,63600.0,2.4,MORTGAGE,16100.0,debt_consolidation,36,1332.88,26018.36,0.581,9,0,121,0,0,0,0,0,1
45,170100.0,14.2,MORTGAGE,44400.0,major_purchase,36,4043.73,74064.29,0.354,7,0,222,0,0,0,0,0,1
68,70800.0,10.7,RENT,19800.0,debt_consolidation,36,2191.13,73520.65,0.404,3,0,395,0,0,0,0,0,1
38,61800.0,7.2,RENT,22700.0,home_improvement,60,728.13,33101.35,0.474,8,1,196,0,0,0,0,1,0
71,60900.0,24.2,RENT,16500.0,debt_consolidation,60,852.47,29651.2,0.34,10,1,499,0,0,0,0,0,0
32,36700.0,2.7,MORTGAGE,3600.0,credit_card,36,510.64,13680.48,0.629,9,1,156,0,0,0,0,0,1
60,71400.0,15.6,MORTGAGE,27500.0,small_business,36,1739.47,83782.91,0.395,5,1,228,1,1,0,0,0,1
37,76800.0,11.9,MORTGAGE,31000.0,debt_consolidation,36,705.07,20811.81,0.754,8,1,188,0,0,0,0,0,1
35,46000.0,4.0,MORTGAGE,19200.0,major_purchase,36,991.93,17235.66,0.342,6,3,181,0,0,0,0,0,1
62,99600.0,17.6,RENT,21700.0,credit_card,60,620.66,10514.02,0.382,8,0,457,0,0,0,0,0,1
35,86500.0,3.5,RENT,12000.0,home_improvement,60,2472.12,133580.02,0.076,9,1,166,0,0,0,0,0,1
35,62100.0,11.7,MORTGAGE,6100.0,home_improvement,36,26.36,445.23,0.225,3,2,90,1,1,2,0,0,0
59,104400.0,22.5,OWN,27100.0,debt_consolidation,36,1491.85,39685.47,0.632,11,0,454,0,0,0,0,0,1
33,53500.0,5.1,MORTGAGE,8600.0,major_purchase,36,186.29,5617.17,0.685,12,0,94,0,0,0,0,0,1
37,102600.0,1.7,MORTGAGE,22700.0,debt_consolidation,60,1005.66,30131.44,0.651,8,1,82,2,0,0,0,0,1
52,50600.0,12.2,MORTGAGE,4500.0,credit_card,60,1549.58,81196.2,0.633,8,1,157,0,1,0,0,0,1
29,157800.0,5.8,MORTGAGE,20500.0,medical,60,4178.98,138259.36,0.583,7,0,54,0,0,0,0,0,1
60,48000.0,12.5,RENT,10800.0,debt_consolidation,36,1172.74,57724.34,0.339,8,0,216,0,0,0,0,0,1
40,60700.0,3.3,RENT,7400.0,credit_card,36,1063.91,19907.24,0.127,11,1,210,0,0,0,0,0,1
46,41100.0,12.5,MORTGAGE,5800.0,debt_consolidation,60,891.86,45457.69,0.187,13,2,193,0,0,0,0,0,1
47,89500.0,3.9,RENT,5200.0,debt_consolidation,60,931.82,31550.68,0.308,10,1,138,0,0,0,0,0,1
41,35400.0,13.0,MORTGAGE,2800.0,debt_consolidation,60,702.94,22406.53,0.576,8,0,87,0,0,0,0,0,0
38,62000.0,8.9,RENT,6000.0,major_purchase,36,842.87,31189.41,0.078,6,2,118,0,0,0,0,0,1
33,30900.0,3.3,RENT,9700.0,debt_consolidation,36,793.3,29377.79,0.183,8,1,132,0,0,0,0,0,1
36,88900.0,2.3,MORTGAGE,9800.0,debt_consolidation,36,903.05,52042.65,0.046,8,2,155,0,0,0,0,0,1
29,91600.0,1.0,MORTGAGE,36800.0,medical,36,2332.85,86401.23,0.547,8,1,68,0,0,0,0,0,1
32,70900.0,7.1,RENT,25800.0,debt_consolidation,36,961.82,21258.89,0.562,9,0,110,0,0,1,0,0,1
64,49400.0,4.5,OWN,18600.0,home_improvement,36,1125.01,21226.06,0.192,8,2,349,0,0,0,0,0,1
58,96900.0,10.6,RENT,18500.0,credit_card,60,1924.3,77031.7,0.178,6,1,282,0,0,0,0,0,1
39,39400.0,3.9,MORTGAGE,2900.0,home_improvement,60,768.74,40889.14,0.443,10,0,150,0,0,0,0,0,1
27,44000.0,2.0,OWN,3500.0,debt_consolidation,36,1390.41,40627.56,0.364,8,2,42,0,0,0,0,0,0
55,96700.0,26.9,RENT,31500.0,home_improvement,36,1860.73,97026.11,0.484,7,1,388,0,0,0,0,0,1
68,89300.0,8.2,MORTGAGE,37400.0,major_purchase,60,889.22,26098.07,0.202,8,0,407,0,0,0,0,0,1
38,89500.0,3.4,MORTGAGE,10800.0,debt_consolidation,36,432.52,17136.51,0.266,7,4,110,0,0,0,0,0,0
36,234200.0,2.6,RENT,50000.0,debt_consolidation,36,1453.0,74964.07,0.634,9,2,124,0,0,0,0,0,1
59,72700.0,21.1,MORTGAGE,22600.0,auto,36,734.12,23526.05,0.213,7,2,186,0,0,0,0,0,1
24,53100.0,0.5,MORTGAGE,17000.0,debt_consolidation,36,480.61,14388.75,0.191,12,1,60,0,0,1,0,0,1
45,61200.0,19.5,MORTGAGE,20100.0,debt_consolidation,36,2084.62,38376.49,0.355,13,2,190,1,0,1,0,0,0
52,20900.0,9.8,MORTGAGE,1600.0,debt_consolidation,36,223.34,12648.28,0.855,10,1,218,0,0,0,0,0,1
60,81900.0,15.9,RENT,23900.0,debt_consolidation,36,954.74,56668.92,0.415,9,2,378,0,0,0,0,0,1
33,144000.0,2.9,RENT,35000.0,credit_card,36,2471.56,102798.28,0.157,10,1,126,0,0,0,0,0,1
65,54700.0,18.8,MORTGAGE,21000.0,debt_consolidation,36,689.51,35718.78,0.345,3,3,267,0,0,0,0,0,1
37,136100.0,1.2,MORTGAGE,30100.0,debt_consolidation,36,1994.14,85675.71,0.249,8,3,208,0,0,0,0,0,1
69,38800.0,15.1,OWN,9800.0,small_business,36,486.9,14382.37,0.398,12,1,550,0,0,0,0,0,1
57,43200.0,11.5,MORTGAGE,12200.0,home_improvement,60,367.27,10987.9,0.701,5,0,277,0,0,0,0,0,1
26,43100.0,2.3,RENT,12300.0,debt_consolidation,36,622.88,29179.37,0.178,2,1,77,0,0,0,0,0,1
39,29600.0,15.2,RENT,6200.0,debt_consolidation,36,814.42,37150.62,0.132,7,1,83,0,0,0,0,0,1
33,147500.0,1.6,RENT,17200.0,medical,36,3773.77,224135.36,0.222,9,2,87,0,0,0,0,0,1
46,87800.0,16.7,RENT,13200.0,medical,36,1180.29,19761.71,0.756,6,0,115,0,0,0,0,0,1
34,93100.0,2.1,MORTGAGE,20000.0,auto,36,2260.28,109147.33,0.246,11,1,149,0,0,0,0,0,1
51,44400.0,4.0,RENT,13200.0,medical,36,1336.02,53316.55,0.353,6,4,262,0,0,0,0,0,1
24,102600.0,2.8,MORTGAGE,23800.0,credit_card,36,1271.81,65847.0,0.345,11,0,43,0,0,0,0,0,1
59,50000.0,36.4,MORTGAGE,18300.0,debt_consolidation,60,1263.01,19791.74,0.132,7,2,377,0,0,0,0,0,1
28,51300.0,0.3,MORTGAGE,14400.0,medical,60,1155.18,55055.83,0.445,10,2,88,0,0,0,0,0,1
45,119300.0,2.0,MORTGAGE,22300.0,home_improvement,60,2830.58,71165.22,0.6,13,1,293,0,1,0,0,0,1
33,41500.0,6.1,MORTGAGE,10300.0,home_improvement,36,1280.87,48830.94,0.396,8,2,101,0,0,0,0,0,1
52,38200.0,14.6,MORTGAGE,7400.0,small_business,60,439.29,20609.71,0.359,8,0,237,0,0,0,0,0,1
58,35800.0,10.6,OWN,2200.0,credit_card,60,350.52,17967.85,0.628,8,2,235,0,2,0,0,0,1
58,61100.0,3.6,MORTGAGE,9900.0,credit_card,36,626.84,30190.2,0.381,10,2,452,0,0,0,0,0,1
48,205700.0,9.0,MORTGAGE,47400.0,debt_consolidation,36,2923.5,150373.98,0.43,3,2,164,0,0,0,0,0,1
50,57400.0,11.1,MORTGAGE,8700.0,debt_consolidation,36,1643.39,25171.85,0.457,8,3,230,0,0,0,0,0,1
23,32400.0,0.5,RENT,10900.0,debt_consolidation,36,384.36,12950.99,0.321,5,0,40,0,0,0,0,0,1
48,46900.0,6.4,MORTGAGE,18500.0,credit_card,36,1009.6,18070.34,0.329,9,2,177,0,0,0,0,0,0
23,51200.0,0.9,OWN,8600.0,major_purchase,36,452.96,19844.83,0.378,13,1,26,0,0,0,0,0,1
65,67900.0,15.3,RENT,4100.0,debt_consolidation,36,1825.11,47462.36,0.219,9,0,460,0,0,0,0,0,1
54,80800.0,5.4,MORTGAGE,32300.0,major_purchase,60,2053.68,32066.41,0.808,12,2,359,1,0,0,0,0,0
36,20900.0,4.4,MORTGAGE,5900.0,debt_consolidation,60,215.69,3668.81,0.255,6,2,101,0,0,0,0,0,1
42,33800.0,6.3,MORTGAGE,1800.0,medical,36,255.95,5719.95,0.732,9,0,242,0,0,0,0,0,1
52,32400.0,13.0,RENT,8100.0,debt_consolidation,60,298.86,9596.48,0.143,7,0,236,0,0,0,0,0,1
58,115900.0,20.7,RENT,10300.0,credit_card,60,4321.25,175355.33,0.752,11,1,324,0,0,0,0,0,1
28,37900.0,0.3,RENT,12100.0,debt_consolidation,36,1462.22,57854.76,0.398,6,1,99,3,0,0,0,0,1
28,77200.0,1.5,RENT,20300.0,debt_consolidation,60,1789.57,92458.23,0.056,11,2,42,0,0,0,0,0,1
26,85500.0,1.4,MORTGAGE,35500.0,debt_consolidation,36,3941.36,118875.09,0.452,9,2,29,0,0,0,0,0,1
34,50100.0,6.5,RENT,10400.0,home_improvement,60,1642.51,42713.07,0.235,5,2,162,0,0,0,0,0,1
52,18000.0,18.0,MORTGAGE,7600.0,debt_consolidation,60,628.67,31069.42,0.341,6,1,263,0,0,0,0,0,1
55,126100.0,14.1,MORTGAGE,48500.0,medical,36,3969.51,134792.62,0.571,16,1,276,0,0,0,0,0,1
30,136000.0,7.9,RENT,47700.0,home_improvement,36,3417.07,193420.19,0.352,12,2,44,0,0,0,0,0,1
23,65400.0,1.6,RENT,14700.0,debt_consolidation,36,1160.13,36234.91,0.15,12,1,40,0,0,0,0,0,0
32,45400.0,0.8,OWN,9800.0,credit_card,36,695.64,28802.47,0.099,13,0,98,0,0,0,0,0,1
69,177600.0,15.8,MORTGAGE,36900.0,debt_consolidation,60,5279.57,259263.05,0.489,9,1,436,0,0,0,0,0,1
51,44700.0,14.8,RENT,3200.0,credit_card,60,339.31,14461.07,0.311,5,2,152,0,0,0,1,1,0
49,102500.0,4.0,RENT,30000.0,credit_card,36,1956.24,116638.08,0.609,9,1,255,0,0,0,0,0,1
25,29100.0,0.7,OWN,10700.0,debt_consolidation,60,816.95,25339.74,0.445,7,5,49,0,0,0,0,0,1
45,85200.0,5.5,RENT,29600.0,home_improvement,36,356.96,6409.72,0.555,13,0,163,0,0,0,0,0,1
61,32400.0,4.6,MORTGAGE,9200.0,credit_card,36,863.62,28027.42,0.818,10,3,440,0,0,0,0,0,1
51,81500.0,13.9,RENT,15700.0,credit_card,36,414.2,8825.97,0.418,3,3,342,0,0,0,0,0,1
41,66300.0,6.2,RENT,21700.0,home_improvement,36,628.45,12248.26,0.232,11,1,106,2,0,0,0,0,1
40,54100.0,11.4,OWN,14200.0,debt_consolidation,36,646.03,33385.16,0.213,6,4,203,1,1,0,0,0,1
59,53300.0,23.2,RENT,20600.0,debt_consolidation,60,1309.8,39131.79,0.375,7,1,240,0,0,0,0,0,1
42,120100.0,2.5,RENT,19100.0,debt_consolidation,36,873.07,24921.32,0.111,10,2,175,0,0,0,0,0,1
24,63100.0,0.2,MORTGAGE,5700.0,home_improvement,36,742.59,17953.72,0.349,7,3,64,0,0,0,0,0,1
33,82200.0,1.4,MORTGAGE,4200.0,debt_consolidation,36,1458.05,86013.56,0.557,10,2,98,4,0,0,0,0,0
65,300000.0,17.6,RENT,50000.0,small_business,60,6856.11,150619.16,0.208,7,0,349,0,0,0,0,0,1
62,33300.0,29.3,RENT,9600.0,credit_card,60,906.82,42406.64,0.553,7,3,490,0,0,0,0,0,1
70,43300.0,13.3,RENT,3200.0,home_improvement,36,1195.9,26377.11,0.122,7,2,515,0,0,0,0,0,1
69,26700.0,9.3,RENT,10300.0,debt_consolidation,60,376.91,14133.6,0.392,10,2,422,0,0,0,0,0,1
40,26000.0,10.2,RENT,6300.0,debt_consolidation,36,759.28,29604.9,0.405,11,2,194,0,0,0,0,0,0
33,188700.0,1.0,OWN,44300.0,small_business,36,8623.14,455921.49,0.555,11,1,58,0,0,0,0,1,1
37,52500.0,3.9,RENT,17000.0,debt_consolidation,36,360.64,12842.0,0.69,5,2,93,0,0,1,0,1,0
56,18000.0,9.3,MORTGAGE,5500.0,debt_consolidation,36,254.25,13225.06,0.319,9,1,230,0,0,0,0,0,1
53,56600.0,5.5,RENT,8200.0,debt_consolidation,60,1144.14,31805.06,0.231,6,1,194,0,0,0,0,0,1
21,50400.0,0.5,RENT,15500.0,debt_consolidation,60,320.11,7631.64,0.376,10,0,22,0,0,0,0,0,1
35,37200.0,4.9,RENT,14600.0,debt_consolidation,36,1539.65,84149.16,0.275,4,2,108,0,0,0,0,1,0
33,51900.0,1.9,MORTGAGE,10700.0,major_purchase,60,1569.37,38113.61,0.372,11,1,120,0,0,0,0,0,0
37,72200.0,4.7,RENT,12000.0,debt_consolidation,36,1195.61,58209.94,0.592,2,0,153,1,1,0,0,0,1
44,52800.0,9.2,MORTGAGE,3900.0,small_business,60,489.37,9410.19,0.439,7,3,228,0,0,0,0,0,1
28,105700.0,1.7,OWN,30900.0,debt_consolidation,36,2352.47,65633.36,0.102,5,3,78,0,0,0,0,0,1
70,64000.0,20.3,RENT,22500.0,small_business,36,892.26,18384.99,0.361,8,1,550,0,0,0,0,0,1
47,66700.0,6.7,MORTGAGE,29200.0,small_business,36,1097.7,36514.71,0.346,7,2,239,0,0,0,0,0,1
65,59500.0,34.3,RENT,17500.0,debt_consolidation,36,1254.76,61860.59,0.158,5,0,394,0,0,0,0,0,1
43,33600.0,7.9,RENT,7700.0,credit_card,36,390.73,17987.1,0.37,9,1,105,0,0,0,0,0,1
66,34300.0,24.3,RENT,14500.0,debt_consolidation,36,954.56,24411.22,0.345,5,0,394,1,0,0,0,0,1
28,70700.0,2.4,MORTGAGE,8600.0,small_business,36,778.19,29927.45,0.523,8,0,38,0,0,0,0,0,1
28,43600.0,2.6,RENT,14500.0,small_business,36,1799.52,64584.54,0.469,11,3,46,0,0,0,0,0,1
46,91900.0,9.3,MORTGAGE,16600.0,debt_consolidation,36,1086.84,52779.79,0.15,10,0,242,2,0,0,0,0,1
67,55000.0,18.3,RENT,21700.0,credit_card,60,1356.18,24588.62,0.298,9,2,196,0,0,0,0,0,1
33,43300.0,1.3,MORTGAGE,15100.0,credit_card,60,1584.14,76660.76,0.454,7,1,149,0,0,0,0,0,1
59,76300.0,13.4,MORTGAGE,14000.0,credit_card,36,476.95,11531.42,0.272,12,3,152,0,0,0,0,0,0
57,67200.0,18.4,RENT,24200.0,debt_consolidation,36,1375.72,61497.27,0.173,6,0,153,2,0,1,0,0,1
69,26600.0,18.2,MORTGAGE,10800.0,debt_consolidation,60,333.07,6459.94,0.102,10,3,310,0,0,0,0,0,1
48,24300.0,1.8,RENT,3700.0,small_business,60,773.13,37434.21,0.14,11,0,291,0,0,0,0,0,1
45,90600.0,3.9,RENT,25200.0,debt_consolidation,36,840.12,39214.99,0.33,11,1,230,0,0,0,0,0,1
36,44000.0,10.8,MORTGAGE,9600.0,debt_consolidation,36,475.25,12888.16,0.334,17,1,121,0,0,0,0,0,1
22,71900.0,0.1,RENT,30200.0,debt_consolidation,36,1593.29,88241.09,0.469,4,0,40,0,0,0,0,0,0
38,75200.0,11.5,MORTGAGE,33000.0,debt_consolidation,60,1940.5,70390.93,0.833,10,1,131,0,0,0,0,0,1
37,128300.0,8.7,RENT,11700.0,home_improvement,36,2129.05,89789.0,0.118,6,2,160,0,0,0,0,0,1
50,163900.0,1.0,RENT,44200.0,credit_card,36,1528.27,41199.05,0.246,14,0,333,0,0,0,0,0,1
59,35300.0,26.8,RENT,9300.0,credit_card,36,608.88,23303.91,0.282,9,1,248,0,0,0,0,0,1
33,61000.0,4.7,MORTGAGE,24200.0,home_improvement,60,1508.27,25423.41,0.271,11,0,145,0,0,0,0,0,1
52,61800.0,24.1,RENT,22300.0,small_business,36,918.71,22842.15,0.44,5,3,306,0,0,0,0,0,1
70,152600.0,12.1,RENT,25200.0,debt_consolidation,36,4903.86,105222.92,0.115,6,1,444,0,0,0,0,0,1
49,30000.0,2.1,MORTGAGE,7800.0,debt_consolidation,36,570.06,13616.24,0.787,8,0,131,0,0,0,0,0,1
66,145700.0,6.4,RENT,29300.0,debt_consolidation,60,4243.04,80611.09,0.396,7,2,273,0,0,0,0,0,0
50,90200.0,4.0,MORTGAGE,17300.0,small_business,36,3563.67,102059.34,0.311,10,1,239,0,0,0,0,0,1
38,48900.0,9.2,MORTGAGE,16700.0,credit_card,60,1410.55,73647.4,0.383,11,0,222,2,0,1,0,0,1
33,106900.0,2.9,MORTGAGE,31000.0,debt_consolidation,36,1010.71,39785.02,0.497,10,2,158,0,0,0,0,0,1
63,53800.0,2.0,MORTGAGE,7000.0,debt_consolidation,60,1024.95,41159.81,0.667,7,0,332,0,0,0,0,0,1
41,27200.0,1.6,RENT,8100.0,major_purchase,36,417.21,14564.39,0.211,10,0,116,0,0,0,0,0,1
50,70700.0,2.5,RENT,16600.0,debt_consolidation,36,2127.04,101133.21,0.17,2,2,227,0,0,0,0,0,0
41,57200.0,4.1,RENT,10700.0,debt_consolidation,36,294.93,16500.37,0.661,9,1,254,0,0,0,0,0,1
68,50700.0,17.8,RENT,3900.0,home_improvement,36,602.67,28989.21,0.513,2,0,510,0,0,0,0,0,1
37,42800.0,8.3,RENT,18000.0,major_purchase,36,731.05,17530.71,0.421,11,3,174,2,0,0,0,0,1
60,92800.0,7.9,MORTGAGE,36600.0,debt_consolidation,36,1164.77,21707.25,0.519,12,2,281,0,0,0,0,0,1
39,65600.0,13.4,MORTGAGE,11200.0,small_business,60,177.58,3125.56,0.891,11,0,77,0,0,0,0,0,1
35,50900.0,11.5,RENT,13900.0,debt_consolidation,36,823.39,44402.79,0.425,5,2,142,0,0,0,0,0,1
29,47400.0,0.8,RENT,18800.0,home_improvement,36,548.7,17950.66,0.461,16,0,125,0,0,0,0,0,1
30,51400.0,3.6,RENT,13200.0,credit_card,60,1150.78,21658.74,0.356,8,0,48,1,0,0,0,0,0
64,48000.0,12.2,RENT,5100.0,major_purchase,36,574.64,32221.75,0.592,6,0,364,0,0,0,0,0,1
51,52900.0,6.2,MORTGAGE,12700.0,debt_consolidation,36,624.5,20585.51,0.308,8,2,147,0,0,0,0,0,1
43,98700.0,11.0,MORTGAGE,17300.0,home_improvement,60,1135.5,59613.68,0.23,8,0,117,0,0,0,0,0,1
50,53900.0,16.5,RENT,12600.0,home_improvement,36,892.7,23713.71,0.214,14,0,227,0,0,0,0,0,1
53,72000.0,7.7,MORTGAGE,28000.0,small_business,36,1596.09,41585.41,0.18,6,1,262,0,0,0,0,0,1
29,53600.0,1.2,RENT,11400.0,credit_card,60,1903.19,112019.69,0.17,11,2,103,0,0,0,0,0,1
67,24900.0,12.2,MORTGAGE,9200.0,credit_card,36,854.9,22065.49,0.426,3,4,327,0,0,0,0,1,0
21,74600.0,0.4,RENT,10700.0,debt_consolidation,60,2369.13,131837.27,0.372,6,1,25,0,0,0,0,0,0
64,44600.0,19.6,RENT,12800.0,small_business,36,473.97,15680.26,0.209,8,3,309,0,0,0,0,0,1
55,95500.0,13.8,MORTGAGE,21100.0,major_purchase,60,1530.75,40449.11,0.727,9,4,261,0,0,0,0,0,1
31,164400.0,5.1,OWN,50000.0,debt_consolidation,36,2326.7,85586.58,0.298,12,0,123,0,0,0,0,0,1
54,46000.0,15.7,MORTGAGE,2300.0,debt_consolidation,36,629.07,17884.6,0.923,9,1,248,0,0,0,0,0,1
36,108900.0,3.8,RENT,21300.0,credit_card,60,2633.7,43929.34,0.538,6,0,89,3,0,0,0,0,1
29,52800.0,4.6,RENT,19800.0,debt_consolidation,60,2099.63,46424.66,0.197,6,1,116,0,0,0,0,0,1
52,55900.0,19.5,MORTGAGE,11500.0,debt_consolidation,36,771.53,16246.86,0.66,12,2,314,0,0,0,0,0,1
35,81500.0,1.6,MORTGAGE,11200.0,debt_consolidation,60,1315.08,48977.51,0.75,4,2,186,0,1,0,0,0,0
32,22400.0,5.8,RENT,8800.0,home_improvement,36,351.68,8929.84,0.532,12,2,125,0,0,0,0,0,0
53,25600.0,5.8,MORTGAGE,7300.0,small_business,36,378.02,7533.84,0.085,5,0,303,1,0,0,0,0,1
65,68300.0,6.7,MORTGAGE,18600.0,debt_consolidation,36,344.55,5491.12,0.711,12,0,405,0,0,0,0,0,1
34,18000.0,6.5,MORTGAGE,3800.0,medical,36,524.93,12505.61,0.376,9,0,152,0,0,0,0,0,1
28,120200.0,0.9,MORTGAGE,13600.0,credit_card,60,2152.34,107689.61,0.346,9,1,51,0,0,0,0,0,1
28,137900.0,5.5,MORTGAGE,38600.0,medical,36,4389.33,218185.9,0.662,5,1,48,0,0,0,0,0,1
47,80400.0,8.8,RENT,20300.0,debt_consolidation,36,879.34,50282.82,0.506,5,1,164,0,0,0,0,0,1
32,61600.0,6.8,MORTGAGE,13000.0,credit_card,36,1847.36,80772.93,0.292,11,1,139,0,0,0,0,0,1
21,121800.0,0.5,MORTGAGE,9800.0,debt_consolidation,36,1118.26,31544.24,0.597,9,1,12,1,0,0,0,0,1
63,51200.0,8.8,MORTGAGE,15900.0,debt_consolidation,60,531.27,21227.95,0.143,11,0,391,3,1,0,0,0,0
60,53800.0,12.3,RENT,16300.0,medical,60,879.15,28797.39,0.423,11,2,178,2,0,0,0,0,1
62,61400.0,14.6,MORTGAGE,16800.0,small_business,36,1077.52,21258.35,0.377,5,1,456,0,0,0,0,0,1
71,42000.0,5.6,OWN,4300.0,small_business,60,1472.86,32966.26,0.317,9,0,335,0,0,0,0,0,1
31,134600.0,3.0,MORTGAGE,23000.0,debt_consolidation,60,1615.76,76024.45,0.378,6,0,136,0,0,0,0,0,1
59,132400.0,8.4,RENT,31500.0,debt_consolidation,60,3123.72,182773.66,0.115,11,2,393,0,0,0,0,0,1
63,39400.0,20.4,MORTGAGE,13500.0,debt_consolidation,60,1165.09,52443.56,0.622,7,1,408,1,0,0,0,0,1
51,43800.0,6.8,RENT,6100.0,small_business,60,398.92,18084.36,0.132,4,2,150,0,0,0,0,0,1
37,54600.0,5.3,RENT,20200.0,debt_consolidation,36,2039.44,104328.34,0.718,9,1,154,0,0,0,0,0,1
53,128200.0,7.2,MORTGAGE,22800.0,auto,36,2533.37,127686.92,0.203,7,1,224,0,0,0,0,0,0
52,54500.0,10.7,RENT,17200.0,debt_consolidation,60,1685.4,78798.16,0.079,5,1,243,0,0,0,0,0,1
49,72100.0,10.8,RENT,30600.0,debt_consolidation,36,1933.7,99922.23,0.838,7,2,175,2,0,0,0,0,1
41,36800.0,9.4,MORTGAGE,12400.0,medical,36,1436.88,54748.72,0.152,10,1,95,0,0,0,0,0,1
41,152800.0,9.9,MORTGAGE,11900.0,home_improvement,36,327.18,7018.77,0.112,8,1,235,0,0,0,0,0,1
60,34800.0,25.8,OWN,7000.0,credit_card,60,1120.5,54765.38,0.591,6,0,473,1,0,0,0,0,1
43,52800.0,13.5,MORTGAGE,14900.0,small_business,36,675.44,16964.66,0.811,10,2,164,0,0,0,0,1,0
26,25900.0,5.0,MORTGAGE,8300.0,medical,36,667.61,37404.89,0.566,13,3,77,0,0,0,0,0,0
42,130500.0,4.1,RENT,24500.0,major_purchase,36,772.47,14102.76,0.097,9,1,104,0,0,0,0,0,1
70,65000.0,21.7,RENT,14400.0,major_purchase,36,1201.23,25956.35,0.75,6,1,203,0,0,0,0,0,1
58,176000.0,13.4,MORTGAGE,35300.0,debt_consolidation,36,7542.46,265504.26,0.093,8,1,176,0,0,0,0,0,1
57,38600.0,14.8,MORTGAGE,12700.0,credit_card,36,1311.07,54473.74,0.396,6,3,253,0,1,1,0,0,0
65,117800.0,21.0,MORTGAGE,48900.0,small_business,36,3183.47,126775.26,0.418,9,1,401,0,0,0,0,0,1
71,82200.0,8.8,RENT,29700.0,credit_card,36,1312.07,34178.88,0.061,9,1,434,0,0,0,0,0,1
28,42800.0,2.1,RENT,6600.0,credit_card,36,529.14,14577.35,0.629,9,5,103,0,0,0,0,0,1
61,46000.0,1.8,MORTGAGE,12200.0,medical,36,358.75,11392.87,0.704,14,1,243,1,1,1,0,0,0
69,89400.0,23.6,RENT,21600.0,debt_consolidation,60,2954.97,98859.74,0.128,9,2,245,0,0,0,0,0,1
55,64800.0,4.3,MORTGAGE,3600.0,credit_card,60,1927.44,100761.87,0.152,9,1,326,0,0,0,0,0,1
71,45400.0,9.9,MORTGAGE,19300.0,credit_card,60,320.4,5463.78,0.621,3,3,550,0,0,0,0,0,1
31,173100.0,1.4,MORTGAGE,40900.0,debt_consolidation,60,787.85,40085.69,0.393,9,1,135,0,0,0,0,0,1
44,67800.0,11.0,RENT,29000.0,debt_consolidation,36,1960.73,109983.24,0.282,5,1,233,0,0,0,0,0,0
69,53800.0,24.9,MORTGAGE,17000.0,home_improvement,60,851.15,42228.68,0.036,7,0,428,1,0,0,0,0,1
41,36500.0,2.3,OWN,12200.0,medical,60,710.76,38814.59,0.339,4,2,85,0,0,0,0,0,0
71,49700.0,0.1,RENT,11000.0,credit_card,60,891.53,39463.85,0.842,6,1,425,0,0,0,0,0,1
22,20400.0,1.0,RENT,8000.0,credit_card,36,556.31,11527.19,0.429,12,0,26,0,0,0,0,0,0
60,66200.0,27.2,RENT,8200.0,home_improvement,36,2374.18,106916.79,0.396,5,1,448,0,0,0,0,0,1
39,99000.0,10.1,RENT,42900.0,auto,36,3530.59,89744.14,0.567,5,2,205,0,0,1,0,1,0
59,145700.0,23.1,MORTGAGE,43200.0,debt_consolidation,36,2080.73,89666.28,0.541,13,1,216,0,0,0,0,0,1
48,52600.0,6.8,RENT,9600.0,credit_card,60,614.03,31240.87,0.139,8,1,113,0,0,0,0,0,0
37,86100.0,8.7,MORTGAGE,29800.0,credit_card,36,2224.27,52911.24,0.19,7,0,92,0,0,0,0,0,1
26,54700.0,4.0,MORTGAGE,19000.0,credit_card,36,897.15,48731.31,0.588,6,0,76,0,0,0,0,0,1
39,24700.0,1.6,RENT,8900.0,debt_consolidation,60,497.96,28231.29,0.207,8,1,97,0,0,0,1,0,1
58,21500.0,31.8,OWN,3600.0,medical,60,335.41,5835.75,0.516,5,1,144,0,0,0,0,0,1
48,62300.0,10.0,RENT,3800.0,debt_consolidation,60,619.27,27437.84,0.291,7,1,299,0,0,0,0,0,1
22,21700.0,0.5,MORTGAGE,8800.0,debt_consolidation,36,81.03,3228.13,0.299,4,1,24,2,0,0,0,0,1
58,57500.0,24.4,RENT,21200.0,debt_consolidation,36,436.78,7855.24,0.568,8,2,270,0,0,0,0,0,1
57,52300.0,4.6,OWN,11000.0,home_improvement,60,827.07,35445.51,0.456,8,0,410,0,0,0,0,0,1
71,25100.0,16.1,OWN,2900.0,home_improvement,36,456.43,16112.54,0.42,6,2,438,0,0,0,0,0,1
24,18000.0,0.9,RENT,4300.0,debt_consolidation,36,519.44,8713.96,0.373,4,1,62,0,0,0,0,0,1
42,44100.0,2.5,RENT,7600.0,debt_consolidation,36,515.26,24645.65,0.346,7,2,96,0,0,0,0,0,1
46,148300.0,16.1,MORTGAGE,18900.0,debt_consolidation,60,1071.34,64034.89,0.114,5,2,169,1,1,0,0,0,1
69,75800.0,10.6,RENT,18500.0,home_improvement,60,2128.88,102291.52,0.174,8,2,430,0,0,0,0,0,1
63,43900.0,21.8,MORTGAGE,16800.0,medical,36,1574.18,69833.41,0.584,6,1,165,0,0,0,0,0,1
56,42200.0,14.4,OWN,11900.0,debt_consolidation,36,1447.62,80816.71,0.51,6,2,363,0,0,0,0,0,1
33,79400.0,9.6,MORTGAGE,19500.0,credit_card,36,1612.4,79096.03,0.571,9,2,60,0,0,0,0,0,0
52,68700.0,16.4,MORTGAGE,30800.0,debt_consolidation,36,2036.04,105037.29,0.918,13,0,194,0,0,0,0,0,1
37,94700.0,2.1,RENT,33500.0,credit_card,60,2094.18,44435.96,0.495,7,1,156,0,0,0,0,0,1
61,172600.0,9.9,OWN,17700.0,credit_card,36,4783.67,93001.07,0.356,6,1,222,0,0,0,0,0,1
56,120300.0,4.1,RENT,26100.0,credit_card,36,3553.69,197423.42,0.469,4,2,360,2,1,0,0,0,1
66,118800.0,36.4,RENT,28000.0,debt_consolidation,60,1000.5,56021.57,0.553,9,0,293,0,1,0,1,0,1
39,61200.0,9.0,MORTGAGE,18000.0,major_purchase,36,1475.91,36723.06,0.588,5,1,194,0,0,0,0,0,1
55,18900.0,15.0,MORTGAGE,6100.0,small_business,60,358.94,18869.37,0.457,6,4,413,1,0,0,0,0,1
66,20100.0,4.1,MORTGAGE,3600.0,auto,36,476.18,27701.65,0.369,12,0,430,0,0,0,0,0,1
60,84600.0,9.5,MORTGAGE,16700.0,debt_consolidation,36,1018.87,27326.26,0.747,9,0,191,3,0,0,0,0,1
48,47600.0,2.5,MORTGAGE,4400.0,debt_consolidation,36,1701.55,38332.45,0.41,5,1,116,0,0,0,0,0,1
21,159700.0,0.5,RENT,13700.0,credit_card,36,2641.13,73419.36,0.355,7,0,12,0,0,0,0,0,1
62,144800.0,9.2,MORTGAGE,50000.0,home_improvement,36,5452.92,238124.05,0.54,8,1,418,1,0,0,0,0,1
38,69200.0,6.1,RENT,29100.0,medical,36,2484.29,139223.12,0.086,10,2,159,0,0,0,0,0,1
68,49600.0,23.1,RENT,6400.0,debt_consolidation,36,1568.18,70165.69,0.044,7,0,470,0,0,0,0,0,1
60,39100.0,15.4,MORTGAGE,16400.0,major_purchase,36,478.25,11640.49,0.068,6,2,330,0,0,0,0,0,1
53,157100.0,12.9,OWN,29500.0,credit_card,36,5020.91,150930.58,0.546,11,2,269,0,0,0,0,0,1
32,70900.0,1.8,MORTGAGE,28500.0,debt_consolidation,60,638.58,23993.17,0.233,6,1,148,0,0,0,0,0,1
28,44000.0,3.6,RENT,2700.0,debt_consolidation,60,1115.81,25240.07,0.272,12,2,114,0,0,0,0,0,1
44,61600.0,1.6,MORTGAGE,5300.0,small_business,36,1788.2,84017.0,0.474,8,2,184,0,0,0,0,0,1
36,56800.0,4.2,OWN,12700.0,debt_consolidation,36,598.16,29028.01,0.14,7,0,200,0,0,0,1,0,1
70,174500.0,2.2,RENT,50000.0,credit_card,36,1793.22,69712.61,0.395,7,1,525,0,0,0,0,0,1
24,72700.0,2.0,RENT,16700.0,credit_card,36,1813.76,76047.87,0.22,14,3,65,0,0,0,0,0,1
58,66800.0,12.5,RENT,25800.0,debt_consolidation,60,2242.37,59947.63,0.271,12,2,277,0,0,0,0,0,1
64,31200.0,21.0,RENT,5800.0,home_improvement,60,199.68,5595.93,0.156,4,0,267,0,0,0,0,0,1
47,85400.0,10.9,RENT,8800.0,debt_consolidation,36,3363.84,76335.78,0.47,7,1,257,0,0,0,0,0,1
29,67800.0,1.8,MORTGAGE,28500.0,home_improvement,36,2788.48,108519.73,0.619,9,2,52,0,0,0,0,0,0
67,88600.0,5.5,MORTGAGE,7100.0,debt_consolidation,36,2485.96,77465.66,0.444,6,0,396,0,0,0,0,0,1
36,68100.0,11.2,MORTGAGE,22700.0,debt_consolidation,60,2276.84,59349.68,0.94,9,1,135,1,2,0,0,0,0
32,54700.0,8.6,OWN,22100.0,home_improvement,60,650.61,11248.07,0.058,8,2,132,0,0,0,0,0,1
51,68000.0,24.2,MORTGAGE,6700.0,major_purchase,36,1964.15,77534.3,0.252,7,1,217,1,0,0,0,0,1
44,43300.0,1.0,RENT,11200.0,debt_consolidation,60,1018.1,18800.25,0.431,11,2,194,0,0,0,0,0,1
34,72000.0,5.4,MORTGAGE,5100.0,credit_card,36,1498.41,71321.21,0.569,7,3,167,1,1,1,0,0,0
65,134600.0,23.4,OWN,31400.0,debt_consolidation,36,4023.81,168060.63,0.528,11,0,456,0,1,0,0,0,1
45,107500.0,2.8,RENT,39200.0,small_business,36,1789.15,56397.61,0.472,5,2,298,0,0,0,0,0,1
54,56400.0,12.4,RENT,9700.0,auto,60,1177.75,52510.03,0.573,8,0,281,0,0,0,0,0,1
23,59000.0,0.9,MORTGAGE,8500.0,credit_card,60,1228.06,51503.29,0.385,5,2,30,3,0,1,0,0,0
44,91300.0,4.8,RENT,13800.0,debt_consolidation,36,1942.15,73631.82,0.64,11,0,143,0,0,0,0,0,1
62,81200.0,1.7,MORTGAGE,29800.0,small_business,60,1041.08,59392.98,0.025,10,2,467,0,0,0,0,0,0
29,66100.0,4.7,RENT,29100.0,credit_card,36,1917.82,111894.11,0.616,9,1,46,0,0,0,0,0,1
46,48700.0,7.8,MORTGAGE,6900.0,debt_consolidation,36,1583.65,80402.46,0.394,10,1,178,0,0,0,0,0,1
40,40600.0,14.7,MORTGAGE,3100.0,debt_consolidation,60,526.86,28252.06,0.666,11,3,189,0,0,0,0,0,0
60,40300.0,18.8,RENT,4000.0,credit_card,36,645.46,21584.37,0.413,8,0,358,0,0,0,0,0,1
30,60500.0,5.2,RENT,18200.0,credit_card,36,443.3,25825.34,0.571,11,1,99,0,0,0,0,0,1
39,79600.0,4.5,RENT,25500.0,debt_consolidation,36,1664.36,57631.2,0.467,11,1,92,0,0,0,0,0,0
23,25700.0,1.3,MORTGAGE,5900.0,debt_consolidation,36,255.99,13471.45,0.595,14,2,34,0,0,0,0,0,1
44,98900.0,13.4,MORTGAGE,8100.0,debt_consolidation,36,2276.6,130296.58,0.175,3,0,151,0,0,0,0,0,1
25,36800.0,0.4,MORTGAGE,15500.0,credit_card,36,1076.51,52115.26,0.806,6,2,48,0,0,0,0,0,0
23,45400.0,0.4,RENT,19200.0,debt_consolidation,36,1726.06,36521.95,0.323,5,1,24,0,0,0,0,0,0
47,57500.0,11.4,MORTGAGE,11900.0,debt_consolidation,60,1267.17,68361.77,0.284,7,1,252,0,0,0,0,1,0
36,81700.0,9.3,RENT,30900.0,debt_consolidation,36,1819.82,36854.17,0.134,6,2,170,0,0,0,0,0,1
69,151600.0,34.6,RENT,50000.0,major_purchase,60,1498.99,83954.5,0.43,8,2,317,0,0,0,0,0,1
35,51200.0,2.2,RENT,13000.0,debt_consolidation,60,348.05,20356.21,0.337,8,1,114,0,0,0,0,0,1
55,119900.0,4.3,MORTGAGE,34800.0,major_purchase,36,2168.38,103394.97,0.471,7,1,359,0,0,0,0,0,1
32,53000.0,5.3,MORTGAGE,18200.0,credit_card,36,1121.93,59782.7,0.106,6,2,152,0,0,0,0,0,1
61,137500.0,25.6,RENT,50000.0,credit_card,60,1294.06,23653.39,0.694,8,2,343,2,0,0,0,0,1
64,63600.0,5.8,OWN,5400.0,medical,36,1579.49,42865.44,0.069,9,1,333,0,0,0,0,0,1
46,29200.0,11.3,MORTGAGE,2100.0,debt_consolidation,36,384.22,17242.06,0.354,8,0,157,0,0,0,0,0,1
67,44700.0,5.1,MORTGAGE,14300.0,home_improvement,36,508.51,27357.45,0.239,13,2,251,0,0,0,0,0,1
54,66500.0,3.5,OWN,4600.0,home_improvement,60,1844.48,102334.57,0.206,9,2,394,0,0,0,0,0,1
43,59000.0,3.4,MORTGAGE,5400.0,auto,36,868.76,31711.07,0.338,11,2,124,0,0,0,0,0,1
51,37900.0,14.7,MORTGAGE,8300.0,debt_consolidation,36,926.92,26740.09,0.719,4,0,291,0,0,0,0,0,1
70,32000.0,15.6,RENT,3900.0,credit_card,36,422.89,13317.42,0.495,8,1,344,0,0,0,0,0,1
40,102700.0,1.8,RENT,42100.0,auto,60,1387.67,46638.18,0.463,5,2,137,0,0,0,0,0,1
32,18600.0,6.8,MORTGAGE,3400.0,debt_consolidation,36,464.37,19216.94,0.208,8,1,117,0,0,0,0,0,1
43,87300.0,8.1,OWN,24500.0,medical,60,3362.55,158784.04,0.352,7,1,143,0,0,0,0,0,1
24,36200.0,2.8,MORTGAGE,2000.0,small_business,36,1071.55,18033.41,0.213,8,0,48,0,1,0,0,0,1
43,187600.0,4.5,MORTGAGE,47900.0,debt_consolidation,36,1487.63,67956.92,0.126,7,1,186,0,0,0,0,0,1
68,21700.0,12.4,MORTGAGE,8100.0,debt_consolidation,36,314.97,14928.13,0.157,6,3,351,0,0,0,0,0,1
68,20800.0,17.0,OWN,9100.0,debt_consolidation,36,271.98,12393.94,0.167,10,0,471,0,0,0,0,1,1
21,52300.0,0.2,OWN,16800.0,debt_consolidation,36,2041.47,106907.67,1.001,6,1,30,0,0,0,0,0,1
45,115700.0,10.4,RENT,15200.0,debt_consolidation,60,2152.37,128447.8,0.936,8,3,280,0,0,0,0,0,1
22,218900.0,0.9,MORTGAGE,42700.0,medical,36,4046.64,126022.73,0.299,8,0,33,1,0,0,0,0,1
50,113900.0,0.8,MORTGAGE,12800.0,credit_card,36,2848.86,63147.66,0.098,7,1,318,0,0,0,0,0,1
23,71700.0,0.2,RENT,13300.0,debt_consolidation,60,520.7,27463.5,0.523,10,0,52,0,0,0,0,0,1
41,38800.0,5.0,MORTGAGE,10700.0,debt_consolidation,36,460.68,7819.79,0.462,4,3,239,0,1,0,0,0,1
45,43500.0,11.3,RENT,10700.0,credit_card,36,1160.73,26835.87,0.335,7,4,274,0,0,0,0,0,1
40,46000.0,0.4,MORTGAGE,18400.0,credit_card,60,1155.45,67483.15,0.569,8,3,188,3,0,1,0,0,0
69,52900.0,16.9,RENT,7000.0,home_improvement,60,461.53,25581.16,0.487,7,1,510,0,0,0,0,0,1
42,57600.0,3.4,MORTGAGE,12900.0,credit_card,36,692.58,22128.1,0.35,3,0,175,0,0,0,0,0,1
41,73800.0,6.8,OWN,22300.0,major_purchase,36,1919.42,101803.41,0.695,5,1,223,1,0,0,0,0,1
53,48000.0,14.5,RENT,21200.0,home_improvement,60,752.41,17017.22,0.385,8,0,169,0,0,0,0,0,1
58,72300.0,9.7,MORTGAGE,9800.0,debt_consolidation,36,1950.83,108467.64,0.404,5,2,430,0,0,0,0,0,1
35,81400.0,6.0,MORTGAGE,31200.0,debt_consolidation,36,2225.66,75880.72,0.496,4,3,90,0,0,0,0,0,1
66,36200.0,21.0,OWN,10800.0,debt_consolidation,36,603.74,16202.73,0.382,9,1,259,0,0,0,0,0,1
35,33200.0,2.9,MORTGAGE,3400.0,debt_consolidation,36,416.28,21982.48,0.586,5,0,85,0,0,0,0,0,1
66,121000.0,14.8,MORTGAGE,44000.0,debt_consolidation,36,1569.72,40956.61,0.83,5,1,443,0,0,0,0,0,1
45,70800.0,12.3,OWN,8500.0,debt_consolidation,36,1752.84,48662.22,0.36,6,1,148,0,0,0,0,0,1
41,60900.0,7.1,RENT,20100.0,debt_consolidation,60,1300.62,51182.84,0.511,10,0,192,1,1,0,0,0,0
44,30200.0,3.3,RENT,4400.0,credit_card,36,1350.51,52218.5,0.435,7,0,166,0,0,0,0,0,1
25,101000.0,2.4,MORTGAGE,24000.0,debt_consolidation,60,693.91,21412.24,0.415,14,2,42,0,0,0,0,0,1
26,66100.0,0.1,RENT,24000.0,credit_card,60,773.88,32381.34,0.511,11,1,33,0,0,0,0,0,1
69,150600.0,12.3,OWN,45700.0,medical,60,2631.39,64993.42,0.229,9,1,304,0,0,0,0,1,1
63,73600.0,4.7,MORTGAGE,25500.0,credit_card,36,816.1,21739.91,0.373,5,2,200,0,0,0,0,0,1
68,57400.0,1.1,MORTGAGE,21300.0,credit_card,36,1576.5,48386.36,0.472,7,0,255,0,0,0,0,0,1
64,47100.0,16.7,RENT,3000.0,home_improvement,36,526.47,19233.77,0.106,8,1,266,0,0,0,0,0,1
67,157700.0,20.8,RENT,38200.0,debt_consolidation,36,4436.46,197503.08,0.686,6,0,338,0,0,0,0,0,1
43,114100.0,0.2,RENT,50000.0,debt_consolidation,60,1565.43,51359.15,0.245,10,0,201,0,0,0,0,0,1
24,74700.0,1.5,MORTGAGE,27500.0,auto,60,2464.54,97072.54,0.422,11,0,40,0,0,0,0,0,0
47,111100.0,1.4,MORTGAGE,21800.0,home_improvement,60,1332.04,77165.66,0.409,9,2,304,0,0,0,0,0,1
38,79600.0,8.8,MORTGAGE,13100.0,debt_consolidation,36,1835.74,42874.77,0.301,3,0,188,1,0,0,1,0,0
41,24400.0,0.8,MORTGAGE,8100.0,debt_consolidation,36,427.32,9575.31,0.14,5,1,85,0,0,0,0,0,1
48,111100.0,9.6,RENT,11700.0,debt_consolidation,36,2321.08,96259.01,0.122,7,1,202,2,0,0,0,0,1
55,97300.0,12.1,RENT,39200.0,medical,36,2227.42,129431.93,0.384,5,0,350,0,0,0,0,0,1
42,36300.0,11.1,OWN,3000.0,credit_card,36,796.54,38754.97,0.467,10,2,234,0,0,0,0,0,1
60,91400.0,16.5,RENT,25000.0,debt_consolidation,60,1456.13,38683.08,0.437,5,1,283,0,0,0,0,0,1
43,41800.0,3.4,RENT,16200.0,credit_card,36,1225.95,61768.05,0.579,3,1,262,0,1,0,0,0,0
23,52300.0,1.5,MORTGAGE,17700.0,debt_consolidation,60,1397.53,41334.78,0.743,9,1,31,0,0,0,0,0,1
60,71900.0,22.9,MORTGAGE,17600.0,debt_consolidation,36,1673.22,49872.88,0.435,14,0,343,0,0,0,0,0,1
70,69900.0,7.3,RENT,9900.0,debt_consolidation,36,1013.44,27651.19,0.238,12,2,490,0,0,0,0,0,1
30,63300.0,3.2,OWN,18400.0,credit_card,36,382.05,15857.46,0.502,8,2,52,0,0,0,0,0,1
45,27100.0,4.8,MORTGAGE,11800.0,credit_card,60,433.58,6509.75,0.458,8,0,126,1,0,1,0,1,1
69,67900.0,4.4,RENT,6000.0,home_improvement,60,1723.63,27457.23,0.35,11,0,372,0,0,0,0,0,1
28,166000.0,2.3,MORTGAGE,10400.0,home_improvement,36,2296.63,110834.55,0.124,11,1,99,1,0,0,0,0,1
31,76800.0,9.4,RENT,16700.0,credit_card,36,1324.15,23384.46,0.508,10,2,51,0,0,0,0,0,0
25,60000.0,2.7,MORTGAGE,17200.0,major_purchase,36,1326.55,64631.83,0.125,8,1,48,0,0,0,1,0,0
65,96800.0,21.0,MORTGAGE,18700.0,debt_consolidation,36,711.27,20073.38,0.13,6,1,423,0,0,0,0,0,1
57,71900.0,6.0,OWN,24200.0,debt_consolidation,36,588.17,29901.61,0.301,9,1,431,0,0,0,0,0,1
65,52500.0,5.2,RENT,13600.0,debt_consolidation,36,1096.11,47349.24,0.691,8,1,515,1,1,0,0,0,1
58,109400.0,11.6,RENT,20700.0,debt_consolidation,60,1924.8,95757.24,0.266,10,2,345,0,0,0,0,0,1
49,76400.0,18.2,MORTGAGE,28100.0,debt_consolidation,60,1142.2,40780.21,0.128,12,2,154,0,0,0,0,0,1
25,82800.0,1.3,OWN,7400.0,major_purchase,60,1275.44,67932.21,0.238,12,2,48,0,0,0,0,0,1
29,59300.0,2.5,MORTGAGE,3900.0,debt_consolidation,36,872.05,24936.47,0.652,7,0,109,0,0,0,0,0,1
68,62600.0,4.7,MORTGAGE,4600.0,debt_consolidation,36,1471.59,40826.2,0.681,7,1,302,0,0,0,0,0,1
22,102600.0,0.2,RENT,38500.0,debt_consolidation,36,3315.85,52492.55,0.14,5,0,22,0,0,0,0,0,1
21,50100.0,0.5,MORTGAGE,18500.0,debt_consolidation,36,1058.19,25735.57,0.29,10,2,33,0,0,0,0,0,1
60,237100.0,18.5,OWN,50000.0,debt_consolidation,60,3013.32,90215.75,0.55,8,0,392,0,0,0,0,0,1
71,47800.0,18.5,RENT,7800.0,debt_consolidation,36,730.24,37798.88,0.688,15,1,417,0,0,0,0,0,1
50,47300.0,8.1,RENT,11700.0,major_purchase,36,195.96,4091.95,0.708,9,2,225,3,0,0,0,0,0
31,117000.0,4.4,MORTGAGE,20800.0,debt_consolidation,60,1844.96,72053.75,0.603,6,0,104,0,0,0,0,0,1
48,65300.0,19.0,RENT,18600.0,debt_consolidation,60,1145.46,31348.34,0.911,6,1,279,0,0,0,0,0,1
64,92000.0,9.5,MORTGAGE,35700.0,small_business,60,1845.67,76818.89,0.064,9,2,220,0,0,0,0,0,1
32,152500.0,1.1,RENT,8800.0,debt_consolidation,36,4242.76,254477.77,0.438,6,0,68,0,0,0,0,0,1
59,82800.0,3.7,RENT,23000.0,debt_consolidation,36,2264.55,116443.32,0.592,7,1,379,0,0,0,0,0,1
46,79600.0,4.4,MORTGAGE,10400.0,debt_consolidation,36,2217.9,54614.71,0.234,6,0,235,0,0,0,0,0,1
33,48900.0,2.9,RENT,19500.0,small_business,36,887.51,50287.55,0.672,9,0,62,0,0,0,0,1,1
28,41500.0,3.5,OWN,18000.0,home_improvement,36,493.82,15049.51,0.768,5,0,102,0,0,0,0,0,1
48,28400.0,6.4,MORTGAGE,10800.0,debt_consolidation,36,217.18,9642.66,0.694,13,0,238,0,0,0,0,0,1
50,44700.0,13.9,RENT,2800.0,medical,36,238.83,13714.42,0.229,10,1,169,0,0,0,0,0,1
29,51000.0,5.8,RENT,8700.0,credit_card,36,1011.66,54155.88,0.247,8,0,117,0,0,0,0,0,1
59,43900.0,2.0,MORTGAGE,6200.0,small_business,36,705.13,24922.2,0.175,4,1,335,0,0,0,0,1,1
51,57500.0,3.9,RENT,21900.0,home_improvement,36,808.27,16429.0,0.392,5,2,372,0,0,0,0,0,1
41,51000.0,1.8,OWN,2900.0,credit_card,36,818.17,29727.22,0.195,8,1,139,0,0,0,0,1,0
67,105200.0,11.5,RENT,44100.0,home_improvement,36,1677.79,72961.77,0.038,6,0,358,0,0,0,0,0,0
54,32200.0,17.1,RENT,9200.0,debt_consolidation,36,583.28,14698.86,0.446,8,0,169,2,1,0,0,0,1
51,114100.0,6.5,RENT,39700.0,debt_consolidation,36,2545.83,52305.46,0.293,7,1,326,0,0,0,0,0,1
45,96300.0,6.8,MORTGAGE,22400.0,debt_consolidation,60,1619.26,94630.54,0.239,11,0,131,1,1,0,0,0,1
32,39800.0,2.4,MORTGAGE,13200.0,debt_consolidation,36,677.36,34889.62,0.105,12,1,89,0,0,0,0,0,1
21,32800.0,0.1,RENT,6000.0,auto,36,175.8,7234.91,0.593,10,0,18,0,0,0,0,0,1
42,90100.0,9.4,MORTGAGE,28300.0,medical,36,1054.15,43060.8,0.324,5,1,211,0,0,0,0,0,1
60,90000.0,7.5,RENT,20000.0,debt_consolidation,36,1933.86,94658.21,0.624,15,1,222,0,0,0,0,0,1
57,42800.0,16.5,MORTGAGE,18100.0,debt_consolidation,60,820.3,39936.33,0.808,9,1,331,0,0,0,0,0,1
67,31900.0,34.1,RENT,13500.0,credit_card,60,477.29,10981.3,0.159,5,0,524,0,0,0,0,0,1
21,53100.0,0.3,MORTGAGE,14800.0,debt_consolidation,60,507.55,14775.61,0.038,5,3,30,0,0,0,0,0,1
21,18000.0,0.5,MORTGAGE,6500.0,home_improvement,36,151.44,6668.77,0.401,10,1,22,2,0,0,0,0,1
62,89400.0,34.4,RENT,31000.0,credit_card,60,1616.18,79101.16,0.269,8,2,249,0,0,0,0,0,1
62,46700.0,15.2,MORTGAGE,15500.0,credit_card,36,1283.88,22222.05,0.171,6,1,200,0,0,0,1,0,1
41,73800.0,0.2,MORTGAGE,32400.0,home_improvement,36,1411.92,66202.23,0.357,14,1,189,0,0,0,0,0,1
35,177300.0,1.4,MORTGAGE,50000.0,debt_consolidation,36,5038.46,78876.45,0.359,9,0,132,0,0,0,0,0,1
37,53300.0,10.0,MORTGAGE,18600.0,debt_consolidation,36,737.66,20530.3,0.216,5,1,123,0,0,0,0,0,0
42,96100.0,5.2,MORTGAGE,7800.0,debt_consolidation,60,2738.61,158533.51,0.819,10,1,219,0,0,0,0,0,1
58,57500.0,26.6,MORTGAGE,11000.0,home_improvement,36,233.19,8051.6,0.622,8,0,191,0,0,0,0,0,1
55,51900.0,15.3,OWN,9700.0,debt_consolidation,36,1278.14,47450.43,0.768,7,0,307,0,0,0,0,0,1
65,153300.0,14.5,OWN,39100.0,medical,36,1237.12,59734.73,0.802,9,3,197,0,0,0,0,0,1
36,48800.0,7.5,MORTGAGE,19200.0,debt_consolidation,60,1266.92,52295.26,0.373,11,5,87,0,0,0,0,1,0
28,89400.0,2.6,OWN,28500.0,credit_card,60,1534.74,43943.81,0.578,3,1,107,0,0,0,0,0,1
67,78700.0,16.3,OWN,28200.0,debt_consolidation,60,1292.65,53706.36,0.312,8,0,329,0,0,0,0,0,1
37,83300.0,5.3,RENT,5600.0,auto,60,1462.11,57716.95,0.381,9,1,152,0,0,0,0,0,1
37,93400.0,1.1,OWN,6700.0,debt_consolidation,60,1276.97,26539.08,0.823,10,0,180,0,0,0,0,0,1
46,87900.0,6.5,RENT,37000.0,credit_card,36,2273.75,110273.76,0.251,9,0,130,0,0,0,0,0,1
33,48500.0,5.2,RENT,6500.0,medical,36,622.02,26342.15,0.48,7,0,144,0,0,0,0,0,1
37,52200.0,9.0,OWN,19200.0,debt_consolidation,36,1185.12,21159.53,0.774,10,0,74,0,0,0,0,0,1
58,77000.0,20.3,RENT,20700.0,credit_card,60,1520.77,32682.05,0.289,9,0,456,0,0,0,0,0,1
37,23900.0,2.6,MORTGAGE,4500.0,credit_card,60,616.88,12882.45,0.392,10,1,196,0,0,0,0,0,1
68,80900.0,14.3,OWN,28800.0,debt_consolidation,36,988.92,17942.4,0.332,12,3,454,0,0,0,0,0,1
34,48200.0,0.2,RENT,21000.0,credit_card,36,321.33,7851.13,0.464,12,1,123,0,0,0,0,1,0
65,117500.0,19.5,RENT,18000.0,credit_card,36,2826.6,115389.22,0.287,9,0,459,0,0,0,0,0,1
26,22500.0,3.4,MORTGAGE,4300.0,debt_consolidation,36,646.74,13245.87,0.308,9,1,58,0,0,0,1,0,0
55,85400.0,12.7,MORTGAGE,14300.0,home_improvement,36,1677.08,41733.46,0.375,6,2,164,1,1,0,0,0,1
66,76800.0,38.4,MORTGAGE,23600.0,credit_card,36,1468.47,82885.28,0.488,6,1,464,0,0,0,0,0,1
34,72100.0,8.3,OWN,24500.0,credit_card,36,1387.77,59812.96,0.27,4,0,167,0,0,0,0,0,1
67,136800.0,2.1,RENT,33000.0,medical,60,3244.12,131609.47,0.366,8,4,290,0,0,0,0,0,1
28,66700.0,6.9,RENT,9100.0,credit_card,36,200.36,5145.68,0.533,9,2,71,0,0,0,0,0,1
35,76000.0,3.0,MORTGAGE,13600.0,home_improvement,36,637.95,24482.03,0.342,8,0,70,1,1,0,0,0,1
47,33800.0,11.9,MORTGAGE,11800.0,major_purchase,36,668.67,16410.77,0.501,12,0,120,0,0,0,0,0,1
33,71000.0,0.9,RENT,28600.0,credit_card,60,1130.47,43685.4,0.049,8,1,112,0,0,0,0,0,1
69,57500.0,13.5,RENT,14600.0,home_improvement,36,722.83,35811.42,0.693,9,1,541,0,0,0,0,0,1
51,57000.0,6.6,RENT,8500.0,debt_consolidation,36,622.08,26680.31,0.284,12,1,199,0,0,0,0,0,1
55,27500.0,16.1,OWN,8700.0,debt_consolidation,36,252.22,7146.01,0.449,11,2,204,1,0,0,0,1,1
26,171300.0,1.2,OWN,50000.0,home_improvement,36,1433.86,66716.64,0.419,10,1,38,0,0,0,0,0,1
25,39100.0,1.4,RENT,16200.0,medical,36,909.0,28018.04,0.387,11,1,80,0,0,1,0,0,0
42,56300.0,3.1,RENT,9200.0,debt_consolidation,36,2148.5,55596.2,0.332,8,0,111,0,0,0,0,0,1
69,29200.0,15.7,RENT,11000.0,home_improvement,60,611.69,18817.55,0.759,5,1,528,0,0,0,0,0,1
43,29800.0,2.8,OWN,9500.0,debt_consolidation,36,726.1,27130.46,0.601,8,1,144,0,0,0,0,1,0
45,30100.0,3.2,OWN,11600.0,credit_card,60,322.08,15480.63,0.607,6,1,296,0,0,0,0,0,1
54,155100.0,27.0,MORTGAGE,14100.0,home_improvement,36,4332.16,257048.6,0.694,7,1,215,0,0,0,0,0,1
46,27300.0,7.4,RENT,10400.0,debt_consolidation,60,934.54,55430.38,0.783,14,0,159,0,0,0,0,0,0
67,48300.0,16.9,RENT,11600.0,debt_consolidation,60,979.67,46116.94,0.799,7,1,545,0,0,0,0,0,0
25,53100.0,0.4,MORTGAGE,19100.0,debt_consolidation,60,458.23,8262.62,0.621,7,1,58,0,0,0,0,0,1
46,44100.0,4.0,OWN,6500.0,auto,60,829.68,33100.13,0.078,9,1,208,0,0,0,0,0,1
40,41000.0,8.8,RENT,7800.0,credit_card,36,575.82,13508.68,0.414,7,1,102,0,0,0,0,1,1
26,52200.0,0.8,MORTGAGE,11300.0,debt_consolidation,36,1929.47,58167.43,0.186,10,2,66,0,0,0,0,0,1
26,33500.0,1.0,RENT,9000.0,debt_consolidation,60,523.15,20463.91,0.148,5,0,42,0,0,0,0,0,1
70,110500.0,16.4,MORTGAGE,28100.0,debt_consolidation,36,1039.65,30880.45,0.401,11,0,539,0,0,0,0,0,1
38,155800.0,4.1,MORTGAGE,22500.0,credit_card,36,5817.57,292901.64,0.697,11,0,110,0,0,0,0,0,1
24,131600.0,0.9,MORTGAGE,50000.0,home_improvement,36,2042.73,34171.29,0.466,10,2,61,0,0,0,0,0,1
37,23000.0,14.5,MORTGAGE,9800.0,auto,60,506.51,16573.03,0.353,6,1,92,0,0,0,0,0,1
34,22100.0,2.8,MORTGAGE,3200.0,small_business,60,707.53,33553.67,0.767,11,1,75,0,0,0,0,0,1
34,27900.0,5.4,RENT,5800.0,credit_card,60,756.04,44745.72,0.281,10,1,63,0,0,0,0,0,1
33,89000.0,8.7,RENT,33100.0,credit_card,36,329.09,13122.52,0.024,10,2,86,1,0,0,0,0,1
27,49700.0,2.1,MORTGAGE,18000.0,credit_card,60,1258.05,66620.77,0.143,9,1,45,0,0,1,0,0,0
64,247300.0,3.6,RENT,50000.0,debt_consolidation,36,3675.62,136414.24,0.351,6,1,234,0,0,0,0,0,0
35,67100.0,5.1,MORTGAGE,28800.0,home_improvement,60,1552.79,93132.35,0.33,8,0,91,0,0,0,0,0,1
39,119100.0,0.9,OWN,47600.0,debt_consolidation,60,2557.42,140630.02,0.519,6,2,107,0,0,0,0,0,1
63,120200.0,0.1,OWN,34200.0,debt_consolidation,60,1211.39,53154.87,0.22,7,0,250,0,0,0,0,0,1
67,38200.0,18.2,MORTGAGE,7100.0,auto,36,242.74,9520.47,0.243,8,0,378,0,0,0,0,0,1
64,41700.0,6.6,RENT,10800.0,credit_card,36,427.99,24323.78,0.428,14,0,170,1,0,0,0,0,1
55,154700.0,23.1,OWN,50000.0,credit_card,36,3517.58,160421.38,0.488,13,1,321,0,0,0,0,0,1
37,25800.0,13.6,OWN,2400.0,small_business,36,288.59,15924.38,0.66,8,0,121,0,0,0,0,0,1
55,60600.0,26.5,MORTGAGE,20100.0,home_improvement,36,752.0,26683.1,0.62,6,1,297,0,0,0,0,0,1
39,97100.0,7.7,RENT,39700.0,debt_consolidation,60,2244.48,78529.65,0.159,12,2,184,0,0,0,0,0,1
40,86000.0,11.5,MORTGAGE,11500.0,credit_card,60,1207.52,71045.85,0.52,6,1,142,0,0,0,0,0,1
56,53200.0,2.7,MORTGAGE,19900.0,debt_consolidation,36,1623.49,85680.39,0.353,7,2,248,0,0,0,0,0,0
55,52000.0,2.8,MORTGAGE,21100.0,debt_consolidation,36,1585.2,62256.18,0.446,5,2,291,2,0,0,0,0,0
52,33100.0,10.8,RENT,2500.0,auto,60,590.75,32606.77,0.436,7,0,378,0,0,0,0,0,1
68,39900.0,9.9,RENT,17300.0,home_improvement,36,890.42,16783.14,0.476,5,1,242,2,0,0,0,0,1
64,162200.0,15.9,MORTGAGE,40700.0,medical,60,2254.67,73119.13,0.204,8,1,366,0,0,0,0,0,1
60,74000.0,13.5,MORTGAGE,17300.0,small_business,60,1293.08,38462.33,0.536,11,1,261,1,0,0,0,0,0
44,47200.0,16.4,MORTGAGE,13700.0,debt_consolidation,60,857.76,46913.24,0.523,8,2,101,0,0,0,0,0,1
37,93000.0,5.8,MORTGAGE,12600.0,major_purchase,60,475.7,17193.74,0.281,9,2,145,0,0,0,0,0,1
27,51400.0,0.4,MORTGAGE,16200.0,home_improvement,36,1303.14,46983.23,0.345,7,1,63,0,0,0,0,0,0
63,36300.0,20.7,RENT,13600.0,debt_consolidation,36,949.37,18911.82,0.397,7,0,487,0,0,0,0,0,1
70,48000.0,6.3,RENT,8600.0,credit_card,36,1251.45,52874.18,0.17,5,0,212,0,0,0,0,0,1
21,30400.0,0.5,MORTGAGE,4600.0,debt_consolidation,36,511.06,18484.06,0.265,11,0,12,0,0,0,0,0,1
55,159100.0,14.6,RENT,50000.0,debt_consolidation,36,5325.94,116854.03,0.137,9,0,408,0,0,0,0,0,1
52,93400.0,16.9,MORTGAGE,22100.0,debt_consolidation,60,2466.67,127776.12,0.413,10,1,182,0,0,0,0,0,1
56,93100.0,17.1,MORTGAGE,28100.0,credit_card,36,1455.42,61240.72,0.206,4,0,151,0,0,0,0,0,1
33,49200.0,6.6,MORTGAGE,19300.0,debt_consolidation,36,1144.98,65575.15,0.265,7,1,149,0,1,0,0,0,1
26,64000.0,3.4,OWN,21600.0,debt_consolidation,60,1938.03,73211.28,0.358,4,3,49,0,0,0,0,0,1
34,50400.0,7.7,RENT,9000.0,home_improvement,36,1504.01,65115.77,0.454,8,2,93,0,0,0,0,0,0
57,30400.0,4.8,RENT,1800.0,home_improvement,60,543.27,16716.6,0.563,10,0,383,1,0,0,0,0,1
68,108600.0,5.2,RENT,25800.0,debt_consolidation,36,1581.18,61327.55,0.655,8,2,504,0,0,0,0,0,1
35,102400.0,6.1,MORTGAGE,15300.0,medical,36,821.44,25057.41,0.127,10,1,74,0,0,0,0,0,1
67,82300.0,17.7,MORTGAGE,17900.0,home_improvement,36,1419.51,27676.61,0.755,6,2,405,1,0,0,0,0,1
24,67200.0,2.2,RENT,15700.0,small_business,36,1144.17,21278.41,0.626,9,4,33,0,0,0,0,0,1
60,40600.0,4.8,RENT,16100.0,debt_consolidation,60,306.74,9299.86,0.24,11,1,448,0,0,0,0,0,1
36,79500.0,8.8,OWN,28400.0,auto,36,1367.03,26184.08,0.201,6,1,120,0,0,0,0,0,1
48,38700.0,14.1,MORTGAGE,5000.0,auto,60,1453.34,34407.27,0.162,7,1,205,0,0,0,0,0,1
36,41800.0,3.6,MORTGAGE,7400.0,credit_card,60,1660.13,37452.18,0.202,8,0,158,0,0,0,0,0,1
24,38900.0,0.5,OWN,11000.0,auto,36,302.84,14632.91,0.74,6,2,28,0,0,0,0,0,0
65,46200.0,30.7,MORTGAGE,12800.0,credit_card,60,578.55,20590.92,0.11,4,0,313,0,0,0,0,0,1
46,43800.0,4.4,RENT,11800.0,debt_consolidation,36,668.87,11807.75,0.648,7,1,248,0,0,0,0,0,1
48,98800.0,10.5,MORTGAGE,42600.0,small_business,60,2902.0,72750.74,0.253,9,0,109,0,0,0,0,0,1
52,37900.0,3.1,MORTGAGE,12400.0,credit_card,36,663.47,11936.93,0.63,6,0,280,1,0,0,0,0,1
65,65700.0,13.7,MORTGAGE,5800.0,debt_consolidation,36,2137.49,52933.02,0.442,5,0,450,0,0,0,0,0,1
22,92400.0,0.7,RENT,39400.0,debt_consolidation,36,888.22,39842.29,0.354,6,0,21,0,0,0,0,1,1
51,129000.0,5.9,MORTGAGE,30400.0,credit_card,36,1356.23,68860.37,0.245,8,1,176,1,0,0,0,0,1
23,81700.0,1.1,MORTGAGE,23100.0,home_improvement,36,1969.93,103388.73,0.577,9,2,25,0,1,0,0,0,1
28,23200.0,2.0,OWN,8800.0,major_purchase,60,906.04,20065.56,0.728,3,1,62,0,0,1,1,0,0
44,58300.0,8.6,OWN,7900.0,credit_card,36,1952.73,90375.05,0.187,8,1,284,0,0,0,0,0,0
35,98000.0,10.2,MORTGAGE,25000.0,debt_consolidation,36,1888.62,38106.03,0.255,9,2,99,0,0,0,0,0,0
63,38500.0,3.7,MORTGAGE,15200.0,credit_card,36,677.89,39456.38,0.142,10,0,215,0,0,0,0,1,1
51,137400.0,9.2,MORTGAGE,47400.0,credit_card,36,2300.25,76632.68,0.411,8,2,163,0,0,0,0,0,1
29,135800.0,1.6,MORTGAGE,25800.0,credit_card,36,2485.73,41237.95,0.361,4,2,116,0,0,0,0,0,1
59,87300.0,17.2,MORTGAGE,24900.0,credit_card,36,2031.36,42861.34,0.555,12,2,222,0,0,0,0,0,1
65,111900.0,9.7,OWN,6000.0,auto,60,847.63,44633.92,0.388,7,1,215,0,0,0,0,1,1
22,128700.0,0.1,MORTGAGE,8900.0,credit_card,60,1114.51,33827.58,0.208,11,0,27,0,0,0,0,0,1
28,68500.0,4.9,RENT,6500.0,home_improvement,36,1451.99,23170.17,0.338,8,0,96,0,1,0,0,0,1
27,107300.0,4.5,RENT,35200.0,major_purchase,36,2746.93,118645.12,0.418,9,0,61,0,0,0,0,0,1
64,35100.0,26.4,RENT,10500.0,major_purchase,36,1193.92,70058.9,0.398,8,1,358,2,1,0,0,0,0
71,98600.0,17.1,MORTGAGE,41100.0,debt_consolidation,36,1391.07,22916.88,0.205,6,0,382,0,0,0,0,0,1
59,82200.0,25.8,RENT,27400.0,credit_card,36,1484.53,69343.69,0.553,9,3,160,0,0,0,0,0,1
62,260700.0,1.0,RENT,50000.0,medical,36,7016.2,293616.4,0.051,7,0,436,1,1,0,0,0,1
36,53500.0,1.4,RENT,21200.0,medical,60,1749.5,26753.08,0.178,7,0,178,1,0,0,0,0,1
55,133500.0,2.9,OWN,9000.0,debt_consolidation,36,5433.03,214995.83,0.252,8,1,165,0,0,0,0,0,1
50,111600.0,8.5,MORTGAGE,6000.0,debt_consolidation,60,2996.75,66544.44,0.559,11,1,333,0,0,0,0,0,1
30,62400.0,1.2,RENT,9400.0,debt_consolidation,36,1033.74,52772.56,0.703,10,0,130,1,1,0,0,0,1
58,24400.0,1.2,RENT,2500.0,small_business,60,789.75,23521.8,0.27,10,2,433,0,0,0,0,0,1
38,53100.0,2.3,RENT,8400.0,small_business,60,451.8,11193.07,0.364,7,0,115,0,0,0,0,0,1
70,62200.0,3.6,OWN,10700.0,credit_card,36,304.73,9885.97,0.85,14,1,516,0,0,0,0,0,1
25,111900.0,1.1,OWN,26000.0,home_improvement,60,5017.07,253609.73,0.457,6,2,29,0,0,0,0,1,1
49,77100.0,18.3,MORTGAGE,22700.0,major_purchase,60,1992.42,52824.45,0.236,3,1,226,0,0,0,0,0,1
59,67400.0,29.1,MORTGAGE,12900.0,home_improvement,36,1446.58,56587.06,0.452,12,1,306,0,0,0,0,0,1
54,104100.0,11.4,MORTGAGE,45500.0,debt_consolidation,36,1738.32,80142.13,0.14,8,4,374,0,1,0,0,0,1
63,101300.0,18.2,RENT,27000.0,home_improvement,36,2197.44,62545.03,0.315,9,2,336,0,0,0,0,0,1
65,112800.0,31.4,RENT,45200.0,debt_consolidation,36,2193.06,96239.68,0.448,10,1,480,0,0,0,0,0,1
43,41400.0,2.1,MORTGAGE,15400.0,credit_card,36,975.53,56435.61,0.279,3,1,187,0,0,0,0,0,1
25,112900.0,2.6,OWN,7800.0,debt_consolidation,60,1896.89,74837.75,0.149,7,0,72,0,0,0,0,1,1
50,135400.0,8.5,MORTGAGE,32300.0,debt_consolidation,36,1959.72,44985.75,0.233,5,0,133,0,0,0,0,0,1
26,287700.0,2.1,RENT,50000.0,debt_consolidation,36,3861.78,168665.41,0.7,11,1,29,0,0,0,0,0,1
66,86900.0,4.1,OWN,35900.0,credit_card,36,148.52,8770.76,0.857,11,0,471,1,0,0,0,0,1
64,120500.0,4.3,MORTGAGE,36500.0,auto,36,1834.41,90029.09,0.03,9,2,251,0,0,0,0,0,1
24,85200.0,0.7,MORTGAGE,36000.0,debt_consolidation,36,1151.42,28903.2,0.225,11,2,55,0,0,0,0,0,1
49,93700.0,5.4,RENT,29500.0,auto,36,2007.81,63667.15,0.434,10,2,282,0,0,1,0,0,1
43,120600.0,3.1,RENT,16100.0,debt_consolidation,36,4994.4,96922.29,0.923,9,0,284,0,0,0,0,0,1
26,27200.0,0.9,RENT,7400.0,medical,60,215.89,8048.66,0.766,3,1,74,0,0,0,0,0,1
52,77800.0,6.7,OWN,27400.0,medical,36,970.2,28771.97,0.21,8,1,223,0,0,0,0,0,1
62,79200.0,13.1,RENT,25100.0,debt_consolidation,60,697.41,27851.42,0.124,15,1,412,0,0,0,0,0,1
38,47400.0,4.7,MORTGAGE,4000.0,small_business,60,917.29,20001.27,0.162,11,0,172,0,0,0,0,0,1
35,28400.0,7.2,RENT,4100.0,credit_card,60,514.27,30464.87,0.086,8,0,108,0,0,0,0,0,1
60,51300.0,15.6,MORTGAGE,16700.0,home_improvement,60,712.55,22365.8,0.156,3,2,344,3,0,0,0,0,1
52,78700.0,5.9,RENT,20600.0,home_improvement,36,976.44,37243.28,0.119,5,2,323,2,0,1,0,0,1
29,58900.0,0.6,RENT,3700.0,debt_consolidation,36,1358.25,81468.88,0.488,7,0,101,0,0,0,0,0,1
57,77400.0,1.5,RENT,26700.0,small_business,36,1843.36,55726.37,0.487,9,0,404,0,0,0,0,0,1
30,39700.0,3.7,RENT,3200.0,debt_consolidation,36,815.05,25846.74,0.14,6,0,58,0,0,0,0,0,1
40,72000.0,2.7,RENT,8900.0,home_improvement,36,671.38,34354.62,0.583,6,1,118,0,0,0,0,0,1
26,79900.0,3.5,RENT,32900.0,credit_card,36,2213.45,40580.99,0.203,2,1,73,0,0,0,0,0,1
68,33100.0,17.9,MORTGAGE,5800.0,home_improvement,36,840.31,22536.38,0.153,11,1,340,0,0,0,0,0,1
23,31200.0,0.2,RENT,2000.0,credit_card,60,751.02,27855.44,0.097,16,1,25,0,0,0,0,0,1
62,102800.0,29.1,RENT,5900.0,small_business,36,3583.81,146352.17,0.441,8,0,318,0,0,0,0,0,1
31,71200.0,3.1,MORTGAGE,30200.0,major_purchase,60,836.99,43664.29,0.61,4,1,72,0,0,0,0,0,1
63,37800.0,11.5,RENT,7500.0,debt_consolidation,36,367.41,17912.51,0.599,7,1,473,0,0,0,0,0,1
37,52700.0,5.6,OWN,15700.0,debt_consolidation,36,1364.41,64647.4,0.346,11,1,126,0,0,0,0,0,1
52,85800.0,4.6,MORTGAGE,18500.0,debt_consolidation,60,2411.36,78065.31,0.152,11,1,224,0,0,0,0,0,1
24,39900.0,2.3,OWN,5400.0,small_business,36,572.89,33660.72,0.291,10,1,41,0,1,0,0,0,1
24,154700.0,1.3,RENT,50000.0,medical,60,4309.74,225718.32,0.62,7,2,54,0,0,0,0,0,1
37,90100.0,6.3,RENT,38700.0,debt_consolidation,36,3939.56,142676.08,0.454,8,3,131,0,0,0,0,0,1
61,104400.0,9.2,MORTGAGE,46500.0,credit_card,36,1943.68,59086.32,0.436,17,2,234,0,0,0,0,0,1
39,72700.0,8.1,RENT,4800.0,home_improvement,36,1402.08,21199.96,0.525,9,1,111,0,0,0,0,0,0
25,92500.0,1.2,MORTGAGE,6500.0,credit_card,36,1127.34,36538.32,0.15,9,0,70,0,0,0,0,0,1
52,211900.0,2.8,MORTGAGE,50000.0,small_business,60,6422.79,111893.33,0.256,4,3,229,0,0,0,0,0,1
42,51900.0,12.6,MORTGAGE,6300.0,debt_consolidation,60,781.93,22462.9,0.692,2,3,148,1,0,2,0,0,0
26,53500.0,1.4,MORTGAGE,14700.0,major_purchase,36,1481.65,35364.77,0.094,9,1,86,0,0,0,0,0,1
55,210700.0,7.3,RENT,50000.0,debt_consolidation,36,3124.39,92830.11,0.58,7,1,312,0,0,0,0,0,1
42,135300.0,1.7,MORTGAGE,42600.0,debt_consolidation,36,3497.63,62090.22,0.385,14,1,257,0,0,0,0,0,1
21,60200.0,0.5,RENT,3900.0,debt_consolidation,60,494.78,24711.06,0.148,7,0,29,0,0,0,0,0,0
40,43000.0,4.1,MORTGAGE,7500.0,medical,60,1123.62,21313.78,0.101,4,2,229,0,0,0,0,0,1
42,52700.0,5.6,RENT,13500.0,debt_consolidation,60,865.92,40966.01,0.591,8,2,256,0,0,0,0,0,1
68,202500.0,24.9,MORTGAGE,24300.0,debt_consolidation,36,5266.86,300677.48,0.144,9,0,491,0,0,0,0,0,1
31,69500.0,3.9,MORTGAGE,29700.0,major_purchase,36,792.54,29369.44,0.245,6,4,144,0,0,0,0,0,1
33,118100.0,7.1,OWN,45100.0,credit_card,36,1975.24,99394.91,0.82,8,0,125,0,0,0,0,0,1
62,75500.0,2.2,MORTGAGE,8000.0,major_purchase,60,1139.75,65490.33,0.423,10,1,360,0,2,0,0,0,1
23,79000.0,1.6,RENT,25100.0,credit_card,60,2738.22,107431.02,0.135,14,0,32,0,0,0,0,0,1
29,91800.0,1.9,MORTGAGE,19700.0,debt_consolidation,60,2733.1,73464.32,0.304,11,1,110,0,0,0,0,0,1
32,61900.0,3.4,MORTGAGE,10800.0,debt_consolidation,36,1561.53,24931.96,0.378,10,2,108,0,0,0,0,0,1
43,57500.0,4.6,MORTGAGE,9600.0,debt_consolidation,36,736.63,25427.8,0.266,8,0,119,0,0,0,0,0,1
34,158000.0,8.8,RENT,49800.0,debt_consolidation,36,1354.38,29679.66,0.715,15,1,103,1,3,0,0,0,0
53,58700.0,25.1,RENT,24200.0,debt_consolidation,36,1279.38,68400.89,0.532,9,1,354,0,0,0,0,0,1
38,88400.0,9.4,RENT,34000.0,major_purchase,60,1090.67,55228.17,0.213,10,3,213,3,0,0,0,0,1
69,119600.0,37.8,RENT,22700.0,debt_consolidation,60,1485.46,71361.78,0.237,8,1,294,0,0,0,0,0,1
61,90600.0,26.4,MORTGAGE,30200.0,debt_consolidation,60,2352.06,45212.55,0.599,9,2,208,2,0,0,0,0,0
29,100600.0,1.2,MORTGAGE,26300.0,medical,36,1661.24,73342.66,0.225,10,0,112,0,0,0,0,0,1
43,27000.0,9.6,RENT,6100.0,credit_card,60,606.81,17617.07,0.186,6,1,221,0,0,0,0,0,1
30,75300.0,4.8,MORTGAGE,12700.0,credit_card,60,844.34,31157.74,0.56,13,1,51,0,0,0,0,0,1
39,134300.0,16.1,RENT,11100.0,medical,60,2680.66,157332.63,0.541,7,1,138,0,0,1,0,0,1
67,228900.0,29.1,RENT,29100.0,home_improvement,36,8999.54,172821.93,0.48,8,0,208,2,1,0,0,0,1
25,125700.0,0.8,MORTGAGE,34800.0,small_business,36,3571.27,158950.39,0.204,6,1,68,0,0,0,0,0,1
67,76300.0,11.4,MORTGAGE,26100.0,home_improvement,60,2169.34,123141.74,0.456,5,5,540,0,0,0,0,0,1
43,91500.0,8.6,MORTGAGE,5900.0,credit_card,36,1017.64,17607.66,0.276,7,1,98,0,0,0,0,0,1
50,98800.0,15.6,MORTGAGE,19900.0,home_improvement,36,1658.82,71245.28,0.163,4,4,146,0,0,0,0,0,1
45,21600.0,9.7,RENT,2500.0,credit_card,60,933.56,38832.51,0.573,11,2,170,0,0,0,0,0,1
48,35100.0,15.2,RENT,10200.0,debt_consolidation,60,1138.9,47468.14,0.901,8,1,136,0,0,0,0,0,1
54,71600.0,11.5,MORTGAGE,28300.0,debt_consolidation,60,918.28,25162.4,0.763,9,0,149,0,0,0,0,1,1
65,63400.0,5.8,RENT,26700.0,debt_consolidation,60,1262.75,59939.82,0.351,9,0,376,0,0,0,0,0,0
68,53800.0,9.0,MORTGAGE,21700.0,debt_consolidation,36,1436.76,76423.63,0.148,7,0,341,0,0,0,0,0,1
67,81900.0,14.0,RENT,32700.0,credit_card,60,251.45,7231.83,0.62,8,1,371,0,0,0,0,0,1
45,87300.0,8.3,MORTGAGE,25300.0,credit_card,36,2240.95,51674.98,0.582,5,2,288,1,0,0,0,0,1
30,28500.0,0.7,MORTGAGE,4200.0,home_improvement,60,688.02,39791.55,0.407,9,6,136,0,0,0,0,1,0
34,31100.0,5.5,MORTGAGE,10800.0,major_purchase,36,761.57,39827.69,0.555,6,1,171,0,0,0,0,0,0
62,52700.0,24.1,MORTGAGE,17900.0,credit_card,36,1178.89,67222.4,0.421,7,0,236,0,0,0,0,0,1
66,90200.0,4.4,RENT,10500.0,debt_consolidation,60,2681.73,55791.77,0.34,9,1,547,2,0,0,0,0,0
50,59100.0,2.8,RENT,7600.0,debt_consolidation,36,523.18,28466.56,0.38,9,0,350,0,0,0,0,0,1
61,49100.0,27.9,MORTGAGE,4600.0,debt_consolidation,36,693.11,36622.63,0.344,4,1,481,0,0,0,0,0,1
45,145200.0,8.7,RENT,36200.0,major_purchase,36,681.72,24110.86,0.332,12,0,242,0,0,0,0,0,1
34,95500.0,6.3,MORTGAGE,17100.0,credit_card,60,1775.7,59024.17,0.313,5,1,165,1,0,0,0,0,1
55,60100.0,7.3,RENT,24600.0,small_business,36,1587.68,54079.07,0.596,11,1,222,1,0,0,0,0,0
68,178700.0,6.3,MORTGAGE,11600.0,debt_consolidation,36,2619.65,110072.06,0.494,6,2,345,0,0,0,0,0,1
54,70000.0,18.2,RENT,12600.0,home_improvement,36,429.51,18160.43,0.543,7,1,284,0,0,0,0,0,1
30,111900.0,0.8,MORTGAGE,44800.0,home_improvement,36,2227.1,114150.61,0.417,7,2,126,0,0,0,0,0,1
55,39000.0,23.2,RENT,17500.0,small_business,36,598.06,18748.64,0.255,8,0,359,0,0,0,0,0,1
31,30700.0,1.9,RENT,10400.0,credit_card,36,397.13,6574.95,0.645,8,1,89,0,0,0,0,0,1
31,42500.0,0.4,RENT,17400.0,small_business,36,446.25,13023.37,0.649,6,1,56,3,1,0,0,0,0
41,88900.0,7.3,MORTGAGE,5000.0,medical,60,2833.71,128582.71,0.527,13,0,130,0,0,0,0,0,1
41,61700.0,1.0,OWN,22100.0,medical,36,567.19,30484.82,0.372,9,2,261,0,0,0,0,0,1
42,60200.0,13.2,RENT,14100.0,debt_consolidation,36,653.02,17997.14,0.488,7,0,196,0,0,0,0,0,1
65,75300.0,26.0,RENT,24600.0,credit_card,36,1511.51,71753.67,0.427,7,1,172,0,0,0,0,0,0
27,72000.0,0.3,MORTGAGE,16000.0,debt_consolidation,60,1122.0,38727.69,0.691,12,2,42,2,0,0,0,0,1
37,130100.0,5.8,MORTGAGE,36100.0,medical,36,2933.47,55406.09,0.319,9,2,80,1,1,0,0,0,0
22,48800.0,0.6,OWN,7500.0,medical,60,684.35,12985.89,0.197,13,3,33,0,0,0,0,0,1
32,30300.0,0.3,RENT,8500.0,credit_card,36,652.37,14803.08,0.592,7,0,54,2,0,0,0,0,0
62,162700.0,13.4,MORTGAGE,27100.0,medical,36,6213.87,291005.63,0.542,6,2,378,0,0,0,0,0,1
38,51200.0,11.3,RENT,8300.0,home_improvement,36,278.18,14722.33,0.412,11,0,103,0,0,0,1,0,1
31,128300.0,4.9,RENT,23200.0,home_improvement,60,1624.61,29379.78,0.642,5,2,107,0,0,0,0,0,1
36,82600.0,7.9,RENT,10800.0,credit_card,60,564.86,15626.85,0.286,13,3,88,0,0,0,0,0,1
69,148500.0,13.8,OWN,20700.0,debt_consolidation,36,716.34,39640.57,0.92,6,3,252,0,0,0,0,0,1
71,47000.0,20.7,MORTGAGE,19900.0,medical,60,479.8,21143.14,0.7,5,0,208,0,0,0,0,0,1
38,106800.0,3.6,RENT,24800.0,debt_consolidation,36,2622.91,79642.35,0.083,9,1,189,0,0,0,0,0,1
55,56700.0,13.6,OWN,16800.0,small_business,36,1218.8,52092.76,0.365,5,2,271,0,0,0,0,0,1
46,45800.0,11.8,RENT,12800.0,debt_consolidation,36,1250.47,37275.57,0.837,13,1,213,0,0,0,0,0,1
36,166800.0,7.1,RENT,26000.0,home_improvement,60,4375.55,96329.4,0.381,8,1,167,0,0,0,0,1,1
26,43900.0,1.0,MORTGAGE,2200.0,debt_consolidation,36,917.96,13792.74,0.366,8,1,69,0,0,0,0,0,1
64,42800.0,16.5,OWN,3900.0,debt_consolidation,36,1097.48,53406.11,0.226,5,1,236,0,0,0,0,0,1
63,35800.0,9.8,MORTGAGE,13700.0,medical,36,368.71,13035.42,0.466,7,1,258,1,1,0,0,0,0
67,51700.0,18.6,MORTGAGE,4800.0,credit_card,60,1113.39,59059.23,0.826,5,0,511,0,0,0,0,0,1
67,72200.0,29.3,OWN,9600.0,credit_card,36,1714.98,87768.26,0.716,3,0,345,0,0,0,0,0,1
68,60500.0,13.7,RENT,25100.0,home_improvement,60,744.65,12380.48,0.204,8,1,189,0,0,0,0,0,0
62,81900.0,16.3,RENT,30600.0,debt_consolidation,36,1145.4,44196.42,0.437,7,1,386,0,0,0,0,0,1
32,27700.0,3.7,RENT,2000.0,credit_card,36,965.71,29270.23,0.541,7,1,65,0,1,0,0,0,0
33,64800.0,2.7,MORTGAGE,19900.0,credit_card,36,2019.41,112931.68,0.846,5,0,90,0,0,0,0,0,1
24,30200.0,1.8,MORTGAGE,7700.0,auto,36,314.32,18540.82,0.248,6,1,25,0,0,0,0,0,1
59,51900.0,11.3,RENT,10200.0,small_business,36,1016.12,26311.87,0.308,8,0,320,0,0,0,0,0,1
22,58100.0,1.1,MORTGAGE,14500.0,debt_consolidation,36,1241.17,30281.21,0.043,6,0,32,0,0,0,0,0,0
46,65000.0,8.3,MORTGAGE,7200.0,home_improvement,60,1427.65,30883.68,0.497,9,3,218,1,0,0,0,0,1
47,80600.0,7.3,MORTGAGE,34800.0,credit_card,36,205.33,11396.86,0.172,6,0,116,0,0,0,0,0,1
47,33100.0,8.7,MORTGAGE,3900.0,debt_consolidation,36,288.81,10133.93,0.326,8,2,114,1,1,0,0,0,0
35,51700.0,1.4,RENT,6400.0,small_business,60,2007.08,50460.06,0.573,6,2,107,0,0,0,0,0,0
28,232600.0,3.9,MORTGAGE,45900.0,debt_consolidation,36,6592.32,189576.27,0.312,8,0,108,0,0,0,0,0,1
27,63400.0,2.0,RENT,8600.0,debt_consolidation,36,1251.45,41575.15,0.134,8,0,74,0,0,0,0,0,1
67,59500.0,21.0,MORTGAGE,10400.0,debt_consolidation,36,1984.38,117329.67,0.269,5,0,432,0,0,0,0,0,1
66,23000.0,20.1,MORTGAGE,1500.0,auto,60,268.89,14868.14,0.238,5,2,253,0,0,0,1,0,0
60,72600.0,24.0,MORTGAGE,21500.0,small_business,60,591.53,21990.93,0.489,8,2,360,0,0,0,0,0,1
32,27600.0,0.8,RENT,4000.0,debt_consolidation,60,267.3,14416.09,0.167,9,1,115,0,0,0,0,0,1
33,18000.0,1.6,MORTGAGE,7900.0,credit_card,36,14.51,373.84,0.367,8,2,114,2,1,0,1,0,0
63,84300.0,4.9,MORTGAGE,8100.0,debt_consolidation,36,2103.84,81455.56,0.407,9,0,416,0,0,0,0,0,1
37,84000.0,7.1,MORTGAGE,6800.0,debt_consolidation,60,1223.03,61421.62,0.733,9,2,149,0,0,0,0,0,1
37,27200.0,5.3,MORTGAGE,3300.0,medical,60,599.46,13522.38,0.572,5,1,85,0,0,0,0,0,1
56,30600.0,1.5,RENT,8200.0,small_business,36,405.17,15565.58,0.778,11,3,214,0,0,0,0,0,1
41,43000.0,12.3,RENT,15000.0,auto,36,431.63,13268.45,0.526,4,0,245,0,1,0,0,0,0
28,192600.0,1.6,MORTGAGE,50000.0,debt_consolidation,36,2845.95,142074.81,0.316,7,0,45,0,0,0,0,0,1
25,77200.0,0.8,MORTGAGE,30400.0,home_improvement,36,1034.05,55521.77,0.301,10,1,39,0,0,0,0,0,1
46,90900.0,4.9,RENT,26100.0,debt_consolidation,36,73.15,1540.06,0.652,7,1,195,0,0,0,0,0,1
36,130100.0,1.5,RENT,13700.0,debt_consolidation,36,4449.89,226835.33,0.86,7,2,93,1,0,0,0,0,0
56,152900.0,4.8,MORTGAGE,19000.0,small_business,36,3182.26,140447.99,0.3,14,1,248,2,0,0,0,1,1
48,71600.0,3.8,MORTGAGE,13800.0,debt_consolidation,60,2114.7,126753.89,0.482,16,2,209,0,0,0,0,0,1
49,85100.0,14.4,RENT,35600.0,credit_card,36,3602.19,112807.04,0.375,12,0,127,0,0,0,0,0,1
67,66800.0,14.1,OWN,15600.0,debt_consolidation,36,1166.66,40417.5,0.279,7,0,340,0,0,0,0,0,1
32,22300.0,3.5,MORTGAGE,8900.0,home_improvement,36,495.8,19555.04,0.087,6,2,103,2,1,0,0,0,0
57,77600.0,16.5,MORTGAGE,6200.0,debt_consolidation,60,2126.56,107958.12,0.366,13,3,187,0,0,0,1,0,1
50,49000.0,15.0,OWN,15900.0,debt_consolidation,60,1560.16,56955.79,0.256,9,0,314,0,0,0,0,0,1
43,18000.0,11.9,RENT,4300.0,credit_card,36,545.5,12810.49,0.643,6,2,272,0,0,0,0,0,1
36,43100.0,6.2,MORTGAGE,5100.0,credit_card,36,787.03,41242.01,0.218,5,1,69,0,0,0,0,1,0
34,50400.0,7.7,MORTGAGE,4200.0,home_improvement,60,673.71,16699.53,0.543,12,0,112,0,0,0,0,0,1
30,109500.0,5.8,RENT,19300.0,debt_consolidation,36,1540.71,32523.34,0.38,8,1,98,0,0,0,0,0,1
27,60700.0,3.7,MORTGAGE,23000.0,debt_consolidation,36,959.51,31983.12,0.261,5,4,64,0,0,0,0,0,1
65,43900.0,14.7,OWN,13400.0,major_purchase,36,842.9,34428.45,0.839,10,1,497,0,0,0,0,0,1
57,32000.0,5.6,RENT,7500.0,debt_consolidation,36,698.72,36567.17,0.491,11,2,335,0,0,0,0,0,0
49,58300.0,12.9,RENT,22600.0,debt_consolidation,36,640.95,14373.37,0.202,9,1,149,0,0,0,0,0,1
23,71600.0,0.7,RENT,8800.0,credit_card,36,632.38,12812.88,0.31,8,1,56,0,0,0,0,0,1
35,89600.0,7.8,RENT,14500.0,debt_consolidation,36,2014.52,117399.9,0.587,14,1,155,0,0,0,0,0,1
56,103500.0,9.3,RENT,28100.0,credit_card,36,2147.35,107112.0,0.172,7,2,150,0,0,0,0,0,1
67,30100.0,20.3,RENT,8600.0,major_purchase,36,417.08,14084.23,0.756,12,1,495,0,0,0,0,0,1
66,75700.0,19.7,MORTGAGE,13500.0,debt_consolidation,36,409.85,19789.66,0.45,13,0,373,0,0,0,0,0,1
39,60200.0,5.4,MORTGAGE,15200.0,credit_card,60,619.66,13657.07,0.402,12,2,199,0,0,0,0,0,1
33,57300.0,1.0,RENT,5600.0,debt_consolidation,36,935.08,17579.06,0.477,5,1,149,1,2,0,0,0,0
62,73800.0,13.9,OWN,4000.0,auto,36,913.33,29673.05,0.328,6,2,246,0,0,0,0,0,1
41,169000.0,1.8,MORTGAGE,50000.0,debt_consolidation,60,2632.07,136880.44,0.326,8,2,252,1,0,0,0,0,1
57,56100.0,14.8,RENT,12700.0,debt_consolidation,36,1894.79,47887.46,0.257,10,0,308,0,0,0,1,0,1
47,70000.0,19.1,MORTGAGE,10000.0,debt_consolidation,36,2829.5,57589.46,0.827,7,0,287,0,0,0,0,0,1
49,38100.0,13.0,MORTGAGE,6900.0,debt_consolidation,36,531.12,21768.19,0.61,4,2,344,0,0,0,0,0,1
40,36000.0,2.5,MORTGAGE,9300.0,credit_card,36,826.3,48166.46,0.701,6,1,240,2,1,0,0,0,0
45,35000.0,13.4,RENT,15000.0,credit_card,36,1023.81,27306.2,0.228,8,2,145,0,0,0,0,0,1
26,27500.0,1.4,RENT,9300.0,credit_card,36,1145.7,45129.66,0.542,9,3,43,1,0,0,0,0,0
56,45700.0,6.6,RENT,19600.0,major_purchase,60,426.06,20557.91,0.64,7,1,196,0,0,0,0,0,1
22,174300.0,0.9,RENT,16500.0,debt_consolidation,36,2039.22,62838.0,0.475,6,1,18,0,0,0,0,0,1
42,42600.0,7.1,MORTGAGE,5200.0,home_improvement,36,669.54,20176.81,0.307,9,1,92,0,0,0,0,0,1
52,54800.0,1.9,RENT,10700.0,debt_consolidation,36,1868.28,83853.0,0.496,3,1,362,0,0,0,0,0,1
36,30300.0,8.8,RENT,4500.0,home_improvement,60,366.93,12924.06,0.315,7,0,81,0,0,0,0,0,0
38,58500.0,12.2,MORTGAGE,25300.0,medical,60,1656.94,93544.3,0.369,6,0,179,0,0,0,0,0,1
25,36300.0,1.6,MORTGAGE,4300.0,auto,36,279.26,6011.97,0.328,12,3,35,0,0,0,0,0,1
56,54700.0,28.8,MORTGAGE,6500.0,home_improvement,60,817.95,26364.93,0.319,13,1,393,0,0,0,0,0,1
50,54500.0,26.1,OWN,13400.0,medical,36,778.38,12711.94,0.545,8,1,202,0,0,0,0,0,1
65,61900.0,22.0,OWN,20400.0,home_improvement,36,743.9,17615.37,0.156,6,1,467,0,0,0,0,0,1
39,121600.0,3.0,RENT,24500.0,medical,36,3048.37,103972.72,0.073,6,0,235,0,0,0,0,0,1
43,176400.0,10.2,MORTGAGE,11900.0,major_purchase,36,3849.7,121730.85,0.016,8,2,145,2,0,0,0,0,1
54,175500.0,9.7,MORTGAGE,50000.0,debt_consolidation,36,1563.92,46542.73,0.245,11,3,158,0,0,0,0,0,1
33,70200.0,4.4,RENT,30100.0,credit_card,60,913.7,15105.36,0.513,3,1,157,0,0,0,0,0,1
63,72800.0,6.6,RENT,27200.0,debt_consolidation,36,1884.72,77852.69,0.292,7,0,364,0,0,0,0,0,1
49,69700.0,5.8,RENT,26900.0,debt_consolidation,60,1463.65,80523.71,0.4,14,1,230,0,0,0,0,0,1
56,101000.0,3.1,RENT,39300.0,credit_card,36,2854.79,79474.11,0.071,4,2,207,0,0,0,0,0,1
42,45300.0,0.5,OWN,16000.0,debt_consolidation,36,1256.39,35921.93,0.586,11,2,164,0,0,0,0,0,1
67,37800.0,12.9,MORTGAGE,14100.0,debt_consolidation,36,607.51,27572.06,0.362,6,1,512,0,0,0,0,0,1
56,22000.0,15.7,RENT,1800.0,debt_consolidation,36,355.82,17737.15,0.325,8,1,319,0,0,0,0,0,1
29,108100.0,2.6,MORTGAGE,7800.0,debt_consolidation,36,1041.8,58890.5,0.202,7,2,89,0,0,0,0,0,1
59,74800.0,13.5,RENT,6000.0,medical,60,2331.19,68299.57,0.605,5,3,155,0,0,0,0,0,0
71,42100.0,15.8,RENT,12100.0,small_business,36,715.28,21297.63,0.378,8,2,325,0,0,0,0,0,1
39,160000.0,1.8,RENT,23400.0,medical,36,4310.97,177449.72,0.039,6,0,222,0,0,0,0,0,1
58,46000.0,16.0,RENT,2800.0,major_purchase,60,1204.83,31984.82,0.55,5,0,408,0,0,0,0,0,1
26,151700.0,3.8,RENT,12200.0,home_improvement,36,3856.27,94988.85,0.649,9,0,65,0,0,0,0,0,1
67,41000.0,7.1,MORTGAGE,3200.0,credit_card,36,542.89,16743.05,0.878,11,1,226,0,0,0,0,1,1
35,73100.0,1.9,RENT,22000.0,debt_consolidation,36,1473.06,35464.23,0.342,8,0,179,0,0,0,0,0,1
40,84300.0,10.0,MORTGAGE,9000.0,debt_consolidation,60,1296.69,28343.09,0.241,9,1,193,0,0,0,0,0,1
29,49400.0,0.5,RENT,19200.0,home_improvement,60,1991.51,98710.8,0.136,7,2,122,0,1,0,0,0,0
52,32500.0,16.3,MORTGAGE,14500.0,debt_consolidation,36,1171.42,60985.45,0.721,9,2,363,0,0,0,0,0,1
24,67300.0,0.7,MORTGAGE,15200.0,debt_consolidation,36,1770.6,105062.71,0.249,5,1,33,2,0,0,0,0,0
70,43200.0,14.4,RENT,11500.0,debt_consolidation,36,637.92,19235.86,0.528,15,1,395,0,0,0,0,0,1
38,27700.0,3.4,MORTGAGE,4300.0,debt_consolidation,36,318.66,16864.84,0.855,6,2,150,0,0,0,0,0,0
25,24400.0,2.7,MORTGAGE,7600.0,debt_consolidation,36,370.35,6727.0,0.253,8,1,38,2,0,0,0,0,1
40,73300.0,6.0,RENT,30500.0,small_business,36,1248.06,46794.48,0.114,11,1,132,0,0,0,0,0,1
43,18700.0,6.6,RENT,2300.0,credit_card,36,579.82,11555.19,0.213,4,0,277,0,0,0,0,0,1
31,56300.0,7.6,MORTGAGE,24300.0,debt_consolidation,60,771.73,20423.53,0.434,9,1,52,0,0,0,0,0,1
57,100300.0,16.2,RENT,13900.0,debt_consolidation,60,757.33,17430.4,0.198,10,1,398,4,1,0,0,0,1
42,28800.0,4.6,RENT,4500.0,debt_consolidation,36,456.42,16053.21,0.789,5,2,220,0,0,0,0,0,1
24,31500.0,1.1,MORTGAGE,13100.0,debt_consolidation,60,251.4,8565.53,0.297,10,1,25,0,0,0,0,0,1
49,78600.0,12.9,OWN,22600.0,debt_consolidation,60,908.45,31047.32,0.334,12,2,225,0,0,0,1,1,1
64,18000.0,6.1,RENT,1100.0,home_improvement,60,284.81,7096.39,0.936,4,2,295,0,0,0,0,0,0
54,63600.0,5.6,MORTGAGE,23600.0,home_improvement,36,1551.23,80803.62,0.377,8,1,257,0,0,0,0,0,1
33,50400.0,2.2,OWN,15500.0,debt_consolidation,36,1135.53,25276.13,0.586,5,0,106,0,0,0,0,0,1
62,146000.0,12.0,RENT,50000.0,home_improvement,60,3323.55,164280.51,0.325,9,4,286,0,0,0,0,1,0
29,159100.0,1.7,MORTGAGE,18200.0,credit_card,60,417.71,23229.23,0.742,11,2,59,0,0,0,0,0,0
62,79200.0,12.0,RENT,31600.0,medical,36,1202.44,36829.53,0.311,15,1,417,1,0,0,0,0,1
51,44900.0,8.0,MORTGAGE,16300.0,home_improvement,36,1063.58,48699.72,0.214,7,1,139,0,0,0,0,0,1
27,69000.0,1.5,RENT,29900.0,credit_card,36,1189.11,58762.31,0.384,10,2,101,1,2,0,0,0,0
24,106900.0,0.9,RENT,22800.0,credit_card,60,3000.87,93615.09,0.412,5,0,62,0,0,0,0,0,1
39,97000.0,4.4,MORTGAGE,25000.0,debt_consolidation,36,2910.01,104277.75,0.637,12,0,92,1,1,0,0,0,1
62,18100.0,11.8,MORTGAGE,6000.0,major_purchase,60,201.21,3175.13,0.096,7,2,301,0,0,0,0,0,1
50,29400.0,16.3,RENT,2700.0,credit_card,36,1064.24,26102.48,0.313,7,0,315,2,0,0,0,0,1
51,99900.0,4.7,MORTGAGE,13400.0,credit_card,36,752.83,29095.35,0.383,6,1,308,0,0,0,0,0,1
55,32600.0,6.5,OWN,5400.0,credit_card,36,1129.43,28975.08,0.203,4,3,313,0,1,0,0,0,1
41,79400.0,8.8,OWN,34000.0,debt_consolidation,36,2924.93,77826.85,0.59,7,0,145,0,0,0,0,0,1
51,103400.0,5.0,MORTGAGE,5200.0,small_business,36,1394.0,43406.39,0.246,9,1,255,0,0,0,0,1,1
39,91600.0,3.8,OWN,41000.0,major_purchase,36,3343.66,147548.83,0.702,7,2,178,0,0,0,1,0,1
51,85900.0,4.2,MORTGAGE,17900.0,debt_consolidation,60,1307.68,50970.61,0.466,6,3,144,0,0,0,0,0,1
52,50400.0,18.8,MORTGAGE,15600.0,debt_consolidation,36,1218.21,25125.39,0.695,7,0,172,3,1,0,0,0,0
22,30900.0,0.6,OWN,6600.0,debt_consolidation,36,700.01,25382.65,0.516,10,0,17,0,0,0,0,0,1
30,177100.0,2.3,MORTGAGE,50000.0,debt_consolidation,36,6880.36,148787.29,0.079,11,2,56,0,0,0,0,0,1
22,22700.0,0.8,MORTGAGE,9800.0,debt_consolidation,60,258.16,8878.68,0.168,10,3,45,1,0,0,0,0,1
22,70400.0,0.3,MORTGAGE,16100.0,major_purchase,36,991.78,54905.96,0.081,9,2,36,0,0,0,0,1,0
44,48300.0,4.8,RENT,5900.0,credit_card,36,509.48,19298.46,0.831,5,3,294,0,0,0,0,0,1
37,136800.0,5.9,RENT,19000.0,credit_card,36,1640.16,98399.94,0.368,4,0,105,2,0,0,0,0,0
52,67200.0,7.1,MORTGAGE,10500.0,medical,60,1207.33,38901.19,0.193,12,0,176,0,0,0,0,0,1
36,40800.0,1.4,MORTGAGE,5700.0,small_business,36,583.22,13239.15,0.353,9,0,169,0,0,0,0,0,1
36,50900.0,2.2,MORTGAGE,2800.0,debt_consolidation,36,1699.25,91622.2,0.376,6,0,176,0,0,0,0,0,1
66,107400.0,3.7,OWN,42400.0,debt_consolidation,36,1236.02,28967.73,0.337,7,3,481,1,0,0,0,0,1
59,118700.0,10.9,MORTGAGE,38300.0,debt_consolidation,36,1166.48,46854.85,0.501,13,1,460,0,0,0,0,0,1
51,94200.0,15.5,RENT,24100.0,debt_consolidation,60,2800.72,94677.53,0.757,8,0,167,0,0,0,0,0,1
63,70000.0,6.5,MORTGAGE,7600.0,small_business,36,907.86,52229.38,0.492,11,1,485,0,0,0,0,0,1
44,38700.0,12.8,RENT,2600.0,home_improvement,36,372.5,21008.04,0.254,1,2,186,0,0,0,0,0,1
21,44100.0,0.4,MORTGAGE,9000.0,debt_consolidation,36,1871.72,83130.9,0.592,9,1,24,0,0,0,0,0,1
31,85000.0,1.6,MORTGAGE,4400.0,credit_card,60,623.53,33622.48,0.707,9,1,140,0,0,0,0,0,1
41,115200.0,3.0,MORTGAGE,8400.0,debt_consolidation,36,1407.08,35411.41,0.23,7,1,146,0,0,0,0,0,1
24,29200.0,1.1,RENT,2300.0,debt_consolidation,60,516.1,18714.93,0.613,9,2,63,0,0,0,0,0,1
27,25800.0,0.5,RENT,9700.0,debt_consolidation,60,187.43,10938.97,0.38,10,2,67,0,0,0,0,0,1
46,58800.0,22.1,RENT,20000.0,major_purchase,36,888.8,28438.12,0.136,8,2,175,0,0,0,0,0,0
67,74900.0,3.9,MORTGAGE,13000.0,debt_consolidation,60,675.9,29592.31,0.403,7,1,253,0,0,0,0,0,0
70,72200.0,9.0,MORTGAGE,12400.0,major_purchase,60,701.89,18758.35,0.226,7,1,550,1,0,0,0,0,1
32,88400.0,6.2,MORTGAGE,16600.0,home_improvement,36,1889.8,77014.78,0.823,9,2,63,0,0,0,0,0,1
51,49100.0,3.8,RENT,13600.0,home_improvement,60,978.19,33558.22,0.684,7,1,133,0,0,0,0,0,1
37,129900.0,8.2,MORTGAGE,50000.0,small_business,36,282.09,4910.11,0.526,7,0,186,0,0,0,0,0,1
53,151600.0,2.4,OWN,36500.0,debt_consolidation,60,4295.92,203695.79,0.263,12,0,157,2,0,0,0,0,1
31,88300.0,1.1,RENT,9700.0,small_business,36,1831.97,44099.58,0.385,8,2,61,0,0,0,0,0,1
48,49700.0,9.3,MORTGAGE,5600.0,debt_consolidation,36,534.22,22666.29,0.547,6,0,279,0,0,0,0,0,1
52,18000.0,8.6,RENT,1300.0,auto,36,741.6,32137.05,0.199,8,0,256,0,0,0,0,0,1
21,45600.0,0.3,MORTGAGE,15800.0,small_business,36,272.71,13156.8,0.844,11,0,16,0,0,0,0,0,1
67,71000.0,12.6,MORTGAGE,14900.0,auto,36,580.71,21369.19,0.351,9,1,473,0,0,0,0,1,1
48,93500.0,6.0,MORTGAGE,39000.0,medical,36,2276.87,118744.31,0.57,9,2,170,0,1,0,1,0,1
62,54200.0,15.5,RENT,9400.0,debt_consolidation,36,1440.23,47228.66,0.537,8,2,403,0,0,0,0,0,1
27,62100.0,4.2,MORTGAGE,22900.0,medical,36,612.85,19609.84,0.848,10,3,86,0,0,0,0,1,1
22,166800.0,0.5,RENT,41400.0,debt_consolidation,60,3270.94,114236.28,0.537,5,1,35,0,0,0,0,0,1
62,36000.0,28.6,OWN,14000.0,credit_card,36,444.74,24185.21,0.626,6,1,184,0,1,0,1,0,1
44,26300.0,6.0,RENT,7200.0,small_business,60,572.09,27359.69,0.418,4,2,196,0,0,0,0,0,1
24,18000.0,1.5,RENT,2300.0,debt_consolidation,36,634.7,27328.37,0.137,7,1,27,0,0,0,0,0,0
64,111400.0,9.4,MORTGAGE,41300.0,debt_consolidation,36,1325.23,61812.89,0.516,7,0,383,1,0,0,0,0,1
39,31500.0,6.4,MORTGAGE,1600.0,major_purchase,36,167.63,8258.64,0.392,7,1,165,0,0,0,0,0,1
46,54200.0,0.7,MORTGAGE,13600.0,debt_consolidation,60,954.6,41548.9,0.406,7,1,156,0,0,0,0,0,1
31,103400.0,0.3,RENT,13300.0,debt_consolidation,36,969.62,34872.98,0.443,7,1,143,0,0,0,0,0,1
60,154100.0,28.0,MORTGAGE,28500.0,credit_card,60,3074.91,77386.76,0.639,8,2,448,0,0,0,0,0,1
70,67700.0,5.8,MORTGAGE,14500.0,small_business,60,371.88,21042.56,0.437,9,1,530,1,0,0,0,0,1
63,37900.0,21.6,RENT,10400.0,major_purchase,36,1029.88,48857.23,0.497,5,2,368,2,0,0,0,1,0
31,79800.0,7.7,MORTGAGE,15300.0,credit_card,36,1223.08,31740.94,0.274,7,1,108,0,0,0,0,0,1
65,36800.0,7.2,MORTGAGE,11300.0,credit_card,60,711.25,38996.32,0.161,6,0,227,0,0,0,0,0,1
23,63400.0,1.3,MORTGAGE,7900.0,small_business,60,867.3,41571.96,0.471,4,1,56,0,0,0,0,0,1
32,30500.0,3.9,MORTGAGE,11200.0,credit_card,60,632.39,26810.26,0.071,4,2,157,0,0,0,1,0,0
23,41600.0,1.2,OWN,12100.0,credit_card,60,1106.22,37700.33,0.292,10,0,48,1,0,0,0,0,1
62,227200.0,10.8,MORTGAGE,43300.0,debt_consolidation,36,6580.98,240899.58,0.465,8,1,485,0,0,0,0,0,1
47,119100.0,14.4,MORTGAGE,31300.0,medical,36,3550.19,130187.34,0.325,7,1,179,0,0,0,0,0,1
69,45500.0,16.7,RENT,9600.0,credit_card,36,454.28,18762.48,0.1,9,2,538,0,0,0,0,0,1
22,51700.0,0.2,MORTGAGE,20700.0,home_improvement,36,820.95,25406.52,0.619,12,1,15,0,0,0,0,0,1
69,98100.0,16.9,OWN,26300.0,debt_consolidation,60,4363.21,149400.65,0.223,9,0,530,0,0,0,0,0,1
36,52600.0,4.5,RENT,19200.0,credit_card,36,1226.6,37584.67,0.197,11,0,105,0,0,0,0,1,0
22,128800.0,0.0,MORTGAGE,47400.0,credit_card,36,1856.16,109069.46,0.807,7,0,36,0,0,0,0,0,0
50,27800.0,22.1,MORTGAGE,9600.0,debt_consolidation,36,386.69,14097.48,0.213,12,0,289,0,0,0,0,0,1
40,63600.0,4.5,MORTGAGE,22300.0,small_business,60,1900.34,92330.84,0.142,8,2,99,0,0,0,0,0,1
58,42500.0,23.0,OWN,5900.0,small_business,36,625.76,21482.93,0.118,4,2,200,0,0,0,0,0,1
48,76100.0,9.8,MORTGAGE,30300.0,debt_consolidation,36,1072.25,56928.78,0.471,5,2,169,0,0,0,0,0,1
45,70600.0,0.6,MORTGAGE,23500.0,debt_consolidation,36,1811.88,53134.7,0.401,6,2,240,0,0,0,0,0,1
52,67000.0,12.9,RENT,4800.0,debt_consolidation,36,1050.47,29479.05,0.247,7,1,377,0,0,0,1,0,1
30,83500.0,6.6,OWN,25800.0,credit_card,60,2163.06,36526.26,0.366,10,0,97,0,0,1,0,1,0
62,76800.0,18.8,RENT,18600.0,credit_card,36,2025.11,73034.03,0.494,11,1,257,0,0,0,0,0,1
60,35300.0,6.4,OWN,3800.0,credit_card,36,399.54,19541.94,0.74,7,4,174,1,1,0,0,0,0
53,62100.0,11.5,RENT,14900.0,debt_consolidation,36,1605.13,42572.02,0.465,7,2,227,0,0,0,0,0,0
33,62200.0,9.0,RENT,26100.0,debt_consolidation,36,615.75,18817.41,0.164,8,4,79,0,0,0,0,0,1
61,64300.0,9.1,MORTGAGE,25700.0,home_improvement,36,373.8,8808.7,0.117,8,0,310,0,0,0,0,0,1
62,221500.0,16.0,MORTGAGE,18700.0,auto,36,3650.32,72105.11,0.104,8,1,392,0,0,0,0,0,1
67,67100.0,26.2,MORTGAGE,15200.0,medical,36,170.89,9335.51,0.26,10,1,326,0,0,0,0,0,1
57,162700.0,0.6,RENT,41300.0,small_business,36,2444.84,99272.48,0.154,7,1,246,0,0,0,1,0,0
36,22600.0,3.6,MORTGAGE,7400.0,debt_consolidation,36,669.94,36453.93,0.447,4,2,173,0,0,0,0,0,1
65,47900.0,1.1,OWN,17100.0,debt_consolidation,36,656.37,10495.15,0.376,12,1,435,0,0,0,0,0,1
42,57500.0,9.7,OWN,21900.0,home_improvement,36,1671.61,25708.88,0.144,8,0,173,1,1,0,0,0,1
40,154400.0,12.0,RENT,44600.0,debt_consolidation,36,4654.87,188495.75,0.129,11,0,219,0,0,0,0,0,1
70,19800.0,32.8,MORTGAGE,8000.0,debt_consolidation,60,299.08,11370.91,0.749,5,0,407,0,2,0,0,0,0
63,112700.0,6.0,MORTGAGE,30700.0,medical,36,878.05,26381.22,0.242,7,1,306,0,0,0,0,0,1
47,88700.0,11.5,MORTGAGE,5300.0,debt_consolidation,36,1194.24,38735.2,0.665,7,2,320,0,0,0,0,0,1
61,88900.0,26.5,RENT,20800.0,major_purchase,36,968.99,15696.1,0.606,7,3,231,0,0,0,0,0,1
36,59100.0,3.7,MORTGAGE,6800.0,debt_consolidation,60,301.54,15033.08,0.665,7,1,104,0,0,0,0,0,1
54,72000.0,0.6,MORTGAGE,20100.0,debt_consolidation,36,621.63,20886.82,0.04,11,1,146,0,0,0,0,0,0
52,64300.0,8.7,RENT,20700.0,credit_card,36,1413.99,67712.91,0.402,5,0,309,0,0,0,0,0,1
46,45500.0,15.5,RENT,14700.0,debt_consolidation,36,825.26,47185.42,0.366,7,1,118,0,0,0,0,0,1
45,108400.0,11.0,RENT,26700.0,medical,36,1383.95,21315.09,0.431,8,3,300,0,0,0,0,0,1
22,69100.0,0.2,OWN,23300.0,credit_card,36,1015.88,48968.99,0.147,7,0,32,0,0,0,0,0,1
32,42900.0,6.9,MORTGAGE,4100.0,home_improvement,36,1044.43,57022.65,0.46,5,0,83,2,1,0,0,0,0
60,82900.0,4.2,RENT,35600.0,home_improvement,36,918.51,49284.43,0.263,5,3,241,1,0,1,0,1,0
29,58900.0,3.9,MORTGAGE,22800.0,small_business,36,649.43,36561.63,0.576,10,1,100,0,0,0,0,0,1
32,51700.0,4.0,RENT,20300.0,major_purchase,60,1261.2,28841.49,0.512,4,0,152,0,1,0,0,0,0
46,26000.0,12.6,MORTGAGE,1600.0,credit_card,36,544.93,10402.37,0.312,5,1,159,0,0,0,0,0,1
29,49600.0,3.3,MORTGAGE,7000.0,major_purchase,36,939.38,14327.78,0.801,6,4,87,0,0,0,0,0,0
30,48200.0,0.1,MORTGAGE,4300.0,credit_card,60,1339.89,54205.29,0.397,9,0,57,0,0,0,0,0,1
52,78200.0,0.2,OWN,31000.0,home_improvement,36,889.86,46425.26,0.661,10,1,257,0,0,0,0,0,1
54,53500.0,9.3,MORTGAGE,18700.0,debt_consolidation,36,851.16,40258.98,0.199,11,0,133,0,0,0,0,0,1
68,289500.0,14.3,RENT,25600.0,debt_consolidation,60,874.36,42882.38,0.505,8,2,354,0,0,0,0,0,1
40,28400.0,11.2,RENT,6000.0,home_improvement,36,905.96,24942.1,0.071,10,0,210,0,0,0,0,0,1
59,33300.0,18.0,OWN,8500.0,debt_consolidation,36,825.29,45786.41,0.552,10,3,419,0,0,0,0,0,1
22,49200.0,1.2,RENT,16500.0,credit_card,60,1027.99,54703.03,0.495,7,2,33,0,0,0,0,0,1
21,80800.0,0.1,MORTGAGE,13500.0,credit_card,36,1931.34,35763.16,0.345,4,1,31,1,0,0,0,0,1
71,55300.0,24.8,MORTGAGE,9200.0,debt_consolidation,60,1627.95,86873.76,0.802,8,2,533,0,0,0,0,0,1
56,47300.0,12.9,RENT,12400.0,credit_card,36,992.68,51688.69,0.598,4,1,318,0,0,0,0,0,1
44,34300.0,10.5,MORTGAGE,8900.0,credit_card,60,502.11,18621.06,0.36,4,0,242,0,0,0,0,0,1
47,83800.0,15.5,OWN,7900.0,debt_consolidation,36,1531.32,70636.19,0.511,10,0,151,0,0,0,0,0,1
22,297700.0,0.5,RENT,50000.0,debt_consolidation,36,6685.61,156851.56,0.043,7,1,30,0,0,0,0,0,1
51,37000.0,1.3,RENT,4500.0,debt_consolidation,60,603.54,32032.91,0.361,11,0,239,0,0,0,0,0,1
34,90800.0,3.1,MORTGAGE,35400.0,credit_card,36,980.08,50877.52,0.341,6,0,133,0,0,0,0,0,1
22,156800.0,0.5,MORTGAGE,50000.0,home_improvement,36,3278.81,181264.34,0.369,9,1,28,0,0,0,0,0,1
49,71500.0,11.1,MORTGAGE,31600.0,debt_consolidation,36,1217.54,19532.6,0.221,4,0,183,0,0,1,0,1,0
35,79700.0,3.4,MORTGAGE,9400.0,debt_consolidation,60,598.66,31654.89,0.269,6,1,129,0,0,0,0,0,1
32,63300.0,6.3,RENT,27100.0,debt_consolidation,36,2059.65,40748.93,0.564,4,0,70,0,0,0,0,0,1
57,177100.0,3.4,RENT,50000.0,small_business,36,2622.54,66383.75,0.285,13,1,422,1,0,2,0,0,1
48,102600.0,9.7,MORTGAGE,41300.0,credit_card,60,494.34,8446.48,0.412,8,0,335,0,0,0,0,0,1
40,123700.0,3.3,RENT,7900.0,credit_card,36,1554.34,32746.59,0.265,9,3,249,0,0,0,0,0,1
59,61600.0,9.9,MORTGAGE,11000.0,debt_consolidation,36,2256.59,96239.66,0.322,9,3,277,0,0,0,0,0,0
44,96100.0,7.8,MORTGAGE,5900.0,debt_consolidation,36,1893.55,42707.72,0.276,8,1,200,0,0,0,0,0,1
41,63500.0,11.2,MORTGAGE,7800.0,auto,36,1026.63,53505.14,0.067,9,2,141,0,0,0,0,0,1
30,101200.0,3.0,OWN,40900.0,major_purchase,36,3029.5,89008.53,0.28,9,1,65,0,0,0,0,0,1
66,52900.0,26.9,OWN,11300.0,home_improvement,60,1649.42,58504.16,0.265,7,1,450,0,0,0,0,0,1
34,125900.0,5.1,MORTGAGE,40100.0,debt_consolidation,36,5236.0,280207.47,0.565,7,1,153,0,0,0,0,0,1
57,89300.0,20.0,RENT,21800.0,credit_card,60,905.62,29927.87,0.954,8,2,351,0,0,0,0,0,0
38,51400.0,4.5,RENT,12300.0,home_improvement,36,1462.26,56698.74,0.395,11,0,164,0,0,0,0,0,1
44,107100.0,9.0,MORTGAGE,33200.0,debt_consolidation,36,2314.14,38065.9,0.269,10,4,96,1,0,0,1,0,0
34,55600.0,3.6,MORTGAGE,12400.0,credit_card,36,336.64,10571.43,0.677,8,1,172,0,0,0,0,0,1
54,33600.0,26.9,RENT,2000.0,debt_consolidation,60,535.3,17010.05,0.408,9,0,391,0,0,0,0,0,1
32,56700.0,2.6,OWN,21000.0,debt_consolidation,36,295.71,15364.28,0.327,3,0,123,0,0,0,0,0,1
42,57000.0,10.1,RENT,9100.0,debt_consolidation,36,1520.61,29615.7,0.311,4,1,243,0,0,0,0,0,1
26,35000.0,3.9,MORTGAGE,11100.0,home_improvement,36,347.43,7112.29,0.201,9,2,35,0,0,0,0,0,1
56,87100.0,1.9,MORTGAGE,27300.0,debt_consolidation,60,1568.99,74676.73,0.421,3,0,385,0,0,0,0,0,1
65,83400.0,7.4,MORTGAGE,9000.0,medical,36,2097.55,102485.52,0.444,7,2,446,2,0,0,0,0,1
56,65600.0,8.3,MORTGAGE,7600.0,debt_consolidation,36,1198.68,46174.39,0.51,8,3,214,0,0,0,0,0,1
42,103700.0,9.9,RENT,23800.0,debt_consolidation,36,2796.54,85583.46,0.186,9,1,225,0,0,0,0,0,1
34,54100.0,2.5,OWN,10100.0,small_business,36,606.93,25040.68,0.73,7,0,80,0,0,0,0,0,1
36,29200.0,7.0,OWN,4700.0,credit_card,36,219.65,10244.71,0.333,11,1,88,0,0,0,0,0,1
56,46300.0,15.9,MORTGAGE,8000.0,debt_consolidation,60,459.2,9780.66,0.412,7,2,196,0,0,0,0,0,1
45,41900.0,14.0,RENT,6400.0,debt_consolidation,36,427.77,15533.33,0.749,11,0,195,1,0,1,0,0,1
52,54100.0,3.2,RENT,5100.0,debt_consolidation,36,1052.96,50477.57,0.207,9,1,221,2,0,0,0,0,1
53,70000.0,8.3,RENT,6000.0,credit_card,60,1514.39,40549.09,0.486,6,2,364,0,0,0,0,1,0
65,201400.0,7.2,MORTGAGE,50000.0,credit_card,36,2705.71,103520.86,0.425,7,0,212,0,0,0,0,0,1
56,28400.0,20.0,MORTGAGE,10700.0,credit_card,36,320.68,10800.61,0.173,9,3,328,0,0,0,0,0,1
40,107900.0,9.7,RENT,26700.0,debt_consolidation,36,2022.55,39851.49,0.738,7,0,115,0,0,0,0,0,1
38,38100.0,10.5,MORTGAGE,6800.0,debt_consolidation,60,938.63,47691.86,0.538,6,0,212,0,0,0,0,0,0
58,85200.0,7.2,MORTGAGE,27700.0,small_business,60,1825.9,35073.26,0.648,6,2,251,1,0,0,0,0,1
23,46600.0,0.4,RENT,4400.0,medical,36,952.91,37717.16,0.185,8,0,51,0,0,0,0,0,1
43,75200.0,8.1,MORTGAGE,6800.0,small_business,36,1040.92,17366.84,0.76,6,5,130,0,0,0,0,0,1
52,162400.0,15.9,MORTGAGE,17300.0,credit_card,36,2296.96,65602.37,0.255,8,0,188,0,0,0,0,0,1
65,29300.0,3.6,OWN,9600.0,auto,36,1099.62,16649.51,0.129,9,2,200,1,0,0,0,0,1
36,78500.0,2.6,MORTGAGE,29700.0,credit_card,36,2085.94,121242.76,0.385,6,1,70,0,0,0,0,0,0
25,80300.0,1.6,MORTGAGE,21200.0,home_improvement,36,581.03,17417.51,0.087,8,0,74,0,0,0,0,0,1
24,116200.0,1.5,MORTGAGE,13600.0,home_improvement,60,1013.97,59734.47,0.328,9,1,64,0,1,0,0,0,1
41,68800.0,5.6,OWN,12700.0,home_improvement,36,1390.52,50887.76,0.14,8,1,96,0,0,0,0,0,1
60,300000.0,17.5,OWN,50000.0,credit_card,36,5339.54,298109.35,0.359,3,0,162,0,0,0,0,0,1
71,126900.0,25.0,RENT,32400.0,debt_consolidation,36,1596.9,37435.22,0.347,7,2,497,0,0,0,0,0,1
34,93600.0,9.9,MORTGAGE,21600.0,debt_consolidation,36,292.74,4998.7,0.633,4,0,62,1,0,0,0,0,1
59,81000.0,11.6,MORTGAGE,25400.0,major_purchase,36,2711.08,62386.49,0.256,6,1,235,0,0,0,0,0,1
51,91600.0,16.8,MORTGAGE,17600.0,debt_consolidation,36,1209.29,51053.94,0.273,10,2,156,0,0,0,0,0,1
34,71300.0,2.7,RENT,3700.0,debt_consolidation,60,1586.98,92681.24,0.874,9,2,118,0,0,0,0,1,0
26,71600.0,2.9,RENT,30500.0,debt_consolidation,36,771.32,12972.26,0.202,6,2,39,0,0,0,0,0,1
32,28700.0,3.4,MORTGAGE,9600.0,debt_consolidation,60,489.76,21748.23,0.712,5,1,118,0,0,0,0,0,1
36,91300.0,7.6,RENT,39600.0,credit_card,36,1418.99,27888.42,0.122,6,1,103,0,0,0,0,0,1
37,90800.0,4.8,RENT,35400.0,credit_card,36,1826.13,71674.25,0.441,4,5,176,0,0,0,0,1,0
65,80400.0,3.7,MORTGAGE,16000.0,small_business,36,1430.99,63335.98,0.752,3,2,280,0,0,0,0,0,1
43,81500.0,6.2,RENT,16400.0,debt_consolidation,60,783.65,31468.29,0.601,10,3,99,0,0,0,0,0,1
34,100500.0,7.4,MORTGAGE,10800.0,debt_consolidation,60,2764.55,109466.42,0.589,9,0,168,0,0,0,0,0,1
27,85300.0,1.1,MORTGAGE,31800.0,credit_card,36,666.37,34696.58,0.308,5,2,51,0,0,0,0,0,1
66,69400.0,11.9,MORTGAGE,20700.0,debt_consolidation,60,1552.71,54664.79,0.217,11,0,190,0,0,0,0,0,1
52,79400.0,5.5,MORTGAGE,12100.0,major_purchase,36,3166.72,56150.06,0.238,8,1,264,0,0,0,0,0,1
35,130200.0,6.5,RENT,50000.0,credit_card,60,2536.07,96492.47,0.236,12,3,166,2,0,1,0,0,0
64,148300.0,22.1,MORTGAGE,50000.0,credit_card,36,3365.85,126096.22,0.666,9,1,308,0,0,0,0,0,1
37,38500.0,2.9,OWN,15500.0,debt_consolidation,36,1281.44,67046.72,0.514,3,0,80,0,0,0,0,0,1
61,53300.0,11.2,MORTGAGE,6400.0,small_business,60,1191.56,68394.38,0.528,7,2,327,0,0,0,0,0,1
67,111700.0,4.8,MORTGAGE,32100.0,credit_card,36,3003.67,168864.96,0.184,10,0,319,0,0,0,0,0,1
64,90000.0,17.9,MORTGAGE,40200.0,credit_card,60,1819.23,97822.3,0.313,12,0,166,0,0,0,0,0,1
54,46600.0,5.8,RENT,8800.0,home_improvement,36,1767.32,60577.05,0.643,13,0,194,0,0,0,0,0,1
25,68500.0,2.5,MORTGAGE,14500.0,medical,60,2415.12,58224.43,0.456,12,1,76,0,0,0,0,0,1
65,102000.0,34.1,RENT,27000.0,debt_consolidation,60,2181.96,49798.3,0.721,13,3,179,0,0,0,0,0,1
47,190100.0,6.1,OWN,12900.0,debt_consolidation,36,3604.15,179528.17,0.637,10,2,312,0,0,0,0,0,1
43,241500.0,4.0,RENT,33900.0,debt_consolidation,36,4018.57,232573.91,0.74,6,1,224,0,0,0,0,0,1
60,24400.0,13.1,RENT,4400.0,home_improvement,36,554.13,27224.37,0.422,7,1,276,3,0,1,0,1,1
34,105700.0,7.4,RENT,5700.0,debt_consolidation,36,2367.53,119947.85,0.267,5,2,99,0,0,0,0,0,1
35,46900.0,1.5,MORTGAGE,8300.0,credit_card,36,606.59,35426.22,0.188,8,1,172,0,0,0,0,0,1
63,124800.0,15.6,MORTGAGE,33500.0,home_improvement,36,2812.24,160588.63,0.684,11,1,511,0,0,0,0,0,1
53,31100.0,10.8,RENT,1800.0,home_improvement,36,461.05,9358.78,0.111,13,1,281,0,0,0,0,0,1
51,45400.0,1.6,MORTGAGE,11900.0,debt_consolidation,36,1127.91,60859.62,0.354,7,1,198,0,0,0,0,0,1
55,60100.0,10.7,MORTGAGE,22200.0,home_improvement,36,1296.59,72100.45,0.51,8,2,325,0,0,0,0,0,1
37,95700.0,1.9,RENT,10400.0,medical,60,501.2,9903.29,0.04,6,0,185,0,0,0,0,0,1
48,54000.0,9.8,RENT,23500.0,debt_consolidation,36,1561.17,85530.05,0.544,8,4,259,0,0,0,0,0,1
39,44300.0,9.4,MORTGAGE,9600.0,home_improvement,60,453.1,21145.62,0.345,6,1,78,0,0,0,0,0,1
66,25800.0,23.7,RENT,5800.0,credit_card,36,566.78,26859.9,0.17,10,1,290,0,0,0,0,0,1
43,45900.0,6.7,MORTGAGE,11700.0,debt_consolidation,36,1012.74,59096.51,0.574,11,1,117,0,0,0,0,0,1
52,96000.0,28.5,RENT,19900.0,debt_consolidation,36,1882.68,60365.27,0.078,8,3,356,0,0,0,0,0,1
60,150000.0,17.2,MORTGAGE,46600.0,small_business,60,3314.43,161158.77,0.177,6,1,239,0,0,0,0,0,1
33,37300.0,3.3,MORTGAGE,4500.0,credit_card,60,1097.31,52588.18,0.266,6,0,87,0,0,0,0,0,1
40,39300.0,2.0,RENT,16400.0,debt_consolidation,36,893.45,44174.75,0.224,8,0,225,2,0,0,0,0,1
55,44100.0,11.8,OWN,17500.0,medical,36,615.15,23394.02,0.584,9,1,408,0,0,0,0,0,1
25,62000.0,0.5,RENT,19100.0,credit_card,60,1399.94,54129.78,0.201,5,1,59,0,0,0,0,0,1
29,73600.0,2.9,RENT,26900.0,debt_consolidation,36,1100.56,59349.09,0.172,6,1,59,0,0,0,0,0,1
49,55900.0,19.7,MORTGAGE,18600.0,home_improvement,36,1456.87,36108.25,0.106,8,3,185,0,0,0,0,0,1
26,27700.0,2.9,OWN,6600.0,debt_consolidation,36,202.35,8655.67,0.059,10,0,78,0,0,0,0,0,1
45,21600.0,6.8,RENT,2400.0,debt_consolidation,36,881.3,33642.16,0.292,6,2,223,1,1,0,0,0,1
51,50400.0,5.0,MORTGAGE,9100.0,debt_consolidation,36,538.38,18124.12,0.418,5,1,202,0,0,0,0,0,1
42,88700.0,5.9,MORTGAGE,35800.0,debt_consolidation,60,2966.1,163323.81,0.167,9,2,261,0,0,0,0,0,1
22,66400.0,0.2,RENT,21000.0,major_purchase,60,1317.84,22515.48,0.645,9,1,26,0,0,0,0,0,0
65,167000.0,3.0,MORTGAGE,50000.0,debt_consolidation,36,4264.57,132502.02,0.471,7,2,219,0,0,0,0,0,1
25,28700.0,0.8,MORTGAGE,11500.0,debt_consolidation,36,351.12,16777.11,0.435,13,1,41,0,0,0,0,0,0
47,70000.0,4.8,MORTGAGE,18300.0,home_improvement,60,2228.51,78818.12,0.527,8,0,114,0,0,0,0,0,1
45,142500.0,12.1,RENT,32000.0,major_purchase,60,2123.11,107205.03,0.281,6,1,219,0,0,0,0,0,1
28,56100.0,5.0,OWN,12400.0,debt_consolidation,36,729.97,27156.12,0.637,4,0,90,0,0,0,0,0,1
21,32800.0,0.1,RENT,7500.0,small_business,36,635.9,13796.41,0.57,12,1,20,0,0,0,0,0,1
40,18000.0,17.5,MORTGAGE,7700.0,debt_consolidation,60,464.37,20280.69,0.491,10,1,141,0,0,0,0,0,1
64,55500.0,2.4,OWN,6100.0,debt_consolidation,60,1022.19,30745.54,0.349,12,2,511,0,0,0,0,0,1
43,49900.0,3.2,RENT,5500.0,credit_card,60,1201.05,26666.23,0.646,7,1,163,0,2,0,0,0,0
52,46300.0,12.9,RENT,9500.0,debt_consolidation,60,542.72,23129.28,0.452,10,2,296,0,0,0,0,0,0
31,78000.0,3.4,RENT,28900.0,major_purchase,36,2208.04,117128.73,0.497,10,0,128,0,0,1,0,0,0
59,179600.0,11.2,MORTGAGE,50000.0,major_purchase,36,3485.57,120488.7,0.315,9,2,261,0,0,0,0,0,1
67,31100.0,34.2,MORTGAGE,11800.0,home_improvement,36,1040.38,29723.09,0.161,9,1,530,0,0,0,0,0,1
44,39000.0,1.6,MORTGAGE,11000.0,debt_consolidation,60,612.66,35558.96,0.49,7,0,242,0,0,0,0,0,1
31,61000.0,4.2,RENT,24000.0,debt_consolidation,36,617.29,28440.48,0.368,6,0,87,0,0,0,0,0,1
49,98400.0,16.1,OWN,12500.0,home_improvement,60,1852.55,59562.74,0.265,10,0,267,0,0,0,0,0,1
46,53500.0,13.3,RENT,15500.0,debt_consolidation,36,877.3,24980.68,0.698,8,4,248,0,0,0,0,0,1
36,91200.0,3.9,MORTGAGE,16500.0,debt_consolidation,60,1907.59,40700.14,0.648,7,2,196,0,0,0,0,0,1
55,30000.0,26.0,RENT,4800.0,debt_consolidation,36,630.69,22630.32,0.65,7,0,320,0,0,0,0,0,1
40,67900.0,10.2,RENT,6100.0,debt_consolidation,60,1993.7,60010.42,0.243,6,0,203,0,0,0,0,0,1
66,65700.0,4.6,RENT,12900.0,debt_consolidation,36,1019.04,60936.09,0.291,12,1,308,0,0,0,0,0,1
23,156800.0,2.1,RENT,10000.0,debt_consolidation,60,3407.03,114913.63,0.244,8,1,30,0,0,0,0,0,1
21,123500.0,0.5,RENT,23600.0,debt_consolidation,36,3942.11,88990.19,0.583,5,2,25,1,0,1,0,0,1
67,70500.0,8.9,RENT,16900.0,credit_card,60,1453.74,40221.41,0.503,4,0,486,0,0,0,0,0,1
21,39200.0,0.5,RENT,7600.0,debt_consolidation,36,286.18,4356.31,0.328,1,1,17,1,0,0,0,0,1
37,18300.0,6.6,MORTGAGE,6600.0,debt_consolidation,60,465.88,18716.33,0.13,12,0,123,0,0,0,0,0,1
22,40700.0,1.1,RENT,6600.0,debt_consolidation,36,568.54,31315.4,0.573,7,3,44,0,0,0,0,0,1
49,220200.0,6.1,MORTGAGE,17600.0,debt_consolidation,36,872.87,36360.72,0.135,11,0,154,0,0,0,0,0,1
40,24400.0,9.2,OWN,3200.0,home_improvement,60,587.85,11054.08,0.907,4,0,128,0,0,0,0,0,1
26,40000.0,1.6,RENT,15100.0,debt_consolidation,36,987.88,49274.93,0.393,6,0,81,0,0,0,0,0,1
28,71000.0,0.6,RENT,21600.0,major_purchase,36,2269.81,51373.83,0.162,8,3,43,0,0,1,0,0,0
49,132800.0,6.5,RENT,37300.0,small_business,36,5535.63,151244.51,0.27,11,1,126,0,0,0,0,0,1
68,32800.0,13.3,MORTGAGE,8700.0,major_purchase,36,200.18,4823.87,0.326,7,1,329,1,0,0,0,0,1
71,85400.0,17.8,RENT,29900.0,major_purchase,36,1199.01,68975.35,0.032,12,3,550,0,0,0,0,0,1
53,42900.0,3.8,RENT,5500.0,credit_card,36,1451.48,54649.31,0.262,8,0,246,0,0,0,0,0,1
23,33800.0,0.3,MORTGAGE,4500.0,small_business,36,364.93,17558.21,0.301,2,1,18,0,0,0,0,0,1
55,47700.0,1.2,RENT,4900.0,home_improvement,36,1313.18,67032.74,0.263,5,1,281,0,0,0,0,0,1
25,64500.0,4.0,MORTGAGE,12000.0,debt_consolidation,36,1711.61,66098.8,0.582,4,3,43,0,0,0,0,0,1
47,32900.0,4.9,RENT,5200.0,home_improvement,36,979.41,43832.08,0.072,6,0,273,2,0,0,0,1,1
64,122200.0,22.1,RENT,50000.0,credit_card,36,1536.23,42847.28,0.323,14,1,213,0,0,0,0,1,1
32,146900.0,3.6,RENT,8100.0,debt_consolidation,36,3230.28,190473.62,0.771,10,1,79,0,0,0,0,0,1
40,44800.0,6.7,MORTGAGE,10700.0,home_improvement,36,436.32,9778.77,0.403,7,1,240,0,0,0,0,0,1
65,101500.0,9.4,MORTGAGE,34700.0,major_purchase,36,1843.44,33070.7,0.899,11,1,208,0,0,0,0,0,1
40,28600.0,6.1,RENT,11800.0,credit_card,36,318.34,9642.72,0.259,15,2,192,0,0,0,0,0,1
29,59800.0,1.8,RENT,26100.0,credit_card,60,938.61,54406.67,0.509,6,2,86,0,0,0,0,0,1
59,104900.0,10.4,RENT,8200.0,debt_consolidation,36,1519.0,55590.73,0.425,6,1,253,0,0,0,0,0,1
24,98200.0,1.2,RENT,12600.0,home_improvement,36,1716.28,31143.7,0.031,12,1,52,0,0,0,0,0,1
71,71700.0,32.5,RENT,32200.0,debt_consolidation,36,1428.25,65693.01,0.329,9,2,363,0,0,0,0,0,1
39,128000.0,15.6,OWN,22500.0,home_improvement,36,3846.71,229023.03,0.812,5,1,109,0,0,0,0,0,1
58,44100.0,3.6,RENT,3200.0,debt_consolidation,36,226.07,3441.27,0.729,7,1,336,0,0,0,0,0,1
47,69400.0,8.6,MORTGAGE,29400.0,debt_consolidation,60,1224.53,44621.05,0.267,5,1,276,0,0,0,0,0,1
65,68100.0,21.5,OWN,14400.0,small_business,36,254.03,12896.23,0.314,7,0,523,0,0,1,0,0,1
63,83400.0,20.3,RENT,13900.0,debt_consolidation,36,1498.24,52854.23,0.206,11,0,391,0,0,0,0,0,1
33,92300.0,1.7,MORTGAGE,10200.0,major_purchase,60,1088.13,33019.35,0.43,7,3,118,0,0,0,0,0,1
33,32500.0,3.3,MORTGAGE,7200.0,auto,60,746.05,18089.94,0.44,8,2,135,0,0,0,0,0,1
42,96300.0,7.4,RENT,19000.0,debt_consolidation,36,1971.44,41438.83,0.133,5,1,239,0,0,0,0,0,1
48,34100.0,6.0,RENT,14300.0,medical,36,308.05,5988.27,0.609,7,2,273,0,0,0,0,0,1
67,109800.0,14.2,RENT,14800.0,credit_card,60,1971.65,98307.73,0.193,8,1,227,0,0,0,0,0,1
65,173400.0,31.8,RENT,14700.0,debt_consolidation,60,3707.17,107777.32,0.082,4,2,275,0,0,0,0,0,1
42,50200.0,12.0,MORTGAGE,8100.0,credit_card,36,1015.54,36021.33,0.895,5,2,129,0,0,0,0,0,1
63,39500.0,23.4,MORTGAGE,10600.0,small_business,36,557.12,29581.67,0.359,7,0,200,0,0,0,0,0,1
39,165100.0,8.3,MORTGAGE,29900.0,credit_card,60,3988.33,131223.83,0.569,8,1,107,0,0,0,0,0,1
28,63800.0,1.9,RENT,11200.0,credit_card,36,1013.01,18585.62,0.336,14,2,100,0,0,0,0,0,1
28,31600.0,1.8,MORTGAGE,6600.0,debt_consolidation,36,501.53,16956.26,0.563,11,1,101,0,0,0,0,0,1
62,39900.0,19.5,RENT,15900.0,home_improvement,36,1095.7,44642.83,0.348,11,0,244,0,0,0,0,0,1
46,41100.0,9.2,RENT,13000.0,debt_consolidation,36,609.13,9541.1,0.062,6,1,149,0,0,0,0,0,1
68,128400.0,26.0,MORTGAGE,33500.0,debt_consolidation,36,1388.19,57128.3,0.195,11,1,361,0,0,0,0,0,1
71,37900.0,8.8,OWN,8000.0,home_improvement,36,838.06,18218.04,0.58,5,0,214,0,0,0,0,0,1
46,18300.0,4.3,RENT,1400.0,credit_card,60,64.56,1288.39,0.272,6,1,247,0,0,0,0,0,1
43,64400.0,6.7,MORTGAGE,26000.0,debt_consolidation,36,1954.38,91637.1,0.39,13,1,199,0,0,0,0,0,1
63,77800.0,28.2,MORTGAGE,7900.0,home_improvement,60,1799.03,38923.62,0.515,1,1,457,0,0,0,0,0,1
33,90600.0,1.1,MORTGAGE,11300.0,debt_consolidation,36,652.82,12728.7,0.54,14,3,101,0,0,0,0,1,0
48,18000.0,17.1,RENT,4100.0,home_improvement,36,436.84,15452.59,0.421,13,2,215,1,0,0,0,0,1
29,59800.0,1.5,MORTGAGE,6300.0,credit_card,36,361.75,12080.0,0.404,8,3,81,0,0,0,0,0,1
40,52200.0,7.7,MORTGAGE,16000.0,credit_card,36,1264.47,56140.07,0.213,7,2,147,2,0,0,0,0,1
39,83400.0,10.3,MORTGAGE,20700.0,credit_card,36,2518.2,145398.46,0.475,9,0,217,0,0,0,0,0,1
68,22200.0,26.2,RENT,5500.0,debt_consolidation,36,155.71,2992.58,0.361,12,2,550,0,0,0,0,0,1
59,71900.0,20.1,MORTGAGE,31400.0,credit_card,36,1161.76,66475.4,0.572,8,2,442,0,0,0,0,0,1
71,73100.0,28.8,MORTGAGE,23400.0,major_purchase,36,1923.07,92761.79,0.415,6,0,238,1,0,0,0,0,1
32,123600.0,4.8,RENT,42400.0,major_purchase,36,3594.41,98375.74,0.213,10,0,149,0,0,0,0,0,1
35,80400.0,11.2,MORTGAGE,23600.0,home_improvement,36,622.23,34363.67,0.632,10,1,184,2,0,0,0,1,1
51,97000.0,3.6,MORTGAGE,14900.0,medical,36,1846.23,31702.0,0.515,7,2,250,1,1,0,0,0,1
34,33500.0,3.0,MORTGAGE,2500.0,credit_card,60,1091.4,64671.28,0.654,1,2,172,1,0,0,0,0,0
31,62400.0,3.8,RENT,17100.0,debt_consolidation,36,1823.59,91152.51,0.139,8,0,71,0,0,0,0,0,1
46,135400.0,2.5,MORTGAGE,31000.0,credit_card,36,3297.44,98384.26,0.609,10,2,107,0,0,0,0,0,0
62,50300.0,15.4,OWN,5000.0,major_purchase,60,654.69,29997.47,0.642,7,0,265,0,0,0,0,0,1
47,101300.0,4.1,RENT,39900.0,debt_consolidation,36,2319.03,136383.09,0.315,10,1,129,0,0,0,0,0,1
31,38800.0,1.9,OWN,9600.0,debt_consolidation,36,961.16,29364.95,0.322,5,0,50,0,0,0,0,0,1
58,58200.0,1.3,MORTGAGE,13500.0,medical,36,993.08,34702.17,0.093,6,0,182,0,0,0,0,0,1
54,27100.0,24.1,MORTGAGE,5900.0,home_improvement,36,558.17,29551.68,0.4,4,0,151,0,0,0,0,0,1
63,62900.0,11.8,OWN,21700.0,debt_consolidation,36,730.12,25712.42,0.433,11,0,387,1,0,0,0,0,1
39,41500.0,11.1,OWN,2900.0,credit_card,36,591.19,12109.08,0.567,7,1,105,0,0,0,0,0,1
26,123800.0,0.9,RENT,16900.0,debt_consolidation,36,1828.9,80953.97,0.099,12,1,67,0,0,0,0,0,1
66,201900.0,2.1,RENT,50000.0,debt_consolidation,36,363.66,11129.51,0.137,10,2,375,0,0,0,0,0,1
58,25500.0,3.6,MORTGAGE,1700.0,debt_consolidation,36,1088.12,62478.7,0.189,10,0,288,0,0,0,0,0,1
69,33400.0,16.6,MORTGAGE,9800.0,debt_consolidation,60,1024.42,20288.14,0.37,15,1,264,2,0,0,0,0,1
62,109600.0,25.8,RENT,16100.0,credit_card,36,2364.73,87936.67,0.485,12,1,356,0,0,0,0,0,1
48,43300.0,4.5,OWN,11500.0,debt_consolidation,60,1080.31,52178.69,0.412,7,2,263,1,0,0,0,0,1
21,63000.0,0.4,RENT,16500.0,major_purchase,60,972.25,53782.38,0.03,7,2,22,0,0,0,0,0,1
55,151400.0,13.4,MORTGAGE,47300.0,home_improvement,36,1794.55,87431.31,0.458,2,2,164,0,0,0,0,0,1
60,153800.0,18.6,MORTGAGE,18300.0,debt_consolidation,36,993.97,56754.06,0.428,8,1,355,1,0,0,0,0,1
28,32200.0,1.6,MORTGAGE,9900.0,debt_consolidation,60,740.3,36034.55,0.258,15,2,91,0,0,0,0,0,1
67,191000.0,14.0,RENT,50000.0,auto,60,2861.45,81742.32,0.786,10,0,318,0,0,0,0,0,1
27,95400.0,4.3,RENT,11500.0,credit_card,36,2744.14,144693.36,0.813,4,1,54,0,0,0,0,0,1
31,114700.0,2.4,RENT,42000.0,debt_consolidation,60,1709.13,67213.79,0.19,9,3,92,0,0,0,0,0,1
59,45700.0,12.4,MORTGAGE,4500.0,debt_consolidation,36,721.73,33836.48,0.429,8,0,350,0,0,0,0,0,1
24,43200.0,0.1,MORTGAGE,6700.0,debt_consolidation,36,916.03,25888.47,0.112,11,0,66,0,0,0,0,0,1
45,25300.0,6.8,MORTGAGE,4900.0,small_business,36,132.84,7861.36,0.231,10,0,178,0,0,0,0,0,1
32,33300.0,2.6,MORTGAGE,5800.0,credit_card,36,364.9,15556.3,0.12,8,0,58,0,0,0,0,0,1
46,96200.0,4.8,RENT,33000.0,auto,60,3102.62,166530.49,0.264,16,1,117,0,0,0,0,1,0
58,85100.0,20.0,OWN,13400.0,medical,36,2215.49,124446.86,0.293,5,2,388,0,0,0,0,0,1
66,101800.0,23.7,RENT,35700.0,debt_consolidation,60,501.4,19469.07,0.186,9,1,238,0,0,0,1,0,1
32,75200.0,9.3,RENT,5500.0,auto,36,926.86,45579.29,0.623,3,0,115,0,0,0,0,0,1
63,65200.0,15.5,MORTGAGE,11600.0,auto,60,1810.09,102833.86,0.705,11,2,227,0,0,0,0,0,1
71,44900.0,27.7,RENT,18600.0,small_business,36,725.9,19270.63,0.32,9,2,451,0,0,0,0,0,1
57,56500.0,6.7,RENT,11500.0,debt_consolidation,36,1664.31,47980.47,0.473,10,0,290,0,0,0,0,0,1
66,108200.0,21.6,MORTGAGE,25800.0,debt_consolidation,36,1455.87,77935.15,0.532,11,3,254,0,0,0,0,0,1
44,103400.0,15.1,RENT,36300.0,debt_consolidation,36,1558.49,46006.12,0.297,7,0,160,0,0,0,0,0,1
36,75900.0,2.8,MORTGAGE,5400.0,debt_consolidation,60,2428.07,62061.34,0.159,8,3,122,0,0,0,0,0,1
33,39400.0,1.7,MORTGAGE,13000.0,small_business,36,896.1,15513.94,0.621,11,4,152,0,0,0,0,0,1
45,50700.0,0.3,OWN,3800.0,medical,60,876.89,28579.22,0.373,4,2,129,0,0,0,0,0,1
24,31400.0,1.9,RENT,8500.0,home_improvement,36,848.09,46203.43,0.434,10,3,48,0,0,0,0,0,0
31,54200.0,0.6,RENT,16000.0,home_improvement,36,1555.14,42008.66,0.412,6,0,136,0,0,0,0,0,1
52,26400.0,21.3,MORTGAGE,2800.0,debt_consolidation,60,1126.48,67125.32,0.65,6,3,289,0,0,0,0,0,1
69,54900.0,35.2,RENT,21400.0,credit_card,36,377.38,6138.06,0.222,12,1,299,0,0,0,0,0,1
27,45800.0,1.3,MORTGAGE,12700.0,home_improvement,36,1265.51,32334.59,0.179,6,0,44,0,0,0,0,0,1
66,65600.0,23.9,MORTGAGE,7300.0,debt_consolidation,36,1129.85,46199.44,0.298,10,2,237,0,0,1,0,0,0
31,43100.0,1.3,MORTGAGE,17000.0,home_improvement,36,436.16,22162.51,0.161,10,0,76,0,0,0,0,0,0
48,98900.0,9.2,MORTGAGE,37600.0,debt_consolidation,36,1382.05,54325.01,0.321,10,0,316,0,0,0,0,0,1
61,26800.0,14.8,MORTGAGE,8500.0,debt_consolidation,36,703.32,12450.45,0.231,5,1,366,0,0,0,0,0,1
43,27500.0,9.1,RENT,5800.0,credit_card,36,177.25,5843.75,0.17,10,0,180,0,0,0,0,0,1
65,57000.0,8.0,MORTGAGE,14100.0,credit_card,60,1521.09,81753.25,0.195,4,0,297,0,0,0,0,0,1
43,76500.0,4.8,RENT,25400.0,home_improvement,60,536.73,10199.15,0.679,9,1,139,0,0,0,0,0,1
70,52700.0,15.1,RENT,9000.0,credit_card,60,157.09,5997.94,0.645,9,0,233,0,0,0,0,0,1
48,55300.0,1.1,RENT,15900.0,debt_consolidation,36,1314.01,57883.03,0.317,4,2,169,0,0,0,0,0,1
63,69700.0,17.7,MORTGAGE,20800.0,auto,36,1212.61,72531.89,0.219,10,1,478,0,0,0,0,0,1
67,87000.0,8.2,OWN,12100.0,home_improvement,36,560.53,13872.97,0.361,11,0,188,0,0,0,0,0,1
46,52300.0,12.4,MORTGAGE,5300.0,major_purchase,60,1295.4,74445.97,0.192,12,1,312,0,0,0,0,0,1
45,73400.0,2.2,RENT,8500.0,small_business,36,1490.77,53214.67,0.726,11,0,101,0,0,0,0,0,1
49,113600.0,6.4,MORTGAGE,6600.0,debt_consolidation,36,1086.45,19079.43,0.303,7,1,336,0,1,0,0,0,1
39,31200.0,1.0,RENT,10900.0,medical,36,601.23,32088.3,0.259,9,1,111,0,0,0,0,0,1
53,132700.0,12.5,MORTGAGE,49600.0,auto,36,4104.22,78121.85,0.485,11,2,170,0,0,0,0,0,1
56,127200.0,25.7,MORTGAGE,47000.0,debt_consolidation,36,1472.77,28510.04,0.427,6,0,353,0,0,0,0,0,1
34,41800.0,1.1,RENT,17600.0,debt_consolidation,36,1374.19,20832.52,0.548,7,1,125,0,0,0,0,0,0
34,88100.0,3.1,RENT,7400.0,auto,60,2013.6,66122.54,0.42,8,1,164,0,0,0,0,0,1
55,28500.0,6.2,RENT,12000.0,debt_consolidation,60,491.84,11929.84,0.656,7,2,340,0,0,0,0,0,1
50,78100.0,6.5,RENT,19600.0,small_business,60,2428.17,54153.21,0.35,4,0,279,0,0,0,0,0,1
48,140200.0,4.8,MORTGAGE,29100.0,debt_consolidation,60,3240.67,173924.42,0.163,5,2,256,0,0,0,0,0,1
37,37200.0,3.5,RENT,4000.0,home_improvement,36,774.58,28381.09,0.756,12,2,94,0,0,0,0,0,1
23,43600.0,0.4,RENT,10600.0,home_improvement,36,1152.71,40632.66,0.282,6,1,43,0,0,0,0,0,1
36,80700.0,7.9,MORTGAGE,26000.0,medical,36,729.25,37296.35,0.259,10,0,145,0,0,0,0,0,1
66,54700.0,2.7,MORTGAGE,4700.0,home_improvement,36,799.14,27314.95,0.176,13,2,324,0,0,0,0,0,1
50,73500.0,14.0,MORTGAGE,32400.0,debt_consolidation,60,2494.46,52430.2,0.374,5,1,333,0,0,0,0,1,1
49,253800.0,2.3,RENT,50000.0,credit_card,36,10087.74,197745.64,0.532,18,0,289,0,0,0,0,0,1
65,52700.0,2.1,RENT,21300.0,debt_consolidation,36,278.98,8364.61,0.178,4,1,329,0,0,0,0,0,1
35,27900.0,9.2,RENT,6000.0,credit_card,36,832.87,40067.33,0.389,9,1,184,0,0,0,0,0,1
66,46000.0,14.9,RENT,18000.0,debt_consolidation,36,1160.1,48832.76,0.384,6,1,274,0,0,0,0,0,1
45,73300.0,10.2,OWN,7300.0,debt_consolidation,36,1314.84,71414.64,0.44,11,0,127,2,0,0,0,0,1
71,32700.0,25.7,RENT,13500.0,credit_card,36,973.33,21333.96,0.582,11,0,317,0,0,0,0,0,1
58,45400.0,25.9,RENT,17800.0,debt_consolidation,60,715.04,26140.26,0.403,7,1,258,0,0,0,0,0,1
62,126900.0,25.3,RENT,36100.0,small_business,60,2180.28,114180.03,0.311,10,1,377,0,0,0,0,0,1
67,162400.0,28.9,MORTGAGE,50000.0,debt_consolidation,36,530.19,25262.18,0.656,8,0,506,0,0,0,0,0,1
58,53300.0,6.4,RENT,10100.0,credit_card,60,613.25,17094.7,0.762,6,0,329,0,0,0,0,0,0
43,54000.0,14.4,MORTGAGE,23200.0,small_business,36,1109.71,30299.33,0.474,15,1,140,0,0,0,0,0,1
45,33700.0,8.1,MORTGAGE,2600.0,small_business,60,818.72,27392.54,0.683,5,1,120,0,0,0,0,0,1
62,76100.0,8.3,OWN,30900.0,credit_card,36,2403.44,38055.81,0.238,12,0,222,0,0,0,0,0,1
27,246400.0,1.3,RENT,38100.0,debt_consolidation,36,5501.89,122141.42,0.409,6,0,94,0,0,0,0,0,1
42,54000.0,2.4,RENT,20100.0,credit_card,60,741.02,23272.37,0.442,12,0,215,0,0,0,0,0,0
37,55100.0,5.4,MORTGAGE,3800.0,small_business,60,2124.74,101346.88,0.405,9,1,130,0,0,0,0,0,1
38,86900.0,3.8,MORTGAGE,12800.0,debt_consolidation,36,2488.73,108040.05,0.857,11,0,108,0,0,0,0,0,1
69,51600.0,8.7,MORTGAGE,6700.0,debt_consolidation,36,1279.87,76420.83,0.578,7,1,523,0,0,0,0,0,1
61,52100.0,9.9,MORTGAGE,23000.0,credit_card,36,970.24,29525.1,0.225,8,2,188,0,0,0,0,0,1
30,141500.0,0.2,MORTGAGE,18900.0,credit_card,36,4780.9,255913.52,0.254,6,1,70,0,0,0,0,0,0
30,32500.0,1.0,OWN,6400.0,debt_consolidation,60,491.83,15030.1,0.439,5,0,65,2,0,0,0,0,0
27,36500.0,0.6,OWN,6200.0,debt_consolidation,36,1401.27,36944.95,0.584,7,1,90,0,0,0,0,0,1
68,94300.0,18.1,RENT,41900.0,debt_consolidation,36,2320.9,86512.07,0.637,2,1,520,0,0,0,0,0,1
70,60900.0,24.1,RENT,18000.0,debt_consolidation,36,1007.64,37153.87,0.523,8,0,501,0,0,0,0,0,1
58,36600.0,12.5,MORTGAGE,7100.0,small_business,60,868.51,25205.44,0.408,5,1,360,1,1,1,0,0,1
47,77700.0,14.4,RENT,32100.0,credit_card,36,1759.78,96800.3,0.042,6,0,291,0,0,0,0,0,1
53,55100.0,13.9,RENT,18300.0,debt_consolidation,36,289.37,16431.73,0.362,6,3,245,0,0,0,0,0,1
21,72700.0,0.4,MORTGAGE,24100.0,medical,36,293.67,11489.49,0.468,8,0,24,0,0,0,0,0,1
64,56600.0,8.1,OWN,13800.0,debt_consolidation,36,256.84,11398.71,0.159,14,2,344,1,1,0,0,0,1
54,29300.0,1.2,RENT,7300.0,debt_consolidation,36,999.62,45704.59,0.222,13,0,277,0,0,0,0,1,0
24,118500.0,1.8,MORTGAGE,40600.0,auto,36,2752.3,77670.09,0.413,8,2,41,0,0,0,0,0,1
37,167800.0,7.2,RENT,9100.0,debt_consolidation,36,1139.63,51746.2,0.544,6,2,154,0,0,0,0,0,1
24,39900.0,0.8,MORTGAGE,9000.0,medical,36,101.32,3359.26,0.262,12,0,47,0,1,1,0,0,0
63,160500.0,13.2,RENT,50000.0,home_improvement,60,6864.34,232981.24,0.36,8,2,201,1,0,0,0,0,0
46,62400.0,8.0,RENT,19400.0,debt_consolidation,36,638.87,34774.78,0.55,7,0,148,0,0,0,0,0,1
24,18000.0,2.3,MORTGAGE,3600.0,credit_card,36,99.53,3990.2,0.346,8,0,44,0,0,0,0,0,1
21,83600.0,0.6,OWN,9900.0,credit_card,36,1177.69,67176.3,0.01,12,1,17,0,0,0,0,0,1
27,19700.0,0.9,RENT,3800.0,small_business,60,222.63,10655.53,0.868,8,1,63,0,1,0,0,0,1
50,50600.0,3.6,MORTGAGE,12200.0,debt_consolidation,36,854.44,34071.87,0.504,8,3,178,0,0,0,0,0,0
70,97600.0,16.5,MORTGAGE,29500.0,small_business,36,3508.62,164063.9,0.642,12,2,309,0,0,0,0,0,1
29,85900.0,4.3,RENT,38100.0,auto,36,1500.87,44915.4,0.621,6,2,73,0,0,0,0,0,1
55,44500.0,15.3,RENT,11100.0,debt_consolidation,60,1205.49,43188.6,0.366,11,1,164,2,0,0,0,1,1
28,93500.0,5.2,MORTGAGE,18300.0,debt_consolidation,36,746.97,26263.84,0.174,11,2,58,0,0,0,0,0,1
44,108600.0,21.0,RENT,16500.0,debt_consolidation,36,3268.77,170750.49,0.259,6,0,168,0,0,0,0,0,1
39,47500.0,0.5,RENT,16900.0,debt_consolidation,36,1466.31,43041.95,0.373,10,3,163,0,0,0,0,0,0
56,54900.0,10.5,OWN,12900.0,debt_consolidation,36,494.31,19720.75,0.212,7,2,178,2,0,0,0,1,1
70,73800.0,3.1,RENT,25100.0,debt_consolidation,60,2368.85,81223.46,0.282,12,2,469,0,0,0,0,0,1
63,35000.0,7.5,RENT,5700.0,credit_card,36,621.51,35685.97,0.191,9,1,236,0,0,0,0,0,1
47,42400.0,2.1,MORTGAGE,8400.0,debt_consolidation,36,1171.19,62602.31,0.427,7,2,268,0,0,0,0,0,1
52,114600.0,11.2,RENT,49500.0,major_purchase,36,3055.62,173887.35,0.589,8,0,138,0,0,0,0,0,1
34,234100.0,6.0,MORTGAGE,33600.0,credit_card,60,3828.17,132935.15,0.578,7,0,118,0,0,0,0,0,1
38,92400.0,2.4,RENT,16400.0,debt_consolidation,60,1497.76,49225.91,0.186,12,0,121,0,0,0,0,0,1
48,76500.0,7.2,OWN,19400.0,debt_consolidation,36,293.12,7998.39,0.453,10,3,178,0,0,0,0,0,1
49,181000.0,8.6,RENT,47100.0,home_improvement,36,3792.67,97538.22,0.147,7,1,201,0,0,0,0,0,1
36,39800.0,5.1,RENT,3000.0,credit_card,36,1468.94,51334.85,0.411,13,1,178,0,0,0,1,0,1
55,69200.0,3.1,RENT,30400.0,home_improvement,36,468.28,10532.07,0.572,4,1,354,0,0,0,0,0,1
67,104400.0,15.4,MORTGAGE,17900.0,debt_consolidation,36,2794.76,167202.69,0.183,9,1,517,0,0,0,0,0,1
51,41900.0,3.1,MORTGAGE,3000.0,major_purchase,36,667.45,15249.35,0.52,6,0,128,0,0,0,0,0,1
24,26900.0,1.7,RENT,4100.0,debt_consolidation,36,447.02,21822.91,0.126,6,1,68,0,0,0,0,0,1
57,104000.0,23.4,RENT,21800.0,debt_consolidation,36,1117.48,58695.83,0.198,10,2,212,0,0,0,0,0,1
37,111700.0,7.4,RENT,15900.0,home_improvement,36,3224.25,187527.36,0.21,9,1,164,2,0,0,0,0,0
59,105200.0,4.1,OWN,11800.0,home_improvement,36,2301.22,65730.97,0.316,5,0,188,0,0,0,0,0,1
68,106300.0,9.6,RENT,26900.0,credit_card,36,2061.56,112251.98,0.362,5,3,189,1,0,0,0,0,1
66,69500.0,36.9,MORTGAGE,25600.0,debt_consolidation,36,201.02,5643.58,0.551,8,2,326,0,0,0,0,0,1
46,71600.0,11.9,MORTGAGE,23800.0,debt_consolidation,36,2637.69,99471.83,0.484,7,1,312,0,1,0,0,0,1
68,75100.0,14.1,MORTGAGE,16500.0,debt_consolidation,36,2517.01,103205.63,0.313,12,1,352,0,0,0,0,0,1
59,121700.0,12.4,MORTGAGE,12100.0,credit_card,36,660.31,25105.41,0.507,8,0,284,0,1,0,1,0,1
61,77200.0,12.0,RENT,33300.0,credit_card,36,2947.53,65541.88,0.584,9,0,298,1,1,0,0,0,1
24,69400.0,3.6,MORTGAGE,12800.0,home_improvement,36,1952.89,116237.13,0.538,8,5,61,0,0,0,0,0,0
50,79500.0,14.7,RENT,7300.0,small_business,36,1139.38,25882.01,0.544,6,3,210,0,0,0,0,0,1
50,84600.0,17.9,MORTGAGE,15600.0,debt_consolidation,36,1149.02,20621.09,0.547,11,1,345,0,0,0,0,0,1
42,37000.0,11.1,RENT,12200.0,credit_card,36,501.19,7615.59,0.409,9,1,145,0,0,0,0,0,1
31,142000.0,1.5,RENT,21400.0,debt_consolidation,36,3871.44,188295.94,0.467,14,4,75,2,0,0,0,0,0
22,46000.0,0.3,RENT,5700.0,credit_card,60,718.63,12424.13,0.574,6,2,21,0,0,0,0,0,0
64,68800.0,13.3,OWN,10700.0,home_improvement,36,2759.56,69246.67,0.619,14,2,402,0,2,0,0,0,1
32,39500.0,8.0,MORTGAGE,10700.0,home_improvement,36,508.68,19602.7,0.21,12,3,88,1,1,0,0,0,0
50,59200.0,14.7,RENT,23700.0,debt_consolidation,60,507.33,12622.37,0.58,8,1,202,0,0,0,0,0,1
56,88900.0,6.0,RENT,9100.0,debt_consolidation,60,1644.68,86028.9,0.253,17,0,305,0,0,0,0,0,1
38,78600.0,4.1,RENT,8500.0,major_purchase,36,978.18,35636.03,0.402,8,0,85,0,0,0,0,0,1
46,49300.0,16.7,RENT,10900.0,small_business,36,259.04,14255.28,0.262,7,5,184,0,0,0,0,0,1
27,45300.0,1.9,MORTGAGE,4500.0,debt_consolidation,36,125.32,6885.64,0.18,5,1,72,0,0,0,0,0,1
21,76300.0,0.3,MORTGAGE,33700.0,credit_card,36,1109.36,40166.75,0.644,14,2,20,0,0,0,0,0,1
46,119900.0,9.4,MORTGAGE,48100.0,debt_consolidation,60,2885.61,71429.26,0.482,7,3,189,0,0,0,1,0,1
43,145600.0,18.1,OWN,11100.0,credit_card,36,4691.16,147413.86,0.125,10,0,158,0,0,0,0,0,1
46,200400.0,12.7,RENT,50000.0,credit_card,60,3698.9,202848.9,0.327,14,2,249,0,0,0,0,0,1
65,45000.0,14.1,MORTGAGE,7400.0,debt_consolidation,36,719.51,37487.54,0.454,8,2,471,0,0,0,0,0,1
26,43300.0,0.5,MORTGAGE,7800.0,debt_consolidation,36,314.22,8093.61,0.553,11,0,37,1,0,0,0,0,1
26,62000.0,0.4,MORTGAGE,11500.0,home_improvement,36,1561.13,58041.49,0.582,3,0,33,0,0,0,0,0,1
64,60100.0,8.3,OWN,4700.0,debt_consolidation,60,196.71,9454.45,0.238,11,0,347,0,0,0,0,0,1
28,30100.0,3.3,OWN,10900.0,home_improvement,36,693.39,20009.97,0.558,6,2,88,0,0,0,0,0,1
44,105000.0,8.3,OWN,12900.0,debt_consolidation,36,1538.08,71714.66,0.348,4,2,195,0,0,0,0,0,1
42,43200.0,6.7,RENT,5800.0,small_business,60,989.96,19131.19,0.329,4,1,128,0,0,0,0,0,1
39,46400.0,15.3,RENT,16600.0,debt_consolidation,60,490.73,19076.06,0.315,6,1,176,2,1,0,0,0,1
57,83900.0,2.3,OWN,6200.0,debt_consolidation,60,326.49,10706.67,0.348,12,2,240,1,0,0,0,0,1
38,34300.0,7.4,RENT,6300.0,debt_consolidation,36,542.28,9646.3,0.059,13,0,77,0,0,0,0,0,1
51,57600.0,9.4,MORTGAGE,15800.0,major_purchase,36,710.23,37403.8,0.363,6,1,208,0,0,0,0,0,1
57,99500.0,25.2,MORTGAGE,9600.0,debt_consolidation,36,1553.91,43239.01,0.069,7,3,416,0,0,0,0,0,1
50,68000.0,19.4,MORTGAGE,15000.0,credit_card,60,1815.71,42818.21,0.324,11,2,326,0,0,0,0,0,1
62,99800.0,2.1,RENT,19100.0,debt_consolidation,36,2672.56,109428.02,0.949,11,0,429,0,0,0,0,0,1
53,113600.0,13.2,MORTGAGE,20300.0,debt_consolidation,36,1129.14,62070.52,0.114,7,1,360,0,0,0,0,0,1
30,63200.0,3.6,MORTGAGE,10000.0,credit_card,36,893.86,46629.99,0.187,5,1,82,0,0,0,0,0,1
57,18000.0,4.9,MORTGAGE,3300.0,debt_consolidation,60,373.07,7717.28,0.012,8,1,186,0,0,0,0,0,1
32,130100.0,0.6,MORTGAGE,26900.0,medical,60,1155.35,38878.56,0.338,8,1,74,0,0,0,0,0,0
50,64500.0,11.7,MORTGAGE,6500.0,credit_card,36,1691.73,97682.62,0.755,5,2,119,0,0,0,0,0,0
47,102200.0,12.9,RENT,13600.0,debt_consolidation,36,1322.37,30797.98,0.595,6,0,238,0,0,0,0,0,1
59,140400.0,34.4,RENT,50000.0,debt_consolidation,36,6145.39,241538.35,0.216,8,0,290,0,0,0,1,0,1
29,24200.0,2.0,MORTGAGE,10400.0,debt_consolidation,36,707.99,10807.62,0.55,13,1,81,0,0,0,0,0,1
41,66000.0,4.5,RENT,29500.0,debt_consolidation,36,1396.66,26913.17,0.661,9,1,105,1,1,0,0,0,0
32,154700.0,3.3,RENT,37400.0,debt_consolidation,36,818.66,22171.7,0.714,6,1,125,0,0,0,0,0,1
49,59100.0,4.6,OWN,6200.0,debt_consolidation,36,1794.27,46354.99,0.109,7,3,316,0,0,0,0,0,1
53,113200.0,22.8,MORTGAGE,36600.0,major_purchase,36,3091.79,124132.29,0.187,8,2,128,0,0,0,0,0,1
63,36200.0,6.9,OWN,15400.0,debt_consolidation,36,609.18,14590.76,0.326,5,4,454,0,0,0,0,0,1
35,86100.0,9.6,RENT,5400.0,small_business,36,1209.07,51984.28,0.581,12,1,188,0,0,0,0,0,1
22,33300.0,0.2,MORTGAGE,2000.0,debt_consolidation,60,454.14,24703.19,0.353,9,2,29,0,0,0,0,0,1
59,108600.0,10.1,RENT,32000.0,major_purchase,36,1499.17,77522.74,0.328,12,2,246,0,0,0,0,0,1
64,51600.0,21.6,RENT,3400.0,credit_card,36,1857.77,88350.77,0.187,7,2,523,2,0,1,0,0,1
38,145300.0,2.1,OWN,30000.0,debt_consolidation,60,1102.79,21998.11,0.531,5,0,116,0,0,0,0,0,1
23,148200.0,1.0,RENT,29800.0,medical,60,2543.88,65693.84,0.189,13,2,38,0,0,0,0,0,1
27,47500.0,2.0,RENT,4300.0,debt_consolidation,60,1367.15,40964.03,0.404,12,3,82,0,0,0,0,0,1
63,166700.0,5.6,MORTGAGE,50000.0,debt_consolidation,36,1397.2,62477.67,0.289,5,2,336,0,0,0,0,0,1
38,47900.0,9.5,MORTGAGE,4500.0,auto,60,1003.84,28679.63,0.522,12,1,208,0,0,0,0,0,1
64,96100.0,8.2,OWN,15300.0,debt_consolidation,36,814.57,13088.25,0.699,6,3,387,0,0,0,0,0,1
58,65000.0,22.3,RENT,22200.0,credit_card,36,2013.44,100328.38,0.421,9,2,389,0,0,0,0,0,1
57,52500.0,11.6,RENT,15600.0,auto,36,847.77,46907.07,0.648,5,2,332,0,0,0,0,0,1
53,102800.0,9.7,MORTGAGE,24600.0,home_improvement,36,1003.94,46481.42,0.404,7,2,158,0,0,0,0,0,1
64,49900.0,12.1,MORTGAGE,3500.0,credit_card,36,413.61,12422.78,0.114,8,0,446,0,0,0,0,0,1
51,48400.0,13.1,RENT,17200.0,credit_card,36,285.82,12596.67,0.328,13,0,312,0,0,0,0,0,1
31,66400.0,2.0,RENT,25200.0,credit_card,36,884.83,41839.85,0.188,7,0,88,0,0,0,0,0,1
24,109100.0,1.4,MORTGAGE,9900.0,medical,36,3825.98,84833.53,0.683,9,1,39,0,0,0,0,0,1
38,75400.0,6.9,MORTGAGE,33500.0,credit_card,36,1051.56,55549.31,0.34,3,0,187,0,0,0,0,1,1
24,54300.0,1.0,RENT,10300.0,credit_card,36,944.33,45641.7,0.327,14,2,36,0,0,0,0,0,0
69,49900.0,26.5,OWN,11000.0,home_improvement,36,549.36,21140.24,0.955,6,0,242,0,0,0,0,0,1
54,59000.0,3.5,RENT,12700.0,credit_card,36,1386.87,28978.65,0.218,9,2,360,0,0,0,0,0,0
49,89300.0,9.3,OWN,27100.0,major_purchase,36,1128.37,58780.41,0.457,11,1,275,0,0,0,0,0,1
44,36700.0,13.8,OWN,10200.0,debt_consolidation,36,462.47,14253.95,0.26,5,0,133,0,0,0,0,0,1
42,46000.0,11.0,MORTGAGE,12600.0,debt_consolidation,36,1199.57,27721.7,0.35,5,1,210,0,0,0,0,0,1
22,102100.0,0.4,RENT,37000.0,credit_card,60,423.64,25267.67,0.591,8,1,23,0,0,0,0,0,1
64,42000.0,3.2,RENT,17700.0,debt_consolidation,36,360.13,15294.82,0.379,5,1,324,0,0,0,0,0,1
26,48200.0,1.8,MORTGAGE,18300.0,medical,36,1447.94,73374.39,0.083,7,0,88,2,0,0,0,0,1
62,65100.0,11.2,RENT,22000.0,small_business,36,930.32,19672.77,0.822,12,3,434,0,0,0,0,0,1
45,42300.0,5.5,MORTGAGE,3000.0,debt_consolidation,36,793.59,33988.32,0.403,8,0,109,0,0,0,0,0,1
41,51400.0,4.3,MORTGAGE,7700.0,debt_consolidation,36,1551.24,74510.58,0.506,3,1,206,0,0,0,0,0,1
36,71200.0,3.9,RENT,6500.0,home_improvement,60,689.49,18905.56,0.3,8,3,69,0,0,0,0,1,0
51,98200.0,13.1,OWN,38500.0,debt_consolidation,36,3812.75,82868.91,0.431,9,1,216,0,0,1,0,0,1
34,43500.0,3.0,MORTGAGE,13500.0,small_business,60,1100.17,53999.72,0.239,6,0,133,0,0,0,0,0,1
59,42100.0,14.8,RENT,2700.0,debt_consolidation,36,1247.24,33935.92,0.215,10,0,373,0,0,0,0,0,1
48,123900.0,3.4,MORTGAGE,42000.0,small_business,36,5276.33,219041.22,0.469,8,1,125,0,0,0,0,0,1
52,46300.0,7.7,RENT,8600.0,credit_card,36,400.48,20048.0,0.241,6,1,315,0,0,0,0,0,1
48,43800.0,5.5,OWN,11700.0,credit_card,60,650.26,13283.32,0.2,8,0,195,0,0,0,0,0,1
71,22100.0,2.0,RENT,6200.0,debt_consolidation,36,240.12,9328.28,0.551,8,5,388,0,1,1,0,1,0
69,121600.0,7.5,OWN,14000.0,auto,36,1243.04,61414.74,0.303,10,0,471,0,0,0,0,0,1
29,141000.0,3.7,RENT,29500.0,debt_consolidation,36,3763.38,81526.93,0.885,10,0,118,0,0,0,0,0,1
65,65500.0,2.5,RENT,14400.0,debt_consolidation,36,1499.81,26532.56,0.579,10,1,468,2,1,1,0,1,0
42,73700.0,7.2,MORTGAGE,21800.0,debt_consolidation,36,1512.4,45526.62,0.663,10,2,169,0,0,0,0,0,1
52,66200.0,4.9,RENT,26900.0,credit_card,36,2387.33,125201.69,0.434,8,1,285,0,0,0,0,0,1
25,36200.0,2.5,OWN,10700.0,debt_consolidation,36,116.72,2923.56,0.08,11,0,34,0,0,0,0,0,1
43,93100.0,2.4,RENT,30100.0,credit_card,36,3266.75,87259.91,0.087,5,0,208,0,0,0,0,0,1
25,140300.0,0.7,OWN,44300.0,major_purchase,60,4633.54,80918.51,0.296,9,2,78,0,0,0,0,0,1
62,66100.0,23.0,MORTGAGE,5500.0,credit_card,36,1099.57,29238.22,0.591,7,2,252,0,0,0,0,0,1
52,98000.0,2.4,MORTGAGE,16700.0,debt_consolidation,36,1167.3,45880.35,0.568,7,3,320,0,0,0,0,1,1
30,40900.0,6.2,RENT,8600.0,debt_consolidation,60,308.56,15911.19,0.618,11,1,121,1,0,0,0,0,1
59,38900.0,5.8,MORTGAGE,8900.0,debt_consolidation,36,348.75,8052.49,0.297,2,1,374,0,0,0,0,1,1
35,85600.0,9.6,MORTGAGE,33100.0,major_purchase,36,1543.54,43128.5,0.488,6,2,125,0,0,0,0,0,1
27,153100.0,0.5,OWN,39800.0,debt_consolidation,36,3338.63,91604.97,0.492,11,0,44,0,0,0,0,0,1
49,47400.0,13.7,RENT,17800.0,debt_consolidation,36,1068.48,43513.07,0.298,6,0,321,0,0,0,0,0,1
67,59900.0,3.3,RENT,24700.0,medical,36,1622.53,63945.06,0.257,10,1,382,0,0,0,0,0,1
23,88400.0,1.7,OWN,29000.0,credit_card,36,2944.1,93232.48,0.449,5,0,31,1,1,0,0,0,1
39,51800.0,0.9,RENT,4900.0,debt_consolidation,36,1098.4,60491.42,0.976,8,0,186,2,0,1,0,0,0
30,86400.0,0.4,RENT,11300.0,medical,60,2762.73,135988.25,0.445,16,1,77,0,0,0,0,0,1
48,39200.0,12.6,MORTGAGE,14900.0,credit_card,60,914.21,35183.28,0.219,7,2,212,2,1,0,0,0,1
49,84100.0,4.5,OWN,23200.0,debt_consolidation,60,3138.43,131819.75,0.477,9,0,332,0,0,0,0,0,1
35,58200.0,10.0,RENT,14900.0,small_business,60,2100.41,59593.07,0.305,10,0,153,0,0,0,0,0,1
55,27500.0,7.8,OWN,12000.0,debt_consolidation,60,649.03,38206.05,0.507,13,0,188,0,0,0,0,0,1
26,37500.0,2.9,RENT,7400.0,debt_consolidation,36,583.61,16537.06,0.625,5,2,34,0,0,0,1,0,0
32,79300.0,5.0,MORTGAGE,5300.0,small_business,60,1734.52,75254.05,0.244,12,0,100,1,1,0,0,0,1
67,139500.0,5.8,RENT,21200.0,medical,36,3812.95,199296.61,0.287,7,2,295,0,0,0,0,0,0
58,32200.0,24.6,RENT,5300.0,credit_card,60,842.41,49838.7,0.514,5,0,329,0,0,0,0,0,0
33,115800.0,3.3,MORTGAGE,29500.0,credit_card,36,3534.37,171688.29,0.24,10,1,105,0,0,0,0,0,1
49,83200.0,11.4,MORTGAGE,4400.0,debt_consolidation,60,2500.75,43507.01,0.64,4,3,306,3,0,0,0,0,1
39,112200.0,5.9,RENT,50000.0,credit_card,60,3340.91,79452.64,0.784,3,4,192,0,0,0,0,0,0
23,60800.0,2.1,MORTGAGE,4500.0,debt_consolidation,60,1412.58,61331.58,0.385,7,2,18,0,0,0,0,1,1
28,93600.0,5.7,MORTGAGE,13400.0,credit_card,60,2984.64,66910.89,0.465,10,0,109,0,0,0,0,0,1
28,183000.0,0.8,RENT,50000.0,home_improvement,36,5851.28,233879.76,0.215,8,0,94,0,0,0,0,0,0
40,73500.0,3.4,RENT,32400.0,credit_card,60,437.1,20749.55,0.331,12,4,91,0,0,0,0,0,0
67,38600.0,5.8,MORTGAGE,9800.0,debt_consolidation,36,1475.08,71604.56,0.273,8,2,498,0,0,0,0,0,0
24,146900.0,0.2,RENT,27400.0,debt_consolidation,36,3626.59,130280.95,0.046,4,1,68,0,0,0,0,0,1
71,88600.0,8.4,MORTGAGE,10200.0,debt_consolidation,36,1412.75,26654.49,0.051,9,1,336,0,0,0,0,0,1
41,75700.0,1.6,MORTGAGE,31100.0,debt_consolidation,36,1713.47,56257.75,0.169,6,0,96,0,0,0,0,0,1
23,177100.0,1.4,MORTGAGE,12400.0,debt_consolidation,60,7798.25,203698.41,0.44,6,1,39,0,0,0,0,0,0
65,143500.0,0.7,MORTGAGE,11200.0,medical,36,2838.9,150161.27,0.188,6,3,247,0,0,0,0,0,1
28,86100.0,1.1,MORTGAGE,6500.0,home_improvement,36,1753.44,99476.53,0.412,5,2,46,0,0,0,0,0,0
43,40300.0,7.5,RENT,9500.0,major_purchase,36,1076.03,59593.19,0.404,5,3,170,0,0,0,0,0,0
36,54100.0,6.3,OWN,22900.0,credit_card,36,990.24,35666.22,0.725,8,0,115,0,0,0,0,0,1
33,73500.0,3.7,MORTGAGE,20000.0,debt_consolidation,36,615.55,18062.81,0.645,7,1,161,0,0,1,0,0,1
23,65200.0,0.6,RENT,12500.0,debt_consolidation,36,802.65,41563.99,0.74,8,1,32,0,0,0,0,0,0
68,51000.0,15.3,RENT,7400.0,debt_consolidation,36,402.67,14516.89,0.131,7,2,311,0,0,0,1,0,0
29,59500.0,2.4,MORTGAGE,15200.0,home_improvement,60,1425.97,69230.91,0.52,6,1,79,0,0,0,0,0,0
34,118000.0,7.4,MORTGAGE,26700.0,debt_consolidation,60,3955.51,116845.69,0.454,14,0,125,2,1,0,0,0,1
33,74100.0,3.0,RENT,6500.0,debt_consolidation,36,1312.78,73212.27,0.344,8,2,133,0,0,1,0,1,0
27,51100.0,2.2,RENT,2700.0,major_purchase,36,701.6,40018.02,0.291,6,0,71,0,0,0,0,0,1
35,95000.0,4.9,MORTGAGE,27400.0,debt_consolidation,36,2836.68,70345.38,0.623,10,1,96,0,0,0,0,0,1
27,90100.0,0.7,RENT,35400.0,credit_card,60,2324.14,90974.75,0.498,9,0,95,0,0,0,0,0,0
58,64900.0,12.0,MORTGAGE,19100.0,debt_consolidation,60,1482.72,68142.15,0.536,7,0,292,0,0,0,0,0,1
54,36000.0,17.0,RENT,6500.0,major_purchase,36,588.0,15821.87,0.391,6,1,231,0,0,0,0,0,1
61,61900.0,9.6,RENT,6900.0,home_improvement,36,1388.59,31639.5,0.299,11,1,238,0,0,0,0,0,1
42,65800.0,5.0,RENT,22700.0,credit_card,60,2452.84,61064.25,0.587,6,3,94,0,0,0,0,0,1
44,107500.0,0.8,MORTGAGE,35600.0,major_purchase,36,2871.18,151309.85,0.142,8,1,278,0,0,0,0,0,1
69,44600.0,8.5,RENT,17300.0,home_improvement,36,974.96,28512.26,0.652,12,0,341,0,0,0,0,0,1
57,56800.0,23.2,MORTGAGE,25200.0,small_business,60,1014.24,38038.26,0.178,7,1,193,0,0,0,0,0,1
64,154200.0,5.7,MORTGAGE,14600.0,auto,60,844.57,13385.99,0.466,14,6,234,0,0,0,0,0,1
21,58100.0,0.3,MORTGAGE,9100.0,debt_consolidation,36,1914.6,50043.84,0.497,7,1,22,0,0,0,0,0,1
30,65100.0,2.2,OWN,12200.0,debt_consolidation,60,719.06,27739.19,0.326,6,1,121,0,0,0,0,0,1
63,180600.0,4.3,OWN,47900.0,credit_card,36,3260.49,99817.0,0.512,8,0,462,0,0,0,0,0,1
36,40500.0,0.4,MORTGAGE,2900.0,credit_card,36,660.54,36055.03,0.106,6,0,147,0,0,0,0,0,1
66,136500.0,16.7,MORTGAGE,21900.0,major_purchase,36,920.61,36130.41,0.555,6,2,367,0,0,0,0,0,1
28,53600.0,2.1,RENT,19700.0,debt_consolidation,36,1313.33,63447.45,0.58,6,1,108,0,0,0,0,0,1
69,74600.0,9.5,OWN,5200.0,debt_consolidation,60,477.52,20403.93,0.075,13,1,319,4,0,0,0,0,1
45,77700.0,6.6,OWN,29300.0,credit_card,36,743.09,43682.2,0.146,6,2,107,0,0,0,0,1,1
70,58200.0,0.2,MORTGAGE,7200.0,credit_card,60,1327.43,48089.86,0.605,4,2,256,0,0,0,0,0,1
32,39400.0,4.1,RENT,6800.0,debt_consolidation,60,714.42,18944.87,0.077,10,2,108,0,0,0,0,0,1
45,46000.0,3.9,MORTGAGE,15500.0,debt_consolidation,36,632.86,12667.54,0.204,9,2,123,0,0,0,0,0,1
37,59200.0,11.4,RENT,21100.0,debt_consolidation,36,1229.33,71137.88,0.187,8,0,121,0,0,0,0,0,1
46,43000.0,8.4,RENT,5800.0,credit_card,60,957.53,17102.22,0.482,5,0,241,0,0,0,0,0,1
66,66000.0,9.0,MORTGAGE,14000.0,debt_consolidation,36,59.73,1886.86,0.419,7,1,269,0,0,0,0,0,1
68,43600.0,6.1,OWN,6400.0,debt_consolidation,36,1102.49,19425.12,0.551,11,0,453,0,0,0,0,0,1
34,40400.0,7.0,RENT,10300.0,home_improvement,36,112.09,4180.96,0.109,2,0,154,0,0,0,0,0,1
61,27700.0,34.2,RENT,8600.0,small_business,36,753.66,14726.72,0.737,8,0,241,0,0,0,0,0,1
56,167100.0,24.1,RENT,26400.0,debt_consolidation,36,3357.19,76931.01,0.648,11,0,431,0,0,0,0,0,1
43,62700.0,5.8,OWN,14700.0,home_improvement,60,634.36,30550.63,0.198,8,1,148,0,0,0,0,0,1
63,45700.0,11.7,MORTGAGE,12100.0,debt_consolidation,36,1789.48,32314.7,0.441,7,1,431,0,0,0,0,0,1
26,38600.0,2.2,MORTGAGE,8400.0,small_business,36,38.54,1693.11,0.344,4,3,87,0,0,0,0,0,1
67,49000.0,7.0,MORTGAGE,12500.0,medical,60,763.91,43411.76,0.782,6,0,429,0,0,0,0,0,0
25,23700.0,2.0,MORTGAGE,2600.0,debt_consolidation,60,677.45,35570.16,0.102,12,1,74,0,0,0,0,0,1
63,47600.0,18.1,RENT,3200.0,home_improvement,36,978.41,38818.2,0.518,12,1,232,2,0,2,0,0,1
45,97700.0,6.4,RENT,7400.0,debt_consolidation,36,3323.75,53031.9,0.214,11,1,195,0,0,0,0,0,1
38,46400.0,7.6,MORTGAGE,20400.0,medical,36,394.42,22799.34,0.477,10,1,86,0,1,0,0,0,0
33,92900.0,1.6,MORTGAGE,7400.0,credit_card,36,3026.9,73275.44,0.506,9,2,87,0,0,0,0,0,1
63,109500.0,25.3,RENT,22400.0,credit_card,36,972.07,49068.79,0.847,10,1,483,0,0,0,0,0,1
34,94300.0,2.1,MORTGAGE,34600.0,home_improvement,36,2163.96,62235.82,0.265,8,3,80,0,0,0,0,0,1
48,67400.0,1.6,RENT,26300.0,debt_consolidation,36,897.61,32159.88,0.918,6,0,277,0,0,0,0,0,1
38,126300.0,8.7,MORTGAGE,19900.0,debt_consolidation,36,2241.93,75436.11,0.311,7,2,207,1,0,0,0,0,1
48,122800.0,24.6,RENT,37600.0,debt_consolidation,60,2277.15,117276.52,0.355,14,3,317,0,0,0,0,0,1
71,44900.0,18.1,MORTGAGE,15200.0,credit_card,36,1910.84,54787.76,0.438,5,1,294,0,0,0,0,0,0
47,41100.0,1.1,RENT,17100.0,small_business,36,1405.4,31669.89,0.104,7,4,117,0,0,0,0,0,0
52,51900.0,9.1,MORTGAGE,21100.0,small_business,36,1443.26,21837.92,0.172,10,0,273,0,0,0,0,1,1
67,55800.0,20.4,MORTGAGE,12500.0,credit_card,36,1081.83,19110.57,0.64,8,2,333,0,0,0,0,0,1
29,126100.0,1.8,MORTGAGE,33600.0,home_improvement,36,1325.69,55387.86,0.616,12,0,74,0,0,0,0,0,1
60,102700.0,23.8,RENT,38000.0,debt_consolidation,60,3922.41,223063.25,0.407,6,2,170,0,0,0,0,0,1
52,71300.0,25.0,RENT,20600.0,home_improvement,60,3043.23,95130.91,0.699,7,1,229,2,0,0,0,0,0
40,72700.0,6.6,OWN,14000.0,debt_consolidation,36,1499.6,47666.83,0.588,6,1,170,0,0,0,0,0,1
48,36300.0,6.0,RENT,15600.0,debt_consolidation,36,302.15,9541.92,0.611,9,1,302,0,0,0,0,0,1
53,121100.0,9.5,MORTGAGE,50000.0,credit_card,60,1967.33,94357.69,0.261,8,1,184,0,1,0,0,0,1
24,73000.0,1.8,OWN,30900.0,debt_consolidation,60,819.86,43981.06,0.343,9,1,50,0,0,0,0,0,1
66,37200.0,9.8,RENT,7000.0,debt_consolidation,36,418.83,10616.03,0.343,13,1,520,0,0,0,0,0,1
54,26200.0,13.1,RENT,3800.0,small_business,60,25.0,762.52,0.192,13,2,236,1,0,0,0,0,0
68,32900.0,8.9,RENT,8100.0,credit_card,36,791.5,20494.37,0.494,6,2,392,0,0,0,0,0,1
23,68900.0,1.0,RENT,25100.0,debt_consolidation,36,2160.43,103517.88,0.401,11,0,23,0,0,0,0,0,0
46,18000.0,4.3,MORTGAGE,2800.0,credit_card,36,324.02,9296.73,0.417,7,0,154,1,0,0,0,0,1
28,34800.0,2.3,MORTGAGE,7400.0,small_business,60,907.73,28010.65,0.589,8,0,57,1,1,0,0,0,0
26,86200.0,2.2,MORTGAGE,9500.0,credit_card,60,1202.63,70839.09,0.412,5,2,38,0,0,0,0,0,1
36,52000.0,1.5,OWN,17200.0,major_purchase,60,1155.98,47833.99,0.226,6,0,77,0,0,0,0,0,1
44,24900.0,3.9,MORTGAGE,8600.0,debt_consolidation,36,529.86,19202.42,0.391,7,1,101,0,0,0,0,0,1
68,46800.0,36.3,MORTGAGE,11600.0,credit_card,60,552.53,14666.81,0.622,9,0,287,0,0,0,0,0,1
59,62700.0,6.1,RENT,21600.0,debt_consolidation,36,1635.51,51386.32,0.527,4,2,255,1,0,0,0,1,1
50,110900.0,3.6,RENT,34100.0,credit_card,36,3939.68,92503.31,0.794,9,0,331,0,0,0,0,0,1
65,85000.0,25.8,RENT,35900.0,credit_card,36,2364.53,56975.08,0.247,6,1,204,0,0,0,0,0,1
33,83300.0,5.7,MORTGAGE,23700.0,credit_card,60,2180.16,120762.25,0.512,9,3,99,0,0,0,0,0,1
25,98300.0,2.6,OWN,18900.0,credit_card,36,3547.97,200187.37,0.409,14,2,36,0,0,0,0,0,1
45,26300.0,12.2,OWN,9000.0,credit_card,60,318.02,17637.15,0.387,15,0,237,1,0,0,1,0,1
40,131200.0,9.9,RENT,9500.0,major_purchase,36,2211.89,73476.08,0.401,10,0,148,1,1,0,0,0,1
38,131400.0,12.6,RENT,31600.0,debt_consolidation,36,1611.69,66498.37,0.436,4,0,76,0,0,0,0,0,1
67,47300.0,19.7,RENT,20600.0,debt_consolidation,36,1225.24,51464.15,0.141,5,0,398,0,0,0,0,0,1
38,18000.0,10.0,RENT,6000.0,debt_consolidation,60,392.17,14796.85,0.341,10,0,88,3,0,0,0,0,1
22,137500.0,1.2,RENT,50000.0,debt_consolidation,36,946.87,28011.89,0.841,9,2,44,0,0,0,0,0,1
30,18000.0,0.3,RENT,3700.0,debt_consolidation,60,206.34,6267.09,0.668,9,5,44,0,0,0,0,0,1
65,81500.0,16.2,RENT,16900.0,credit_card,36,2924.03,171032.76,0.359,6,0,447,0,0,0,0,0,1
70,51600.0,13.1,RENT,3800.0,home_improvement,60,1063.9,55515.77,0.281,13,1,544,0,0,0,0,0,1
67,47500.0,3.8,RENT,9200.0,debt_consolidation,36,324.7,13366.36,0.394,6,5,482,0,0,0,0,0,1
32,52200.0,5.3,MORTGAGE,5600.0,auto,36,545.97,10427.58,0.478,11,3,104,0,0,0,0,0,0
67,71200.0,13.6,MORTGAGE,14800.0,debt_consolidation,36,2267.18,79183.24,0.281,5,2,302,0,0,0,1,0,0
33,20300.0,4.0,OWN,1000.0,small_business,36,167.54,5728.26,0.598,5,0,153,0,0,0,0,0,1
70,59600.0,16.0,RENT,13400.0,debt_consolidation,36,711.41,26712.81,0.01,10,2,226,1,0,0,0,0,1
67,30200.0,17.3,MORTGAGE,12900.0,debt_consolidation,60,728.87,22507.22,0.245,11,0,510,0,0,0,0,0,1
31,50200.0,3.7,RENT,17800.0,credit_card,60,125.15,6508.98,0.356,9,2,77,0,0,0,0,0,0
39,72300.0,3.3,RENT,10600.0,credit_card,36,1512.78,57434.51,0.289,10,1,94,0,0,0,0,0,1
55,107100.0,2.8,MORTGAGE,16900.0,credit_card,60,3192.57,178445.86,0.644,7,0,273,0,0,0,0,0,1
59,44200.0,16.5,RENT,7700.0,small_business,60,1266.48,72764.82,0.228,8,2,159,0,0,0,0,0,1
46,177100.0,4.9,MORTGAGE,15400.0,home_improvement,36,4982.26,171740.63,0.529,9,1,222,0,0,0,0,0,1
66,40500.0,3.7,MORTGAGE,18100.0,major_purchase,60,325.91,8560.63,0.043,6,2,473,0,0,0,0,0,1
34,41100.0,0.1,MORTGAGE,13000.0,debt_consolidation,36,1299.95,65850.31,0.199,11,1,155,0,0,0,0,0,1
65,116500.0,13.8,MORTGAGE,40200.0,debt_consolidation,36,2187.11,119375.55,0.398,7,0,341,0,0,0,0,1,0
64,57700.0,26.3,MORTGAGE,18900.0,auto,36,1339.75,29456.69,0.399,9,1,410,0,0,0,0,0,1
44,73100.0,6.1,MORTGAGE,17300.0,debt_consolidation,60,1380.37,54039.94,0.412,14,1,154,0,0,0,0,0,1
61,50600.0,18.9,MORTGAGE,19100.0,debt_consolidation,36,1311.03,20480.9,0.379,12,0,250,0,0,0,0,0,1
21,53900.0,0.1,MORTGAGE,7800.0,debt_consolidation,36,138.41,3680.98,0.831,9,1,33,0,0,0,0,0,1
71,80200.0,9.4,RENT,16500.0,credit_card,36,1944.87,103853.46,0.522,8,1,550,0,0,0,0,0,1
63,133100.0,11.9,RENT,24000.0,credit_card,36,4731.52,198846.78,0.105,12,0,412,0,0,0,0,0,1
42,71500.0,4.9,RENT,30800.0,debt_consolidation,36,221.46,7953.55,0.496,4,1,232,0,0,0,0,0,1
43,83800.0,6.5,RENT,5500.0,debt_consolidation,60,956.61,31280.36,0.658,7,0,130,0,0,0,0,0,1
39,113500.0,8.9,OWN,9100.0,debt_consolidation,36,2370.06,42460.49,0.263,12,1,102,0,0,0,0,0,1
38,51200.0,6.4,RENT,22100.0,debt_consolidation,36,380.54,14581.09,0.578,11,2,94,0,0,0,0,0,0
32,38600.0,1.2,RENT,12500.0,debt_consolidation,36,862.84,48691.32,0.802,7,0,111,0,0,0,0,0,0
48,37700.0,3.8,MORTGAGE,11500.0,credit_card,36,227.98,10036.33,0.968,8,1,296,0,0,0,0,0,1
48,40600.0,3.7,MORTGAGE,15300.0,debt_consolidation,36,1092.95,34360.21,0.615,1,3,336,0,0,0,0,0,1
53,37300.0,17.9,RENT,15500.0,debt_consolidation,36,834.21,39419.74,0.483,12,0,323,0,0,0,0,0,1
39,121200.0,6.8,RENT,49500.0,credit_card,36,1485.35,62445.62,0.409,7,1,159,0,0,0,0,0,1
48,23500.0,6.1,MORTGAGE,9500.0,medical,36,334.32,10860.02,0.358,12,0,138,0,0,0,0,1,1
69,91600.0,6.4,MORTGAGE,35300.0,debt_consolidation,36,1955.7,49214.13,0.133,6,2,375,0,0,0,0,0,1
57,33700.0,11.2,MORTGAGE,3300.0,debt_consolidation,36,841.14,26475.61,0.915,10,0,311,0,0,0,0,0,1
46,177200.0,5.5,MORTGAGE,50000.0,credit_card,60,2976.52,124218.33,0.428,11,2,218,3,0,0,0,0,0
55,82600.0,10.0,MORTGAGE,20400.0,debt_consolidation,36,1087.18,46934.46,0.545,8,0,357,0,0,0,0,0,1
54,40900.0,13.9,RENT,14800.0,credit_card,36,932.52,32441.52,0.685,8,4,214,0,0,0,0,0,1
55,49100.0,17.1,RENT,21200.0,small_business,36,1402.35,51816.93,0.539,7,0,388,0,0,0,0,0,1
60,63200.0,15.7,OWN,12400.0,debt_consolidation,60,1147.64,68693.24,0.275,8,1,288,0,0,0,0,0,1
36,93900.0,8.8,RENT,33000.0,credit_card,60,973.96,46832.96,0.8,9,2,137,0,0,0,0,1,1
58,79600.0,2.0,RENT,10700.0,major_purchase,60,966.06,30234.45,0.368,8,3,276,0,0,0,0,0,1
33,65700.0,4.6,MORTGAGE,14400.0,major_purchase,60,1568.34,63155.46,0.386,5,1,86,0,0,0,0,0,1
43,44900.0,11.8,MORTGAGE,15200.0,credit_card,36,542.36,30408.84,0.65,6,0,107,0,0,0,0,0,1
42,56400.0,5.1,MORTGAGE,4800.0,debt_consolidation,60,1048.0,34209.99,0.633,6,0,141,0,0,0,0,0,1
36,138400.0,0.4,RENT,50000.0,credit_card,36,3332.28,142508.02,0.13,8,1,73,0,0,0,0,0,1
48,213300.0,6.1,RENT,50000.0,home_improvement,36,2417.36,47913.47,0.342,7,1,311,0,0,0,0,0,1
68,121400.0,23.8,MORTGAGE,48400.0,home_improvement,60,1563.51,71107.53,0.678,7,1,542,0,0,0,0,0,1
55,39100.0,19.8,RENT,2000.0,medical,36,295.7,11228.13,0.533,11,2,259,0,0,0,0,0,1
65,145500.0,7.3,MORTGAGE,50000.0,credit_card,60,5119.55,221781.1,0.254,14,1,218,0,0,0,0,0,1
66,55200.0,9.0,MORTGAGE,22600.0,credit_card,60,160.34,2792.11,0.513,15,1,228,0,0,0,0,0,1
28,66300.0,3.9,OWN,29400.0,credit_card,60,2279.03,44126.77,0.13,8,0,68,0,0,0,0,0,1
64,33000.0,7.8,MORTGAGE,2100.0,debt_consolidation,36,778.32,27472.09,0.356,7,0,451,0,0,0,0,0,1
42,70400.0,8.7,MORTGAGE,19400.0,debt_consolidation,36,1608.64,41136.91,0.573,10,1,171,0,0,0,0,0,1
41,43000.0,3.4,RENT,17300.0,home_improvement,60,564.73,25387.1,0.267,9,0,185,0,0,0,0,0,1
46,141000.0,3.3,OWN,48300.0,debt_consolidation,60,2461.16,59809.2,0.784,8,1,180,0,0,0,1,0,1
60,268200.0,6.4,MORTGAGE,50000.0,debt_consolidation,36,10031.73,233133.88,0.274,9,1,236,0,0,0,0,0,0
41,66100.0,1.8,OWN,21800.0,debt_consolidation,36,1816.98,85554.82,0.075,6,2,258,0,0,0,0,0,1
45,86000.0,10.5,RENT,5100.0,medical,36,2114.78,39835.48,0.329,7,0,146,0,0,0,0,0,1
61,55900.0,0.7,RENT,22400.0,credit_card,36,615.76,13943.35,0.053,6,0,428,0,0,0,0,0,1
21,70700.0,0.2,MORTGAGE,21000.0,debt_consolidation,60,1188.85,24079.17,0.519,6,2,15,0,0,0,0,0,1
26,47800.0,2.3,MORTGAGE,7100.0,major_purchase,36,1230.44,39231.99,0.382,10,0,78,0,0,0,0,0,1
43,78500.0,10.7,RENT,25300.0,credit_card,36,1951.26,37505.72,0.635,10,1,220,0,0,0,0,0,1
71,82500.0,27.3,OWN,21100.0,debt_consolidation,36,1045.38,45000.02,0.385,5,3,265,0,0,0,0,0,1
43,78000.0,2.8,RENT,26300.0,home_improvement,60,1951.33,111458.76,0.495,8,3,188,0,0,0,0,0,0
63,99800.0,23.4,RENT,23900.0,debt_consolidation,36,1775.76,50042.08,0.511,9,0,298,0,0,0,0,0,1
63,54200.0,19.9,MORTGAGE,4900.0,home_improvement,60,1109.67,18502.93,0.092,5,1,478,0,0,0,0,0,1
43,290500.0,11.2,MORTGAGE,50000.0,debt_consolidation,60,1247.25,54631.76,0.49,5,0,222,0,0,0,0,0,1
52,46200.0,26.0,MORTGAGE,14900.0,debt_consolidation,36,437.96,13145.97,0.249,5,0,236,0,0,0,0,0,1
50,46000.0,10.0,MORTGAGE,15400.0,credit_card,36,403.13,15645.88,0.421,6,1,256,0,0,0,0,0,1
33,18000.0,5.2,MORTGAGE,6400.0,debt_consolidation,60,298.64,5603.36,0.158,12,3,131,0,0,0,0,0,1
63,100400.0,19.1,RENT,25600.0,credit_card,36,473.19,15086.91,0.652,12,2,331,2,0,1,0,0,0
38,18000.0,3.1,MORTGAGE,6000.0,home_improvement,60,601.25,32262.52,0.483,7,2,147,0,0,0,0,0,1
43,54800.0,17.9,RENT,7400.0,major_purchase,36,1368.42,38926.99,0.258,10,1,144,1,0,0,0,0,1
35,43800.0,3.6,MORTGAGE,10400.0,home_improvement,36,1035.64,46155.03,0.802,9,1,164,0,0,0,0,0,0
53,30000.0,13.6,RENT,9800.0,debt_consolidation,60,781.87,37756.19,0.498,15,2,283,0,0,0,0,0,1
41,68500.0,3.3,RENT,25500.0,home_improvement,36,1456.38,40637.98,0.528,8,0,191,0,0,0,0,0,0
59,174900.0,1.1,MORTGAGE,50000.0,credit_card,36,1341.88,66009.45,0.301,7,1,329,0,0,0,0,0,1
43,98900.0,11.3,RENT,39000.0,major_purchase,36,2211.62,85551.12,0.104,5,3,100,0,0,0,0,0,1
47,43500.0,10.9,RENT,2900.0,home_improvement,36,1015.55,30464.04,0.297,4,2,150,0,0,0,0,0,0
65,197700.0,2.8,MORTGAGE,23900.0,debt_consolidation,60,5225.37,131155.9,0.158,8,1,430,0,0,0,0,0,1
64,44200.0,11.8,MORTGAGE,14200.0,debt_consolidation,60,1104.34,29525.63,0.581,11,1,519,0,0,0,0,0,1
38,120700.0,1.2,RENT,10000.0,credit_card,60,3071.21,84713.54,0.113,7,0,97,0,0,0,0,0,1
44,25400.0,4.1,RENT,11400.0,debt_consolidation,60,174.96,5498.73,0.34,4,0,145,0,0,0,0,0,1
71,58200.0,15.5,RENT,13900.0,debt_consolidation,60,703.88,36333.77,0.722,6,1,487,0,0,0,0,0,1
67,34400.0,3.8,RENT,11200.0,small_business,60,467.84,22371.9,0.279,7,1,429,0,0,0,0,0,1
60,207400.0,4.2,RENT,14300.0,debt_consolidation,36,4493.63,245867.98,0.523,12,0,274,0,0,0,0,0,1
71,45200.0,22.4,RENT,10000.0,debt_consolidation,36,601.05,13115.35,0.252,11,0,550,0,0,0,0,0,1
62,37700.0,11.9,OWN,5500.0,debt_consolidation,60,363.03,15529.63,0.297,9,0,301,0,0,0,1,0,1
27,85500.0,4.7,RENT,7900.0,home_improvement,60,2520.3,74932.66,0.434,7,1,70,0,0,0,0,0,1
70,57700.0,25.7,RENT,18400.0,credit_card,60,1290.5,70665.83,0.258,7,1,384,0,0,0,0,0,1
68,215500.0,10.1,RENT,50000.0,debt_consolidation,36,4238.86,124431.32,0.153,9,1,416,0,0,0,0,0,1
40,78400.0,17.2,RENT,13500.0,debt_consolidation,60,2389.37,122257.95,0.233,9,2,208,0,0,0,0,0,1
47,68600.0,18.1,RENT,28900.0,debt_consolidation,36,897.06,52213.94,0.274,7,0,276,0,0,0,0,0,1
26,98300.0,2.1,MORTGAGE,5000.0,medical,36,2463.78,136329.84,0.383,7,0,44,0,0,1,0,0,1
47,58600.0,3.6,MORTGAGE,18500.0,debt_consolidation,36,1483.53,83829.8,0.552,8,3,218,0,0,0,0,0,1
29,75400.0,4.5,RENT,19800.0,medical,36,1731.1,76563.94,0.082,7,0,78,0,0,0,0,0,1
65,41700.0,21.5,MORTGAGE,8200.0,small_business,36,511.3,16923.58,0.798,10,2,258,1,0,0,0,0,1
51,47000.0,7.4,RENT,10200.0,debt_consolidation,36,1053.65,32010.57,0.385,7,1,354,0,0,1,0,0,1
41,40000.0,6.9,RENT,11600.0,home_improvement,60,907.79,19314.77,0.237,11,1,121,0,0,0,0,0,1
46,82000.0,7.5,RENT,22400.0,credit_card,60,1119.42,25737.4,0.274,5,0,160,1,0,0,0,0,1
60,45900.0,24.1,MORTGAGE,11600.0,auto,36,849.92,18381.24,0.795,11,0,209,2,1,1,0,0,0
68,101600.0,25.9,MORTGAGE,45000.0,credit_card,36,3300.06,98235.52,0.343,6,0,194,1,0,0,0,0,1
65,41100.0,14.5,OWN,14700.0,credit_card,36,979.17,38665.85,0.344,7,4,534,0,0,0,0,0,0
33,38900.0,6.1,RENT,4700.0,credit_card,36,925.92,47842.68,0.079,12,0,159,0,0,0,0,0,1
69,75400.0,10.9,MORTGAGE,31400.0,debt_consolidation,60,1602.61,42937.95,0.235,7,2,261,2,0,0,0,0,1
43,71400.0,3.7,RENT,17600.0,debt_consolidation,36,1416.71,38958.42,0.067,4,0,129,0,0,0,0,0,0
40,106000.0,5.5,MORTGAGE,5900.0,home_improvement,60,2258.92,77649.91,0.486,9,0,221,0,0,0,1,0,1
57,34500.0,25.5,RENT,12600.0,debt_consolidation,36,1024.4,16029.36,0.616,9,0,261,0,0,0,0,0,1
48,28400.0,2.7,RENT,5400.0,debt_consolidation,36,52.1,1152.14,0.442,4,0,315,0,0,0,0,0,1
37,129200.0,6.4,RENT,50000.0,credit_card,60,1892.09,90377.05,0.278,11,0,81,0,0,0,0,0,1
48,31400.0,5.7,RENT,8400.0,auto,60,776.2,23316.47,0.152,5,0,293,0,0,0,0,0,1
61,104400.0,18.1,MORTGAGE,16500.0,medical,36,1317.24,28640.26,0.157,14,1,172,0,0,0,0,0,1
22,18200.0,0.0,RENT,6400.0,small_business,36,311.03,16647.16,0.279,3,1,33,0,0,0,0,0,1
45,90400.0,3.9,MORTGAGE,14600.0,credit_card,36,972.66,43918.84,0.811,9,1,251,0,0,0,0,0,1
70,65800.0,15.7,MORTGAGE,3900.0,small_business,36,1653.29,45160.6,0.102,11,0,550,0,2,0,0,0,1
61,82700.0,0.9,MORTGAGE,7300.0,credit_card,36,2972.6,167745.24,0.231,6,4,406,0,0,0,0,0,1
26,100900.0,4.8,OWN,31600.0,credit_card,36,1161.42,67172.0,0.258,9,2,75,0,0,0,0,0,1
31,111400.0,6.7,RENT,15100.0,debt_consolidation,60,2801.28,69254.57,0.149,3,1,61,0,0,0,0,0,1
58,85500.0,6.5,RENT,12400.0,medical,36,1814.48,97733.42,0.267,11,0,276,0,0,0,0,0,1
26,104700.0,0.7,RENT,11500.0,credit_card,60,3767.73,100355.77,0.099,7,0,59,0,0,0,0,0,0
65,122700.0,2.0,RENT,18700.0,home_improvement,60,2683.22,123013.36,0.351,4,0,363,1,0,0,0,0,1
31,133400.0,2.8,MORTGAGE,47200.0,debt_consolidation,60,2007.69,55167.49,0.55,6,1,128,0,0,0,0,0,1
34,88000.0,6.2,MORTGAGE,22500.0,debt_consolidation,36,1828.48,96464.11,0.456,8,1,169,0,0,0,0,0,1
22,39300.0,0.4,MORTGAGE,5400.0,medical,36,546.85,13633.68,0.332,11,1,15,1,0,0,0,0,1
60,57600.0,1.5,RENT,8600.0,home_improvement,36,1064.5,17322.68,0.519,9,2,472,0,0,0,0,0,1
23,62700.0,1.0,OWN,12600.0,major_purchase,60,2238.02,49867.82,0.082,7,1,41,0,0,0,0,0,1
55,45500.0,5.6,RENT,20400.0,debt_consolidation,36,569.71,20330.94,0.188,3,1,324,0,0,0,0,0,1
53,35200.0,8.5,RENT,4200.0,debt_consolidation,36,898.39,20625.18,0.799,16,1,381,1,0,0,0,0,1
44,110100.0,5.9,OWN,40900.0,debt_consolidation,36,1951.91,66089.84,0.23,9,0,282,0,0,0,0,0,1
39,78100.0,4.7,RENT,30900.0,debt_consolidation,36,1090.06,26807.6,0.146,10,2,191,0,0,0,0,0,1
38,45800.0,10.6,MORTGAGE,19800.0,debt_consolidation,36,1391.87,40814.09,0.206,5,2,112,0,0,0,0,0,1
69,67600.0,28.3,MORTGAGE,19700.0,credit_card,60,1228.28,71064.12,0.507,8,1,550,1,0,0,0,0,1
44,78100.0,15.2,OWN,7000.0,debt_consolidation,60,968.56,18126.59,0.411,8,0,108,0,0,0,0,0,1
65,35100.0,13.9,RENT,2100.0,medical,60,629.71,23321.87,0.386,9,0,448,2,1,0,0,0,1
55,42700.0,1.6,OWN,9700.0,major_purchase,36,635.15,34216.46,0.249,14,2,152,0,0,0,0,0,1
21,55700.0,0.4,RENT,10600.0,debt_consolidation,60,1535.58,49795.56,0.594,7,0,18,0,0,0,0,0,1
56,60800.0,21.7,RENT,24000.0,credit_card,36,1987.87,117635.18,0.138,12,1,200,2,0,0,0,0,1
45,27500.0,11.3,RENT,7900.0,credit_card,36,356.33,8247.37,0.457,10,0,171,1,0,0,0,0,1
65,99700.0,16.3,RENT,38600.0,debt_consolidation,36,1333.7,22621.81,0.326,5,1,471,0,0,0,0,0,1
69,67300.0,27.7,OWN,18700.0,major_purchase,36,539.45,9109.18,0.351,15,1,218,0,0,0,1,0,1
63,57700.0,23.0,MORTGAGE,8100.0,debt_consolidation,36,1327.3,57381.2,0.217,13,0,383,0,0,0,0,1,1
54,44700.0,19.1,MORTGAGE,5800.0,credit_card,60,736.31,23648.56,0.456,6,2,363,0,0,0,0,0,1
45,37900.0,8.0,RENT,7900.0,debt_consolidation,36,701.29,30676.32,0.534,6,0,163,0,0,0,0,0,1
36,66800.0,8.6,MORTGAGE,4100.0,small_business,36,1887.18,107405.9,0.266,15,2,93,0,0,0,0,0,1
54,72200.0,4.2,RENT,18000.0,credit_card,36,2291.92,106708.44,0.478,6,1,137,0,0,0,0,0,1
49,195500.0,14.8,RENT,31100.0,small_business,60,5208.37,267921.58,0.098,11,0,205,0,0,0,0,0,1
39,205400.0,5.6,MORTGAGE,14000.0,debt_consolidation,36,1133.63,29562.43,0.071,8,2,141,0,0,0,0,1,1
43,49300.0,5.4,MORTGAGE,11800.0,debt_consolidation,36,1180.94,33047.22,0.158,3,4,99,0,0,0,0,0,1
39,39100.0,3.6,MORTGAGE,12000.0,debt_consolidation,36,869.17,31008.11,0.367,6,0,198,0,0,0,0,0,1
45,33000.0,1.8,MORTGAGE,3000.0,small_business,36,326.92,5282.82,0.485,4,1,180,0,0,0,0,0,1
36,69400.0,2.5,MORTGAGE,20400.0,debt_consolidation,36,480.26,17130.7,0.415,9,0,183,0,0,0,0,0,1
71,33300.0,25.1,RENT,14200.0,debt_consolidation,36,506.64,24557.92,0.075,10,3,354,0,0,0,0,0,1
29,31000.0,5.8,MORTGAGE,6200.0,debt_consolidation,36,561.96,17972.44,0.354,5,0,48,0,0,0,0,0,0
21,44200.0,0.1,MORTGAGE,19600.0,debt_consolidation,60,763.6,33601.24,0.068,6,0,33,0,0,0,0,0,1
62,47300.0,16.5,MORTGAGE,17200.0,small_business,60,698.25,18089.34,0.282,8,1,475,0,0,0,0,1,1
39,44000.0,3.4,RENT,2400.0,debt_consolidation,36,1104.01,42942.9,0.623,6,2,232,0,0,0,0,0,1
53,27200.0,23.2,MORTGAGE,11600.0,credit_card,60,780.14,30086.63,0.301,10,0,138,0,0,0,0,0,1
54,62900.0,21.7,RENT,16000.0,credit_card,60,580.17,20951.28,0.411,4,0,134,0,0,0,0,0,1
36,62300.0,1.4,MORTGAGE,18100.0,debt_consolidation,36,1019.88,45577.62,0.128,7,0,93,0,0,1,0,0,1
64,138100.0,17.9,RENT,40600.0,debt_consolidation,36,6017.35,327989.36,0.214,3,1,254,0,0,0,0,1,1
60,33400.0,12.0,RENT,6900.0,credit_card,36,1165.86,62656.29,0.08,10,1,361,0,0,0,0,0,1
38,88400.0,7.4,OWN,20100.0,debt_consolidation,60,1528.68,25593.94,0.43,9,0,154,0,0,0,0,1,0
54,176600.0,9.9,MORTGAGE,45500.0,debt_consolidation,60,4390.77,76700.58,0.546,10,0,142,0,0,0,0,0,1
45,29700.0,3.4,MORTGAGE,13000.0,debt_consolidation,36,778.24,15562.08,0.449,7,0,134,0,0,0,0,0,1
65,36300.0,11.8,MORTGAGE,5000.0,small_business,60,490.79,27291.61,0.258,11,3,519,0,0,0,0,0,1
26,33100.0,4.2,RENT,13800.0,debt_consolidation,36,403.36,7328.97,0.406,2,3,66,0,0,0,0,0,1
41,84600.0,6.9,RENT,37300.0,major_purchase,60,1892.5,78373.07,0.548,6,1,244,0,0,0,0,0,1
26,82800.0,1.7,MORTGAGE,18200.0,debt_consolidation,36,2152.11,93896.68,0.586,7,1,78,0,0,0,0,0,1
52,111800.0,1.2,MORTGAGE,16600.0,small_business,36,2020.0,84429.81,0.288,12,0,148,0,0,0,0,0,1
61,69100.0,13.7,RENT,16200.0,credit_card,60,1403.01,67358.43,0.396,8,0,358,0,0,0,0,1,1
68,178200.0,18.4,RENT,16200.0,credit_card,60,2927.79,90056.45,0.682,11,0,528,0,0,0,0,0,1
63,89100.0,1.1,MORTGAGE,33700.0,debt_consolidation,36,904.83,42804.89,0.296,10,0,404,0,0,0,0,0,1
59,132200.0,7.4,OWN,23300.0,debt_consolidation,36,2181.67,98621.88,0.429,8,1,427,0,0,0,0,0,1
51,72100.0,17.7,MORTGAGE,12400.0,home_improvement,36,321.79,7157.69,0.291,4,2,318,0,0,0,0,0,1
62,53500.0,9.3,MORTGAGE,17100.0,credit_card,36,1893.98,69977.0,0.396,5,1,345,0,0,0,0,0,1
30,60000.0,2.9,OWN,16500.0,credit_card,60,664.9,34395.82,0.445,8,2,128,0,0,0,0,0,1
50,140700.0,10.3,RENT,40000.0,debt_consolidation,36,1542.22,56903.94,0.264,5,0,273,0,0,0,0,0,1
38,102400.0,6.2,RENT,25000.0,credit_card,36,2591.58,97992.04,0.45,14,1,73,0,0,0,0,0,1
44,99100.0,2.7,RENT,22800.0,credit_card,36,1675.97,98117.23,0.752,8,2,262,0,0,0,0,0,1
29,114200.0,2.0,OWN,20100.0,debt_consolidation,36,1582.6,40970.12,0.532,6,3,84,0,0,0,0,0,1
51,76500.0,29.0,OWN,12500.0,auto,60,270.69,12726.88,0.729,11,0,272,0,0,0,0,0,1
35,300000.0,6.1,RENT,50000.0,small_business,36,3432.12,150015.87,0.81,11,1,81,0,0,0,0,0,1
24,58500.0,1.6,MORTGAGE,12400.0,debt_consolidation,36,674.94,39463.54,0.736,8,1,52,0,0,0,0,0,1
60,70300.0,22.1,RENT,17800.0,credit_card,36,724.16,29393.22,0.313,8,2,267,0,0,0,0,0,1
29,51700.0,4.3,MORTGAGE,10800.0,credit_card,36,1246.36,24686.72,0.282,9,4,100,0,0,0,0,0,1
65,87100.0,2.3,RENT,29700.0,debt_consolidation,36,2393.23,141468.75,0.199,3,3,175,0,0,0,0,0,1
29,25200.0,1.8,OWN,3000.0,debt_consolidation,60,835.36,21626.8,0.148,11,1,114,0,1,0,0,0,1
46,18000.0,11.5,RENT,1300.0,debt_consolidation,60,384.22,10759.24,0.081,17,0,108,0,0,0,0,0,1
24,46400.0,0.9,MORTGAGE,20400.0,debt_consolidation,60,634.03,20783.17,0.493,7,3,45,1,0,0,0,0,1
37,91200.0,4.1,RENT,24100.0,medical,36,496.58,24910.52,0.726,15,0,197,1,0,0,0,0,1
36,116400.0,8.5,RENT,31500.0,credit_card,36,1738.85,26652.26,0.677,8,1,131,0,0,0,0,1,0
35,33100.0,3.4,MORTGAGE,7800.0,debt_consolidation,36,634.68,33617.07,0.257,12,0,78,0,0,0,0,0,1
55,26500.0,9.7,MORTGAGE,1900.0,home_improvement,36,632.16,36881.81,0.177,5,1,415,1,0,0,0,0,1
25,44500.0,1.5,RENT,14300.0,auto,60,670.03,32499.69,0.309,9,1,69,0,0,0,0,0,1
25,44000.0,2.0,MORTGAGE,12200.0,debt_consolidation,36,1313.6,20481.5,0.358,12,0,54,2,0,0,0,1,0
40,74600.0,15.1,MORTGAGE,8000.0,home_improvement,36,1324.1,76833.16,0.034,3,0,133,0,0,0,0,0,1
35,70900.0,5.5,RENT,18400.0,small_business,36,354.56,5446.53,0.265,10,0,171,0,0,0,0,0,1
38,148300.0,4.8,MORTGAGE,21300.0,small_business,36,1143.57,51928.4,0.696,7,0,84,0,0,0,0,0,1
67,52700.0,6.6,MORTGAGE,16100.0,home_improvement,36,1539.84,23169.2,0.583,8,1,291,0,0,0,0,0,0
22,31800.0,0.8,RENT,10100.0,major_purchase,60,728.64,20893.69,0.628,9,0,42,0,0,0,0,0,1
49,78300.0,5.4,MORTGAGE,13200.0,debt_consolidation,36,1067.95,52052.0,0.741,9,2,317,0,0,0,0,0,1
33,38900.0,2.6,MORTGAGE,3400.0,debt_consolidation,60,746.79,42815.86,0.13,6,1,139,0,0,0,0,0,1
24,39200.0,2.5,MORTGAGE,14500.0,debt_consolidation,36,1027.02,16611.31,0.2,8,3,28,0,0,0,0,0,0
62,168400.0,10.8,RENT,50000.0,debt_consolidation,36,3984.29,207845.71,0.529,6,2,438,1,0,0,0,0,1
65,110400.0,38.6,MORTGAGE,32200.0,debt_consolidation,36,1320.46,47885.45,0.413,4,4,446,0,0,0,0,0,1
30,52300.0,6.8,MORTGAGE,15100.0,small_business,36,1319.48,54446.63,0.476,9,0,130,0,0,0,0,0,1
51,180300.0,5.8,RENT,50000.0,major_purchase,36,4454.74,148640.66,0.1,11,0,168,0,0,0,0,0,1
61,104400.0,23.9,MORTGAGE,14800.0,debt_consolidation,36,2810.2,84642.78,0.61,13,2,375,0,0,0,0,0,1
28,81900.0,2.0,RENT,17400.0,medical,36,1690.06,39267.66,0.745,10,1,78,1,1,0,0,0,0
23,45600.0,0.3,RENT,6300.0,debt_consolidation,60,1043.79,32622.36,0.95,9,5,40,0,0,0,0,0,1
68,21300.0,12.7,MORTGAGE,1700.0,debt_consolidation,36,540.5,29708.92,0.581,11,0,312,2,0,0,0,0,1
66,41300.0,28.8,RENT,17000.0,home_improvement,60,997.43,18858.95,0.608,2,2,440,0,0,0,1,0,1
29,50500.0,1.6,RENT,3500.0,debt_consolidation,36,1123.18,65593.55,0.516,11,2,40,0,0,0,0,0,0
50,34300.0,7.4,RENT,2300.0,debt_consolidation,60,787.87,16991.44,0.439,7,0,211,2,0,0,0,0,1
31,70800.0,3.5,RENT,12700.0,medical,36,1341.96,23011.27,0.441,4,1,113,0,0,0,0,0,1
55,21600.0,16.3,MORTGAGE,3800.0,credit_card,36,364.1,14394.12,0.169,6,2,285,0,2,0,0,0,1
57,137500.0,3.1,MORTGAGE,9100.0,credit_card,60,2465.7,147881.28,0.368,3,0,275,0,0,0,0,0,1
62,51500.0,22.5,RENT,18400.0,auto,60,1114.24,56521.94,0.27,13,1,337,0,0,0,0,0,1
33,99400.0,2.2,MORTGAGE,9600.0,small_business,60,1931.52,65413.02,0.939,10,0,116,0,0,0,0,0,1
56,98700.0,22.9,RENT,8400.0,debt_consolidation,60,3836.19,194795.46,0.394,3,1,336,0,0,1,1,0,1
33,33600.0,6.0,RENT,2900.0,debt_consolidation,36,847.85,44537.1,0.388,8,2,159,0,0,0,0,0,1
32,25400.0,7.5,OWN,7800.0,debt_consolidation,60,543.95,13956.17,0.585,7,1,150,0,0,0,0,0,1
57,46500.0,7.1,MORTGAGE,5500.0,debt_consolidation,36,325.21,5563.6,0.223,7,2,391,0,0,0,1,0,1
30,81400.0,2.5,RENT,22900.0,medical,36,1504.21,84001.99,0.295,10,1,73,0,0,0,0,0,1
29,71300.0,3.6,MORTGAGE,9300.0,major_purchase,36,2504.49,61620.63,0.613,7,1,60,2,0,0,0,0,0
27,125600.0,3.8,RENT,48300.0,debt_consolidation,36,2671.59,99121.29,0.516,4,2,62,0,0,0,0,0,1
22,82100.0,0.6,OWN,10200.0,auto,36,1043.01,26123.24,0.251,6,0,29,1,1,0,0,0,1
43,85500.0,13.8,RENT,19000.0,debt_consolidation,60,1895.93,58852.27,0.229,8,0,203,0,0,0,0,0,1
59,42400.0,5.0,MORTGAGE,11500.0,home_improvement,36,715.36,31303.66,0.18,11,2,326,0,0,0,0,0,1
60,57500.0,10.0,RENT,23100.0,debt_consolidation,36,548.04,21761.18,0.582,10,2,200,0,0,0,0,0,1
59,58400.0,14.4,MORTGAGE,7900.0,debt_consolidation,60,1040.9,59379.06,0.603,8,3,243,0,0,0,0,0,1
41,93000.0,5.1,OWN,27700.0,credit_card,36,2613.59,83638.0,0.176,6,2,239,0,0,0,0,0,1
43,100100.0,0.8,RENT,6300.0,home_improvement,60,3866.63,135274.88,0.65,8,0,161,0,0,0,0,0,1
49,58200.0,5.0,RENT,21000.0,debt_consolidation,36,309.01,4713.4,0.409,9,3,122,0,0,0,0,0,1
34,59300.0,2.7,MORTGAGE,15500.0,major_purchase,36,535.51,14935.72,0.137,9,1,84,0,0,0,0,0,1
46,80300.0,8.7,RENT,34400.0,medical,60,2616.3,124795.81,0.449,7,4,159,0,0,0,0,0,1
71,191600.0,13.8,MORTGAGE,50000.0,debt_consolidation,36,187.97,8884.8,0.333,10,0,202,0,0,0,0,0,1
25,25400.0,1.6,MORTGAGE,5300.0,home_improvement,36,126.83,2909.68,0.317,12,0,70,0,0,0,0,1,0
51,39800.0,5.0,RENT,8600.0,debt_consolidation,36,575.26,34132.6,0.47,6,2,328,0,0,0,0,0,1
45,40700.0,11.2,MORTGAGE,2100.0,debt_consolidation,60,829.15,29272.65,0.683,9,1,194,0,0,0,0,0,1
51,32100.0,3.5,RENT,12400.0,small_business,36,827.96,22087.93,0.218,10,0,166,0,0,0,0,0,1
70,42700.0,25.1,OWN,15900.0,debt_consolidation,36,537.58,25660.7,0.119,9,2,323,0,0,0,1,0,1
40,81400.0,14.8,RENT,22600.0,major_purchase,36,2103.81,88698.38,0.257,9,1,201,0,0,0,0,0,1
64,111300.0,25.5,MORTGAGE,22300.0,debt_consolidation,60,1343.0,47564.79,0.404,4,1,197,0,0,0,0,0,1
37,75100.0,2.1,RENT,27900.0,debt_consolidation,36,1024.76,52574.44,0.456,9,2,81,0,0,0,0,0,1
65,74300.0,14.6,MORTGAGE,21900.0,auto,36,1302.65,55893.23,0.277,13,2,496,0,0,0,0,0,1
22,39900.0,1.1,RENT,5000.0,debt_consolidation,36,739.72,43305.33,0.066,8,1,39,0,0,0,0,0,1
45,18000.0,7.6,RENT,2600.0,home_improvement,36,314.61,16475.11,0.131,6,4,298,0,0,0,0,0,1
33,81300.0,9.9,RENT,23800.0,credit_card,60,3040.57,120630.0,0.676,9,0,99,0,0,0,0,0,1
59,137800.0,11.6,MORTGAGE,44300.0,debt_consolidation,60,2794.31,122901.8,0.442,13,5,242,0,0,0,0,0,1
48,112100.0,14.8,MORTGAGE,10700.0,credit_card,60,839.36,32294.17,0.174,5,0,162,0,0,0,0,0,1
62,62800.0,9.6,RENT,24200.0,debt_consolidation,36,1082.89,38266.25,0.385,9,2,421,1,0,0,0,0,1
26,69000.0,2.6,OWN,17300.0,home_improvement,36,2477.45,111621.99,0.855,9,2,42,0,0,0,0,0,1
23,143200.0,0.7,RENT,18600.0,credit_card,60,4990.96,126286.65,0.429,12,1,41,0,0,0,0,0,1
55,45100.0,8.1,MORTGAGE,12500.0,debt_consolidation,60,1617.63,44986.13,0.519,8,1,392,0,0,0,0,0,1
38,51600.0,10.0,MORTGAGE,20700.0,home_improvement,36,268.13,6529.11,0.517,9,2,184,0,0,0,0,0,1
31,24600.0,0.2,RENT,1800.0,small_business,36,249.64,10354.63,0.36,12,0,77,0,0,0,0,0,0
40,85500.0,0.8,RENT,11800.0,home_improvement,36,1492.54,83235.58,0.425,9,0,241,0,0,0,0,0,1
25,50300.0,0.4,MORTGAGE,13800.0,debt_consolidation,36,782.37,45591.85,0.402,8,0,70,1,1,0,0,0,0
39,56100.0,13.0,RENT,2800.0,home_improvement,60,913.79,21392.56,0.251,8,1,93,0,0,0,0,0,1
42,96300.0,2.9,MORTGAGE,11700.0,credit_card,36,1589.02,39880.64,0.233,9,0,91,0,0,0,0,0,1
39,43800.0,17.2,OWN,6300.0,credit_card,36,562.44,20555.43,0.533,12,1,221,1,0,0,0,0,1
67,87000.0,2.5,RENT,35100.0,credit_card,36,1961.19,82001.39,0.68,10,3,515,2,0,0,0,0,0
36,89500.0,0.6,RENT,23200.0,credit_card,60,351.6,13092.57,0.182,11,3,83,0,0,0,0,0,1
44,54300.0,4.4,RENT,16400.0,small_business,36,1694.18,48087.81,0.491,8,0,218,0,0,0,0,0,1
61,105000.0,11.5,MORTGAGE,5400.0,auto,36,3226.64,151509.2,0.631,10,1,457,0,0,0,0,0,1
24,62500.0,1.9,RENT,12800.0,home_improvement,36,1297.46,29945.85,0.322,6,1,24,0,0,0,0,0,1
35,98100.0,2.6,OWN,22500.0,debt_consolidation,36,3557.83,67800.36,0.211,9,1,140,0,0,0,0,0,1
45,47100.0,16.4,MORTGAGE,18200.0,credit_card,36,1541.23,37696.86,0.452,7,3,144,0,0,0,0,0,1
64,91300.0,24.4,OWN,11700.0,debt_consolidation,60,2938.33,162226.7,0.496,5,2,361,0,0,0,0,0,1
55,54400.0,8.1,RENT,4100.0,debt_consolidation,36,1599.17,38619.97,0.047,8,2,185,0,0,0,0,0,1
34,79600.0,6.8,RENT,30200.0,debt_consolidation,36,3327.23,118731.61,0.163,8,2,89,1,0,0,0,0,1
69,80400.0,11.5,RENT,10800.0,auto,60,690.24,18098.56,0.222,7,1,285,1,0,0,0,0,1
39,53100.0,3.4,MORTGAGE,17300.0,home_improvement,36,1081.58,60970.26,0.023,9,1,189,1,1,2,0,0,1
58,52300.0,18.9,MORTGAGE,4500.0,debt_consolidation,36,172.98,8849.57,0.286,3,0,222,0,0,0,0,0,1
56,58900.0,7.8,OWN,18800.0,credit_card,36,402.04,12862.64,0.266,7,1,394,1,0,0,0,0,1
27,68800.0,3.2,MORTGAGE,15100.0,debt_consolidation,36,2014.17,103658.33,0.573,2,1,75,0,0,0,0,0,1
50,90700.0,9.1,RENT,38200.0,debt_consolidation,60,2061.23,121422.0,0.631,12,1,193,0,0,0,0,0,1
39,75400.0,10.7,RENT,9800.0,credit_card,36,1854.59,77077.59,0.352,7,3,204,0,0,0,0,0,1
69,18000.0,19.0,MORTGAGE,1400.0,credit_card,36,493.26,12251.74,0.259,13,1,532,0,0,0,0,0,1
45,105900.0,12.5,MORTGAGE,27900.0,major_purchase,36,3195.03,98088.47,0.023,6,3,166,0,0,0,0,0,1
36,82600.0,4.4,MORTGAGE,34400.0,debt_consolidation,36,2367.82,91116.56,0.558,6,2,175,0,0,0,0,0,1
67,126500.0,29.4,RENT,16600.0,credit_card,36,5189.96,214734.35,0.11,6,0,212,0,0,0,0,0,1
60,105500.0,6.6,MORTGAGE,40500.0,credit_card,60,3303.42,170958.37,0.205,8,3,463,0,0,0,0,0,1
71,52400.0,24.7,MORTGAGE,9700.0,medical,36,1036.41,37499.13,0.486,7,3,472,0,0,0,0,0,1
28,34800.0,0.5,RENT,3100.0,credit_card,36,744.71,12632.45,0.49,10,0,88,0,0,0,0,0,1
38,178700.0,8.0,RENT,50000.0,debt_consolidation,36,6256.54,112114.0,0.203,11,1,135,0,0,0,0,0,1
48,134000.0,12.8,MORTGAGE,34700.0,debt_consolidation,36,2319.42,129604.92,0.515,3,2,196,0,0,0,0,0,1
36,99800.0,11.9,MORTGAGE,38500.0,debt_consolidation,36,855.39,37055.07,0.735,6,1,169,1,1,0,0,0,1
39,42700.0,8.9,RENT,3900.0,medical,36,339.76,17383.65,0.524,5,0,111,0,0,0,0,0,1
62,32300.0,4.8,MORTGAGE,10000.0,credit_card,60,726.28,33295.46,0.368,5,0,297,0,0,0,0,0,1
37,52100.0,5.7,RENT,15500.0,debt_consolidation,36,1319.79,73377.56,0.321,8,2,177,0,0,0,0,0,1
65,106200.0,8.3,MORTGAGE,47600.0,home_improvement,36,1483.03,23452.98,0.473,8,1,501,0,0,0,0,0,1
33,18000.0,2.0,RENT,3300.0,debt_consolidation,36,462.85,16413.61,0.208,11,3,128,0,0,0,0,0,1
27,44400.0,2.0,RENT,3000.0,credit_card,36,474.83,9988.13,0.087,7,2,43,1,0,0,0,0,0
47,288600.0,0.2,MORTGAGE,50000.0,debt_consolidation,36,3291.78,123361.9,0.47,7,2,198,0,0,0,0,0,1
30,54400.0,7.0,RENT,12800.0,small_business,36,548.12,30489.0,0.515,7,0,44,2,0,0,0,0,0
54,67500.0,13.0,RENT,13300.0,medical,36,1145.71,37835.56,0.662,6,1,391,0,0,0,0,0,1
56,65200.0,4.2,MORTGAGE,19700.0,major_purchase,36,836.42,16773.63,0.487,4,1,373,3,0,0,0,0,0
45,170800.0,4.8,OWN,26700.0,debt_consolidation,60,1907.49,47756.33,0.347,12,2,129,0,1,0,0,0,1
26,55400.0,1.8,MORTGAGE,6800.0,small_business,36,1089.72,41166.08,0.448,8,1,86,0,0,0,0,0,1
44,24600.0,3.7,RENT,5700.0,debt_consolidation,60,140.35,6206.0,0.278,8,0,262,0,0,0,0,0,1
38,116600.0,3.1,RENT,39700.0,medical,60,563.01,8471.86,0.707,8,0,176,0,0,0,0,0,1
43,36800.0,7.3,RENT,15000.0,debt_consolidation,36,673.12,21844.46,0.149,7,0,207,0,0,0,0,0,1
26,29100.0,3.8,RENT,9200.0,debt_consolidation,36,701.34,30936.92,0.823,11,2,64,0,0,0,0,0,1
49,153200.0,16.9,RENT,30800.0,small_business,36,3638.75,161080.66,0.427,11,1,148,0,0,0,1,0,1
45,99600.0,11.8,RENT,34700.0,debt_consolidation,36,1348.21,57340.8,0.033,13,1,167,0,0,0,0,0,1
37,54100.0,1.9,MORTGAGE,6800.0,credit_card,36,1257.89,19848.04,0.297,8,2,191,0,0,0,0,0,0
66,124900.0,9.1,MORTGAGE,43800.0,debt_consolidation,36,3898.21,204872.86,0.582,13,4,233,0,0,0,0,0,1
44,113100.0,10.9,MORTGAGE,27400.0,home_improvement,36,2363.24,115329.0,0.478,15,0,120,0,0,0,0,0,1
31,45500.0,1.8,OWN,7200.0,home_improvement,36,630.08,16254.1,0.335,11,0,102,0,0,0,0,0,1
46,73500.0,10.5,RENT,24000.0,home_improvement,60,2847.64,101183.44,0.323,8,2,270,1,0,0,0,0,1
71,62400.0,17.5,OWN,13500.0,debt_consolidation,36,859.46,49233.55,0.144,8,0,274,0,0,0,0,0,1
54,45900.0,4.8,MORTGAGE,13700.0,small_business,60,887.43,37674.52,0.547,10,0,352,0,0,0,0,0,1
48,67800.0,4.2,RENT,21400.0,credit_card,36,2406.46,116703.65,0.102,12,1,110,0,0,0,0,0,1
23,101000.0,0.4,OWN,20900.0,debt_consolidation,60,2726.35,130337.09,0.318,4,0,57,0,0,0,0,0,1
31,39600.0,0.9,MORTGAGE,17600.0,debt_consolidation,36,275.92,11062.99,0.154,10,2,146,0,0,0,0,0,1
58,104000.0,7.7,RENT,24200.0,major_purchase,60,2354.62,90323.75,0.36,7,3,162,0,0,0,0,0,0
34,23800.0,3.7,RENT,10600.0,debt_consolidation,36,303.53,17263.4,0.652,10,3,73,1,0,0,0,0,1
71,74700.0,1.9,RENT,10800.0,small_business,36,842.68,31580.92,0.764,8,2,378,0,0,0,0,0,1
46,44100.0,8.9,OWN,5200.0,medical,36,1624.3,34041.73,0.206,3,2,148,0,0,0,0,0,1
68,157600.0,12.5,RENT,47600.0,debt_consolidation,36,3673.13,158242.48,0.145,4,1,510,0,0,0,0,0,1
41,27300.0,18.3,OWN,7300.0,small_business,36,358.56,11096.1,0.463,5,0,114,0,0,0,0,0,1
59,58000.0,6.9,RENT,15400.0,debt_consolidation,36,1804.26,30791.9,0.238,4,2,425,0,0,0,0,0,0
50,41900.0,8.9,RENT,18800.0,debt_consolidation,60,468.55,14317.33,0.128,13,0,205,0,0,0,0,0,1
28,48400.0,2.4,RENT,2400.0,credit_card,36,818.49,47871.54,0.329,14,1,108,0,0,0,0,0,1
71,35400.0,30.0,RENT,8200.0,credit_card,36,380.72,17991.59,0.328,10,0,220,0,0,0,0,0,1
40,72800.0,5.7,RENT,12600.0,debt_consolidation,36,2696.11,95213.3,0.087,11,4,195,0,0,0,1,1,0
68,75000.0,10.7,MORTGAGE,16600.0,credit_card,36,1622.86,89532.21,0.205,8,1,231,0,0,0,0,0,1
52,25600.0,18.0,RENT,10900.0,debt_consolidation,60,939.18,31600.74,0.168,7,0,201,0,0,0,0,1,1
42,93200.0,15.6,MORTGAGE,34800.0,debt_consolidation,36,1482.21,70078.68,0.295,7,1,158,0,0,0,0,0,1
27,27700.0,4.9,MORTGAGE,3600.0,credit_card,36,377.01,21594.62,0.135,9,1,93,0,0,0,0,0,1
29,67200.0,0.6,RENT,22300.0,credit_card,36,439.35,7303.42,0.225,10,1,87,0,0,0,0,0,0
65,174400.0,23.7,MORTGAGE,49200.0,debt_consolidation,36,1341.6,72783.72,0.113,6,2,460,0,0,0,0,0,0
21,41200.0,0.1,MORTGAGE,8800.0,home_improvement,36,1206.95,33907.23,0.309,8,2,18,0,0,0,0,0,0
49,56100.0,17.6,MORTGAGE,10500.0,debt_consolidation,36,1449.28,55018.8,0.278,18,2,129,0,0,0,0,1,1
28,42900.0,5.5,RENT,12400.0,credit_card,36,389.7,16567.72,0.324,13,1,83,0,0,0,0,0,1
24,45800.0,1.3,MORTGAGE,10900.0,debt_consolidation,60,363.31,12061.99,0.583,7,1,55,1,2,0,0,0,0
55,78500.0,3.5,MORTGAGE,21200.0,debt_consolidation,60,1244.14,44027.33,0.314,3,1,241,1,0,1,0,0,1
23,160700.0,1.6,RENT,50000.0,major_purchase,36,1778.37,49399.2,0.35,12,2,36,0,0,0,0,0,1
65,64900.0,2.7,RENT,28300.0,credit_card,36,186.53,9411.55,0.539,7,2,345,0,0,1,0,1,0
60,127500.0,3.2,RENT,27300.0,debt_consolidation,60,63.04,1517.22,0.746,6,2,320,2,0,0,0,0,0
27,44400.0,4.2,RENT,9800.0,major_purchase,36,617.7,24764.57,0.073,6,1,80,0,0,0,0,0,1
47,121700.0,2.7,RENT,47000.0,debt_consolidation,36,1162.45,40039.52,0.45,4,0,228,0,0,0,0,0,1
21,165100.0,0.8,RENT,16800.0,debt_consolidation,36,3534.11,145697.44,0.088,11,1,23,0,0,0,0,0,1
47,129300.0,18.0,RENT,47900.0,credit_card,36,1722.68,68405.35,0.791,8,3,241,0,0,0,0,0,0
36,98800.0,3.5,RENT,20400.0,debt_consolidation,36,3056.19,96399.19,0.353,9,2,166,0,0,0,0,0,1
58,93700.0,2.4,RENT,20200.0,major_purchase,60,3707.04,153234.98,0.831,8,0,440,0,0,0,0,0,1
27,43600.0,0.8,MORTGAGE,7400.0,credit_card,36,450.17,13169.74,0.251,14,0,45,0,0,0,0,0,1
64,29400.0,25.3,MORTGAGE,2900.0,debt_consolidation,36,685.79,20805.66,0.166,9,0,318,0,0,0,0,0,1
43,95400.0,19.9,RENT,33200.0,debt_consolidation,36,902.76,34224.95,0.448,5,1,141,0,0,0,0,0,1
61,43000.0,8.2,RENT,17600.0,small_business,60,638.64,21820.09,0.202,7,3,240,0,0,0,0,0,1
31,44900.0,7.2,RENT,11300.0,medical,60,1002.85,51690.6,0.776,3,2,52,0,0,0,0,0,0
62,29200.0,17.5,MORTGAGE,3700.0,major_purchase,36,575.28,26576.66,0.605,9,1,226,2,0,1,0,0,0
53,48200.0,12.0,MORTGAGE,8400.0,debt_consolidation,36,1032.07,19323.43,0.348,12,0,290,3,2,0,0,0,1
70,120300.0,21.5,RENT,10100.0,home_improvement,36,1508.59,24540.24,0.399,5,2,448,0,0,0,0,0,1
56,112000.0,14.7,MORTGAGE,42800.0,debt_consolidation,36,3617.4,131644.11,0.697,10,0,290,0,0,0,0,0,1
57,32000.0,4.3,RENT,8300.0,debt_consolidation,36,232.28,7544.86,0.426,9,1,308,0,0,0,0,0,1
61,38900.0,9.6,RENT,17200.0,credit_card,36,587.76,13191.29,0.659,4,1,229,0,0,0,0,0,1
37,24600.0,0.3,RENT,8800.0,home_improvement,36,237.25,5675.0,0.518,10,1,192,0,0,0,0,0,0
55,80900.0,13.2,RENT,27500.0,debt_consolidation,36,1645.93,31020.75,0.328,11,1,177,0,0,0,0,0,1
68,73400.0,8.0,MORTGAGE,16500.0,credit_card,36,971.97,14860.45,0.231,12,1,508,0,0,0,0,0,1
25,76900.0,3.5,MORTGAGE,14600.0,small_business,60,884.23,38088.53,0.606,3,1,52,0,0,0,0,0,1
68,51900.0,35.0,MORTGAGE,8300.0,debt_consolidation,60,2033.86,46528.61,0.229,7,3,198,0,0,0,0,0,1
52,95000.0,12.1,MORTGAGE,42300.0,debt_consolidation,36,1496.45,88879.65,0.087,3,1,250,0,0,0,0,0,1
23,56400.0,1.5,RENT,8000.0,credit_card,36,1671.95,51264.98,0.38,10,0,52,0,0,0,0,1,0
67,112000.0,5.7,MORTGAGE,12200.0,small_business,60,3221.15,75492.73,0.441,6,3,395,0,0,0,0,0,1
55,36200.0,7.4,MORTGAGE,8600.0,home_improvement,36,576.34,14422.58,0.148,8,0,331,0,0,0,0,0,1
34,106800.0,3.3,RENT,27500.0,home_improvement,36,2080.65,92254.32,0.245,11,2,91,0,0,0,0,0,1
68,84000.0,20.1,MORTGAGE,10200.0,home_improvement,36,1480.9,51235.58,0.56,7,0,534,2,0,0,0,0,1
51,95100.0,10.5,OWN,18100.0,credit_card,60,1092.16,17262.52,0.46,7,0,355,0,0,0,0,0,1
51,55300.0,7.8,MORTGAGE,9200.0,credit_card,36,1292.15,24481.69,0.678,14,1,281,0,0,0,0,0,1
37,173600.0,9.5,MORTGAGE,50000.0,debt_consolidation,36,1760.24,52260.27,0.119,7,2,69,0,0,0,0,0,1
44,44700.0,14.1,RENT,11000.0,credit_card,36,457.0,9596.97,0.146,9,1,257,0,0,0,0,0,0
43,232000.0,18.0,OWN,50000.0,small_business,36,4224.22,69295.98,0.425,6,1,95,0,0,0,0,0,1
38,84600.0,6.4,OWN,7300.0,credit_card,36,1646.71,90764.9,0.381,6,0,209,0,0,0,0,0,1
70,124300.0,4.0,MORTGAGE,21900.0,auto,36,1312.62,57126.04,0.272,5,2,349,1,2,0,0,0,1
34,147300.0,4.0,RENT,24900.0,debt_consolidation,36,1454.24,46492.47,0.705,9,0,128,0,0,0,0,0,1
70,101600.0,22.9,OWN,23700.0,debt_consolidation,60,2251.2,133999.36,0.295,14,1,374,0,0,0,0,0,1
35,185700.0,5.1,RENT,39200.0,debt_consolidation,60,6804.19,406994.86,0.677,16,0,155,0,0,0,0,0,1
35,111400.0,1.6,MORTGAGE,17200.0,debt_consolidation,60,3427.39,160796.75,0.158,6,4,170,0,0,0,0,0,1
26,99100.0,2.7,MORTGAGE,37400.0,home_improvement,36,1417.0,55398.52,0.33,8,0,60,0,0,0,0,0,1
47,85700.0,7.0,MORTGAGE,35400.0,small_business,36,1482.53,62954.96,0.626,6,2,213,0,0,0,0,0,1
35,81700.0,6.0,MORTGAGE,29400.0,debt_consolidation,36,938.67,39602.43,0.38,7,1,170,1,0,1,0,0,0
70,122500.0,5.7,MORTGAGE,40500.0,medical,36,4275.99,114593.18,0.308,10,2,291,0,0,0,0,0,1
56,41800.0,2.5,MORTGAGE,11900.0,major_purchase,36,799.39,32101.49,0.376,7,2,167,0,0,0,0,0,1
28,60900.0,1.0,MORTGAGE,11200.0,major_purchase,60,1314.66,26178.2,0.373,8,0,93,1,0,1,0,1,0
35,87600.0,3.4,MORTGAGE,36600.0,debt_consolidation,60,1291.8,23584.58,0.2,8,0,178,1,0,0,0,0,1
23,44400.0,1.3,RENT,13700.0,credit_card,36,239.09,6761.21,0.503,10,0,44,0,0,0,0,0,1
67,112500.0,34.1,MORTGAGE,45700.0,debt_consolidation,36,1878.7,51439.69,0.242,6,3,185,0,0,0,0,0,1
33,58900.0,1.4,RENT,13600.0,debt_consolidation,36,492.26,24830.18,0.5,5,0,85,0,0,0,0,0,1
61,32800.0,22.6,OWN,7000.0,debt_consolidation,36,768.81,13829.59,0.452,8,1,183,0,0,0,0,0,1
54,47400.0,16.2,OWN,3800.0,major_purchase,36,664.42,11246.5,0.277,8,0,256,0,0,0,0,0,1
44,112300.0,8.8,RENT,20800.0,credit_card,60,645.02,22032.4,0.117,7,0,281,0,0,0,0,1,1
60,37300.0,5.5,MORTGAGE,7600.0,debt_consolidation,36,526.25,24641.96,0.202,6,1,283,1,1,0,0,0,1
52,39000.0,13.8,RENT,9700.0,major_purchase,60,379.07,22222.5,0.166,11,2,137,0,0,1,0,0,1
52,88000.0,0.5,RENT,21100.0,debt_consolidation,36,750.36,21216.69,0.248,9,1,230,0,0,0,0,0,1
50,32100.0,17.8,MORTGAGE,13400.0,medical,36,688.16,11662.0,0.234,7,1,299,3,0,0,0,0,1
69,90400.0,23.7,RENT,22900.0,debt_consolidation,36,2412.75,125510.19,0.539,8,1,491,0,0,0,0,0,1
33,21300.0,3.3,RENT,8300.0,home_improvement,36,739.86,32195.44,0.774,9,2,88,0,0,0,0,0,0
21,85900.0,0.4,MORTGAGE,8700.0,credit_card,36,2849.79,150463.68,0.378,6,0,13,0,0,0,0,1,1
54,62900.0,6.1,RENT,17500.0,home_improvement,60,937.27,16513.21,0.762,11,0,171,0,0,0,0,0,1
35,162600.0,3.0,MORTGAGE,43100.0,credit_card,60,6324.46,153430.34,0.321,7,1,132,0,0,0,0,0,1
64,22600.0,22.1,RENT,2500.0,debt_consolidation,36,236.91,13183.07,0.722,10,2,181,0,0,0,0,0,1
34,46400.0,7.8,MORTGAGE,6900.0,debt_consolidation,36,1436.26,76534.19,0.612,5,1,172,0,0,0,0,0,1
49,88000.0,2.6,MORTGAGE,22000.0,medical,36,1628.96,57452.8,0.38,8,1,263,0,0,0,0,0,1
54,64400.0,7.3,MORTGAGE,16600.0,debt_consolidation,36,996.08,53825.91,0.287,6,0,365,0,0,0,0,0,1
38,50300.0,5.4,RENT,20600.0,small_business,36,1476.41,70765.47,0.84,11,1,194,0,0,0,0,0,1
27,25000.0,3.2,RENT,2900.0,home_improvement,36,111.49,5741.06,0.205,9,1,57,0,0,0,0,0,1
49,83400.0,5.9,OWN,14300.0,credit_card,60,982.3,25238.34,0.173,13,2,195,0,0,0,0,0,1
51,229900.0,14.5,MORTGAGE,33600.0,auto,36,7787.68,210980.89,0.255,6,2,349,0,0,0,0,0,1
45,44100.0,18.0,RENT,16000.0,credit_card,36,1418.12,70507.75,0.457,10,1,140,0,0,0,0,0,1
58,69000.0,3.6,MORTGAGE,9400.0,home_improvement,60,1119.48,59862.9,0.24,13,1,453,0,0,0,0,0,1
34,80300.0,7.2,RENT,32900.0,small_business,36,320.94,16157.97,0.621,9,1,158,2,0,0,0,0,1
28,53100.0,0.8,MORTGAGE,22400.0,debt_consolidation,60,553.43,13135.08,0.108,10,1,98,0,0,0,0,0,1
47,64600.0,13.2,RENT,6100.0,auto,60,1281.78,72379.43,0.307,3,0,265,0,0,0,0,0,1
22,37400.0,0.3,RENT,5100.0,debt_consolidation,60,1237.04,72879.05,0.1,10,0,44,0,0,0,0,0,1
37,30900.0,8.3,RENT,6300.0,home_improvement,36,684.28,11991.94,0.56,9,0,152,0,0,0,0,0,1
57,151300.0,6.7,RENT,50000.0,medical,60,2334.74,128465.96,0.73,7,1,257,3,0,0,0,0,1
34,61800.0,2.4,RENT,6100.0,home_improvement,36,1783.36,87750.95,0.251,10,1,124,0,0,0,0,0,1
45,89500.0,8.5,MORTGAGE,16800.0,debt_consolidation,60,2439.68,57745.21,0.227,15,1,262,1,0,1,0,0,1
50,84200.0,4.4,OWN,27800.0,debt_consolidation,36,1066.37,25990.18,0.493,9,0,198,0,0,0,0,0,1
49,39200.0,1.8,MORTGAGE,13300.0,debt_consolidation,36,1320.15,34338.62,0.316,6,2,283,0,0,0,0,0,1
40,32300.0,1.8,RENT,6200.0,credit_card,60,649.98,11020.26,0.116,10,0,249,0,0,0,0,0,1
41,47100.0,1.7,MORTGAGE,20500.0,credit_card,36,1309.38,38032.08,0.41,7,1,169,0,2,0,0,0,1
42,74800.0,13.1,MORTGAGE,14300.0,home_improvement,36,2111.47,108666.32,0.032,7,0,143,0,0,0,0,0,1
55,42000.0,12.0,RENT,12400.0,small_business,60,1170.26,28797.71,0.142,6,1,166,0,0,0,0,0,1
57,51200.0,22.9,RENT,15200.0,debt_consolidation,60,1305.25,33298.3,0.738,4,2,346,0,0,0,0,0,1
36,21900.0,2.5,MORTGAGE,8100.0,debt_consolidation,36,646.49,30827.94,0.447,8,1,114,0,0,0,0,0,1
70,64800.0,9.3,MORTGAGE,12500.0,debt_consolidation,36,1454.71,69739.56,0.714,7,0,318,0,0,0,0,0,1
69,69000.0,34.3,OWN,14800.0,debt_consolidation,36,1953.57,64612.53,0.445,9,4,336,2,1,0,0,0,1
63,66000.0,4.2,MORTGAGE,14300.0,debt_consolidation,60,2573.02,135894.07,0.807,11,0,267,0,0,0,0,0,1
37,38000.0,5.0,MORTGAGE,2800.0,debt_consolidation,60,477.79,15030.34,0.689,3,0,142,1,0,0,0,0,1
36,38500.0,8.3,MORTGAGE,13200.0,credit_card,36,451.83,11324.23,0.174,3,2,151,0,0,0,0,0,1
22,36300.0,1.2,MORTGAGE,13000.0,debt_consolidation,36,1095.42,28301.04,0.282,7,0,30,2,0,0,0,0,1
24,52400.0,0.4,RENT,19800.0,debt_consolidation,36,1537.33,40616.94,0.063,7,1,41,0,0,0,0,0,1
41,44700.0,9.3,MORTGAGE,15000.0,credit_card,36,842.84,19147.43,0.228,14,0,242,0,0,0,0,0,1
59,143800.0,5.5,MORTGAGE,41300.0,small_business,36,2974.29,59588.51,0.542,9,2,447,0,1,0,0,1,0
54,178600.0,29.5,MORTGAGE,49200.0,home_improvement,36,6420.25,138521.07,0.383,9,1,339,0,0,0,0,0,1
50,108800.0,4.7,MORTGAGE,33500.0,debt_consolidation,36,953.12,24112.45,0.444,9,4,349,0,0,0,0,0,1
26,69900.0,1.8,RENT,3700.0,debt_consolidation,36,1247.81,61860.61,0.31,4,3,37,0,0,0,0,0,1
37,55600.0,2.6,RENT,12700.0,debt_consolidation,60,1159.52,24642.85,0.465,9,3,97,1,0,0,0,1,1
59,41700.0,22.6,RENT,2700.0,debt_consolidation,60,773.07,27144.57,0.301,7,1,344,2,0,0,0,0,1
45,68600.0,15.6,OWN,16800.0,major_purchase,36,1230.05,26518.35,0.511,5,2,266,2,0,1,0,0,0
25,60500.0,2.6,MORTGAGE,6600.0,small_business,36,1125.03,37806.54,0.666,10,1,56,0,0,0,1,0,0
25,37500.0,0.6,MORTGAGE,2000.0,debt_consolidation,60,720.9,15722.21,0.928,7,1,54,0,0,0,0,0,0
40,42800.0,10.4,MORTGAGE,14600.0,major_purchase,36,1372.33,40262.74,0.306,9,0,106,0,0,1,0,0,1
36,22700.0,1.2,MORTGAGE,7500.0,credit_card,36,415.26,8147.55,0.489,15,2,164,0,0,0,0,0,1
71,37800.0,2.5,MORTGAGE,7700.0,small_business,60,516.9,25810.98,0.126,8,1,498,0,0,0,0,0,1
61,82400.0,12.4,MORTGAGE,6300.0,credit_card,36,1968.59,33785.36,0.523,7,2,475,0,0,0,0,0,1
57,116800.0,16.5,MORTGAGE,50000.0,debt_consolidation,36,1277.4,71193.03,0.356,9,1,364,0,0,0,0,0,1
60,88400.0,28.3,MORTGAGE,9800.0,debt_consolidation,36,1284.69,63132.56,0.521,7,1,373,0,0,0,0,0,1
29,50200.0,0.3,RENT,12300.0,credit_card,36,687.29,26941.57,0.302,6,0,121,1,0,0,0,0,0
25,26500.0,0.4,MORTGAGE,4200.0,home_improvement,36,249.67,6537.82,0.214,10,0,31,0,0,0,0,0,1
62,34300.0,7.9,MORTGAGE,3500.0,small_business,36,586.28,11196.79,0.34,6,2,257,0,0,0,0,0,1
22,84400.0,0.5,MORTGAGE,21500.0,home_improvement,36,2049.72,105821.37,0.533,13,0,19,0,0,0,0,0,1
29,82800.0,6.8,RENT,10600.0,credit_card,36,717.86,29584.45,0.609,8,2,66,0,0,0,0,0,1
63,46300.0,14.4,RENT,9000.0,credit_card,36,1103.98,37983.72,0.263,7,2,386,0,1,0,0,0,1
56,52900.0,13.9,RENT,15500.0,debt_consolidation,36,941.43,35143.12,0.161,10,4,266,0,0,0,0,1,1
42,190800.0,12.6,MORTGAGE,39100.0,auto,60,3042.34,102230.87,0.554,8,0,262,0,0,0,0,0,1
42,25100.0,11.9,MORTGAGE,6500.0,debt_consolidation,60,323.54,11455.24,0.138,3,1,91,1,0,0,0,0,1
42,66500.0,8.5,RENT,9500.0,home_improvement,60,1130.6,26361.15,0.289,13,1,111,0,0,0,0,0,1
54,33900.0,15.7,RENT,11100.0,debt_consolidation,36,1243.81,56485.82,0.574,9,1,143,0,0,0,0,0,1
49,35100.0,13.1,MORTGAGE,10700.0,debt_consolidation,36,927.56,24944.94,1.023,10,1,315,1,0,0,0,0,0
58,83200.0,0.0,RENT,27200.0,home_improvement,60,868.76,25603.9,0.111,14,0,366,0,0,0,0,0,1
66,168300.0,16.9,OWN,31300.0,home_improvement,60,3009.11,111457.81,0.256,11,0,272,0,0,0,0,0,1
53,92900.0,14.8,MORTGAGE,39600.0,debt_consolidation,60,2963.39,175887.04,0.043,4,1,264,0,0,0,0,0,1
38,156300.0,10.2,OWN,46800.0,home_improvement,36,4365.46,153707.5,0.469,11,3,130,0,0,0,0,0,1
27,22900.0,3.6,MORTGAGE,2300.0,debt_consolidation,36,826.41,18726.77,0.484,8,1,85,1,0,0,0,0,1
21,86700.0,0.2,RENT,38200.0,auto,36,1965.18,87960.44,0.849,2,1,25,0,0,0,0,0,0
53,108900.0,6.2,RENT,30200.0,credit_card,36,3863.55,93901.48,0.155,6,2,222,0,0,0,0,0,1
21,57800.0,0.1,OWN,19000.0,debt_consolidation,36,1424.38,78206.77,0.53,10,1,22,0,0,0,0,0,1
44,104500.0,2.1,RENT,20800.0,debt_consolidation,36,1251.75,59701.28,0.855,8,1,188,0,0,0,0,0,1
24,273300.0,1.8,MORTGAGE,50000.0,debt_consolidation,36,3206.82,57083.02,0.155,7,0,28,0,0,0,0,0,1
24,71900.0,1.0,MORTGAGE,24700.0,debt_consolidation,60,566.56,15557.92,0.089,8,1,55,0,0,0,0,0,1
38,53300.0,11.0,OWN,21100.0,credit_card,36,301.45,8596.1,0.642,5,1,149,0,0,0,0,0,1
47,123600.0,2.6,RENT,50000.0,debt_consolidation,60,3232.97,174593.92,0.115,6,1,308,0,0,0,0,0,1
63,121700.0,8.3,MORTGAGE,50000.0,debt_consolidation,36,1408.35,73336.04,0.313,15,1,190,0,0,0,0,0,1
52,57000.0,6.0,RENT,16400.0,debt_consolidation,36,1568.16,84466.88,0.32,9,1,348,1,0,0,0,0,1
53,48800.0,10.3,MORTGAGE,4100.0,credit_card,36,1023.06,61287.46,0.358,5,2,399,0,0,0,0,0,1
48,121600.0,19.1,RENT,34200.0,credit_card,60,2452.22,98900.17,0.522,7,1,320,0,0,0,0,0,1
62,52000.0,23.5,RENT,6900.0,credit_card,36,385.56,6902.67,0.094,10,1,412,0,1,0,0,0,1
61,64200.0,4.7,MORTGAGE,19900.0,medical,60,707.49,27400.07,0.424,7,1,336,1,0,0,0,0,1
56,78200.0,24.2,RENT,14400.0,debt_consolidation,60,633.9,24214.6,0.674,4,2,173,0,0,0,0,0,1
26,59700.0,1.3,MORTGAGE,15500.0,debt_consolidation,36,697.68,25539.17,0.82,8,1,38,0,0,0,0,0,1
36,66900.0,7.1,RENT,21000.0,auto,36,1022.02,15829.42,0.087,14,3,88,0,0,0,0,0,1
54,42000.0,11.2,MORTGAGE,17400.0,debt_consolidation,36,609.66,13018.39,0.137,5,1,222,0,0,0,0,0,1
43,90200.0,1.8,RENT,33100.0,small_business,36,1754.81,42398.32,0.218,8,1,126,0,0,0,0,0,1
70,53000.0,15.4,MORTGAGE,3100.0,debt_consolidation,60,954.52,51899.58,0.486,8,1,336,0,0,0,0,0,1
62,153800.0,27.2,RENT,17100.0,credit_card,60,1762.32,36187.81,0.217,9,5,281,0,0,0,0,0,1
44,70600.0,12.5,MORTGAGE,28100.0,credit_card,60,1117.71,38811.15,0.562,12,2,127,0,0,0,0,0,1
69,116600.0,31.5,RENT,40500.0,small_business,60,3518.25,147513.04,0.368,8,1,450,0,0,0,0,0,1
33,93500.0,3.5,MORTGAGE,10200.0,home_improvement,60,2471.98,64377.72,0.143,6,5,116,0,0,0,0,0,0
38,122600.0,13.8,OWN,35000.0,debt_consolidation,60,1828.0,50208.18,0.242,8,0,200,0,0,0,0,0,1
33,51700.0,2.4,RENT,14700.0,credit_card,60,1324.02,63800.71,0.904,14,1,115,0,0,0,0,0,0
69,34500.0,15.4,RENT,12400.0,debt_consolidation,36,199.35,10224.51,0.26,10,1,429,0,0,0,0,0,1
57,40400.0,6.2,RENT,15200.0,debt_consolidation,36,208.74,9759.36,0.258,7,0,233,1,0,0,0,0,1
63,38800.0,4.4,MORTGAGE,12400.0,debt_consolidation,36,909.98,52626.8,0.756,14,2,275,0,0,0,0,0,1
59,42200.0,16.8,RENT,14100.0,debt_consolidation,60,484.31,13484.76,0.619,9,0,323,2,0,0,0,0,1
62,34700.0,17.9,OWN,11000.0,home_improvement,36,792.63,47548.49,0.46,15,1,253,0,0,0,0,0,1
37,62100.0,5.3,RENT,6900.0,auto,36,1879.64,33298.65,0.896,9,1,208,2,0,1,0,0,0
35,99800.0,10.1,MORTGAGE,32300.0,home_improvement,36,1454.73,39703.19,0.123,8,1,83,0,0,0,1,0,1
38,32500.0,5.8,MORTGAGE,7700.0,home_improvement,36,701.58,26756.47,0.481,7,1,97,1,0,1,0,0,1
43,45700.0,3.4,RENT,20200.0,home_improvement,60,977.87,29946.6,0.451,8,1,272,0,0,0,0,0,1
71,116100.0,32.1,MORTGAGE,38700.0,major_purchase,60,1565.67,33243.45,0.243,15,0,263,0,0,0,0,0,1
50,28300.0,19.8,MORTGAGE,5700.0,debt_consolidation,36,792.81,39658.13,0.434,9,0,339,0,0,0,0,0,1
54,66100.0,12.6,MORTGAGE,27400.0,credit_card,60,1159.34,31060.66,0.307,6,0,143,0,0,0,0,0,1
24,91500.0,2.5,MORTGAGE,13000.0,debt_consolidation,36,455.36,19871.95,0.828,8,1,32,0,0,0,0,0,1
23,208400.0,1.8,MORTGAGE,49400.0,credit_card,60,5101.49,238131.91,0.514,11,1,27,0,0,0,0,0,1
27,18100.0,0.7,MORTGAGE,1400.0,debt_consolidation,60,338.75,7035.73,0.628,12,2,77,0,0,0,0,0,1
38,32100.0,13.1,RENT,9700.0,debt_consolidation,36,432.32,7495.15,0.213,9,1,163,0,0,0,0,0,1
62,77700.0,13.9,RENT,21200.0,debt_consolidation,60,398.09,23425.62,0.33,5,2,364,0,0,0,0,0,1
27,53900.0,2.9,RENT,13600.0,auto,60,959.2,48300.8,0.713,7,1,101,0,0,0,0,0,1
60,18000.0,31.5,RENT,2400.0,debt_consolidation,36,173.18,5561.4,0.173,13,0,385,1,0,0,0,0,1
26,51800.0,3.6,MORTGAGE,12800.0,home_improvement,36,878.8,41808.16,0.283,10,2,68,0,0,0,0,0,1
42,40200.0,5.0,MORTGAGE,9400.0,major_purchase,36,1051.53,50973.6,0.12,10,2,223,3,0,0,0,0,1
21,26700.0,0.3,MORTGAGE,1600.0,debt_consolidation,36,847.48,42615.53,0.229,4,0,26,0,0,0,0,0,1
24,53700.0,1.5,MORTGAGE,6200.0,home_improvement,36,1132.19,58428.38,0.578,9,0,23,0,0,0,0,0,1
66,31900.0,14.2,RENT,13100.0,debt_consolidation,60,974.86,35009.81,0.512,8,1,393,0,0,0,0,0,1
69,41100.0,11.7,RENT,15000.0,credit_card,60,455.78,13976.52,0.432,16,1,331,0,0,0,0,0,1
70,135200.0,10.0,MORTGAGE,13200.0,medical,36,3318.4,106273.64,0.41,11,0,550,0,0,0,0,0,1
63,184500.0,10.4,RENT,50000.0,debt_consolidation,36,2229.69,79437.39,0.468,8,2,297,0,0,0,0,0,1
49,40300.0,4.4,MORTGAGE,9500.0,debt_consolidation,60,972.04,28192.14,0.355,6,0,165,0,0,0,0,0,1
41,70500.0,9.5,RENT,24700.0,debt_consolidation,36,947.24,22592.63,0.337,12,0,226,0,0,0,0,0,1
46,93200.0,6.4,MORTGAGE,24900.0,credit_card,60,977.57,47911.03,0.509,5,0,144,0,0,0,0,0,1
34,41600.0,5.1,OWN,14800.0,home_improvement,36,886.42,48497.1,0.572,5,1,61,0,0,0,0,0,1
29,38800.0,6.5,MORTGAGE,12200.0,auto,36,763.97,41576.42,0.362,5,3,97,0,0,0,0,0,1
67,93900.0,7.1,RENT,7100.0,debt_consolidation,36,981.22,27928.85,0.414,6,0,446,0,0,0,0,0,1
32,58300.0,3.6,RENT,24200.0,debt_consolidation,60,1416.66,29476.18,0.519,3,1,126,0,0,0,0,0,1
62,58800.0,16.9,RENT,21000.0,debt_consolidation,36,530.7,19049.61,0.175,7,0,197,0,0,0,0,0,1
71,34800.0,13.2,MORTGAGE,4800.0,medical,36,249.66,6228.82,0.296,5,0,321,0,0,0,0,0,1
71,37700.0,18.3,RENT,5300.0,debt_consolidation,60,380.99,13586.61,0.391,6,2,232,0,0,0,0,0,1
26,68500.0,0.4,RENT,22200.0,debt_consolidation,36,1049.86,43058.58,0.307,4,1,84,1,2,0,0,0,1
40,52100.0,2.7,MORTGAGE,17200.0,home_improvement,36,1596.95,83100.58,0.11,9,2,112,0,0,0,0,0,1
44,69600.0,1.1,RENT,5900.0,debt_consolidation,36,1820.27,92239.72,0.489,6,3,239,0,0,0,0,0,1
47,111000.0,4.3,MORTGAGE,45700.0,debt_consolidation,36,1473.52,23267.98,0.353,7,0,324,0,0,0,0,0,1
58,71800.0,14.6,RENT,25000.0,debt_consolidation,36,2100.7,38838.77,0.176,6,0,259,0,0,0,0,0,1
28,46300.0,3.1,RENT,20500.0,auto,60,1125.2,66104.64,0.212,4,2,55,2,0,0,0,0,0
21,108900.0,0.1,MORTGAGE,24300.0,debt_consolidation,60,3699.02,108034.32,0.636,7,5,19,0,0,0,0,0,1
69,65000.0,15.8,RENT,5500.0,debt_consolidation,36,944.55,51585.05,0.304,9,0,471,0,0,0,0,0,1
69,136100.0,10.5,MORTGAGE,50000.0,credit_card,36,1786.5,43181.69,0.041,10,0,293,0,0,0,0,0,1
44,44700.0,15.7,RENT,16800.0,debt_consolidation,60,742.86,39714.4,0.368,8,1,291,0,0,0,0,0,1
67,62100.0,18.1,RENT,3100.0,credit_card,36,1556.09,27852.57,0.299,5,0,464,0,0,0,0,0,1
27,54900.0,0.9,RENT,14400.0,credit_card,60,809.64,17738.8,0.049,11,3,56,0,0,0,0,0,1
39,70100.0,1.0,RENT,3700.0,debt_consolidation,36,1312.98,67593.18,0.254,11,1,214,0,1,0,0,0,0
42,75100.0,9.1,MORTGAGE,14300.0,credit_card,36,1987.28,108339.81,0.139,11,1,130,0,0,0,0,0,1
55,65900.0,4.8,RENT,26200.0,auto,36,981.23,36735.55,0.186,10,1,200,0,0,0,0,0,1
50,103100.0,1.6,RENT,32900.0,small_business,36,2615.68,61932.8,0.154,4,1,341,0,0,0,0,0,1
49,82800.0,8.4,RENT,32300.0,auto,36,1894.55,89497.75,0.359,9,2,292,1,0,0,0,0,1
42,253800.0,4.5,RENT,50000.0,medical,60,7013.83,142154.2,0.771,6,1,209,0,1,0,0,0,0
31,277200.0,1.5,RENT,50000.0,small_business,36,5806.04,261293.08,0.493,8,1,61,0,0,0,0,0,1
40,44900.0,6.9,MORTGAGE,11000.0,debt_consolidation,36,1441.5,62506.88,0.197,7,0,199,0,0,0,1,0,1
49,49500.0,3.0,MORTGAGE,12400.0,home_improvement,36,711.13,25716.84,0.148,6,0,278,0,0,1,0,0,1
71,32600.0,9.0,RENT,9400.0,debt_consolidation,36,1209.21,51807.0,0.134,10,0,377,2,1,1,0,0,0
61,160700.0,31.9,RENT,17100.0,debt_consolidation,36,2426.77,109627.02,0.264,12,1,190,0,0,0,0,0,1
62,51900.0,16.6,MORTGAGE,16000.0,major_purchase,36,957.96,38893.5,0.199,11,1,415,1,1,0,0,0,1
54,76000.0,1.7,RENT,29800.0,debt_consolidation,36,1511.97,28760.43,0.131,9,1,209,0,0,0,0,0,1
21,34100.0,0.4,RENT,3900.0,debt_consolidation,36,813.47,14706.42,0.254,7,3,12,0,0,0,0,0,1
51,70700.0,3.1,MORTGAGE,14200.0,medical,36,1749.88,103926.27,0.177,10,1,159,0,0,0,0,0,1
50,25000.0,15.7,MORTGAGE,10500.0,home_improvement,36,542.82,28147.8,0.121,7,2,230,0,0,0,0,0,1
68,127600.0,12.7,RENT,22300.0,debt_consolidation,60,1295.19,41653.27,0.836,9,0,492,0,0,0,0,0,1
38,181400.0,2.5,MORTGAGE,50000.0,debt_consolidation,60,2851.79,140644.75,0.074,9,2,159,0,0,0,0,0,1
37,97200.0,8.4,MORTGAGE,29800.0,credit_card,36,1443.52,21654.5,0.148,8,1,75,0,0,0,0,0,1
58,39300.0,11.0,MORTGAGE,15200.0,small_business,36,1434.62,53633.39,0.168,5,1,168,0,0,0,0,0,1
34,89800.0,1.5,MORTGAGE,9600.0,small_business,36,2369.07,35604.57,0.181,7,1,87,2,0,0,0,0,0
43,73800.0,15.0,MORTGAGE,26900.0,debt_consolidation,36,2283.17,81369.89,0.184,11,1,253,0,0,0,0,0,0
45,142100.0,3.7,RENT,8800.0,debt_consolidation,36,2696.89,129875.05,0.347,7,1,106,0,0,0,0,0,1
35,105400.0,9.7,RENT,21900.0,home_improvement,36,1564.28,61437.21,0.101,11,2,62,0,0,0,0,0,1
66,36700.0,6.6,RENT,5900.0,medical,36,729.52,21281.6,0.476,9,1,494,2,0,1,0,0,1
42,125400.0,14.8,MORTGAGE,38400.0,debt_consolidation,36,2043.62,102494.63,0.256,10,1,254,0,0,0,0,0,1
23,63300.0,1.7,MORTGAGE,22500.0,debt_consolidation,36,1172.58,57502.9,0.108,8,3,36,0,0,0,0,0,1
39,136500.0,3.7,MORTGAGE,25700.0,credit_card,36,3040.88,156541.27,0.412,7,3,220,0,0,0,0,0,1
64,28000.0,3.1,OWN,10800.0,debt_consolidation,36,228.88,9556.31,0.433,11,4,253,0,0,0,0,0,0
54,88400.0,1.3,MORTGAGE,23900.0,credit_card,36,965.87,46435.53,0.399,10,4,184,0,0,0,0,0,0
55,56300.0,5.6,MORTGAGE,19800.0,debt_consolidation,60,1891.47,98523.41,0.463,16,1,245,0,0,0,1,0,0
70,69700.0,1.7,MORTGAGE,23700.0,credit_card,60,990.42,32946.36,0.382,7,2,381,0,0,0,0,0,1
21,45600.0,0.3,RENT,4800.0,credit_card,36,936.39,34456.37,0.031,6,1,17,0,0,0,0,0,1
41,87200.0,12.8,OWN,29900.0,debt_consolidation,60,2864.89,123789.0,0.199,9,0,159,1,0,0,0,0,1
49,39500.0,1.2,MORTGAGE,15000.0,small_business,36,1665.67,61435.77,0.672,13,1,259,1,1,0,0,0,1
26,28000.0,1.4,RENT,1800.0,debt_consolidation,36,619.54,12377.53,0.455,6,1,51,0,0,0,0,0,1
57,43800.0,7.8,RENT,5000.0,debt_consolidation,36,701.37,41913.2,0.5,6,3,362,0,0,0,0,0,0
21,44100.0,0.3,MORTGAGE,11400.0,credit_card,60,694.63,38168.55,0.481,14,0,15,0,0,0,0,0,1
71,55700.0,8.7,RENT,4100.0,medical,36,837.13,43494.81,0.35,12,0,246,0,0,0,0,0,0
21,97900.0,0.3,RENT,19200.0,major_purchase,36,999.37,55741.81,0.18,8,1,32,0,0,0,0,0,1
47,39600.0,3.5,MORTGAGE,15300.0,debt_consolidation,36,814.77,21363.62,0.074,4,0,284,0,0,0,0,0,1
41,102200.0,16.8,MORTGAGE,9200.0,debt_consolidation,36,998.81,50458.81,0.516,4,0,177,0,1,1,0,0,1
36,91000.0,3.9,RENT,9600.0,credit_card,36,1088.53,29601.25,0.307,14,1,199,0,0,0,0,0,1
64,115200.0,24.9,MORTGAGE,11300.0,credit_card,36,1971.79,108195.82,0.48,8,1,507,0,0,0,0,0,1
60,54000.0,8.7,MORTGAGE,14500.0,medical,36,1594.5,35633.63,0.713,11,1,338,0,0,0,0,0,1
46,156000.0,3.4,MORTGAGE,26800.0,credit_card,36,1277.21,72923.12,0.629,11,0,114,1,0,0,0,0,1
36,56200.0,13.3,MORTGAGE,21200.0,small_business,60,1668.68,59055.04,0.088,8,1,103,0,0,0,0,0,1
48,108400.0,7.8,MORTGAGE,30700.0,home_improvement,36,4335.46,127440.69,0.705,13,2,301,0,0,0,0,0,0
21,166100.0,0.5,RENT,50000.0,debt_consolidation,36,4425.16,248675.88,0.121,11,3,15,0,0,0,0,0,0
56,128400.0,19.2,RENT,22200.0,major_purchase,36,1418.12,73312.91,0.323,10,1,146,1,0,1,0,1,1
30,62100.0,2.6,MORTGAGE,15300.0,debt_consolidation,36,2037.89,96066.39,0.678,2,1,83,0,0,0,0,0,1
63,35900.0,3.4,RENT,7100.0,debt_consolidation,36,415.44,15463.31,0.663,7,0,358,0,0,0,0,0,1
37,39100.0,5.4,MORTGAGE,9700.0,small_business,60,449.64,13246.98,0.171,5,1,86,0,0,0,0,0,1
43,38400.0,6.3,RENT,12500.0,auto,36,378.63,8296.82,0.108,7,1,179,2,0,0,0,0,1
27,45300.0,0.3,RENT,10400.0,debt_consolidation,36,868.53,50931.93,0.888,10,1,74,0,0,0,0,0,0
64,64900.0,2.2,MORTGAGE,5000.0,debt_consolidation,36,923.62,33175.15,0.272,6,2,372,0,0,0,0,0,1
27,94300.0,4.5,MORTGAGE,18700.0,credit_card,36,1654.52,88898.54,0.747,6,1,47,0,0,0,0,0,1
64,101600.0,8.3,MORTGAGE,41200.0,credit_card,60,955.34,35143.31,0.468,9,2,363,0,0,0,0,0,1
35,112300.0,3.7,RENT,42600.0,home_improvement,60,1427.5,57184.76,0.01,9,0,147,0,0,0,0,0,1
54,108600.0,16.3,RENT,41600.0,small_business,36,1321.08,47583.21,0.622,8,0,208,0,0,0,0,0,1
66,61800.0,22.0,RENT,7600.0,auto,36,726.95,42017.11,0.272,8,2,314,0,0,0,1,0,1
65,94700.0,11.0,MORTGAGE,7700.0,small_business,36,1479.21,35661.27,0.311,5,1,470,1,1,0,0,0,1
24,57200.0,1.2,MORTGAGE,21500.0,debt_consolidation,36,1425.65,23916.98,0.294,12,3,28,0,0,0,0,0,0
34,78200.0,5.7,RENT,24700.0,debt_consolidation,36,717.36,29526.62,0.357,11,1,67,0,0,0,0,0,1
34,58400.0,5.1,RENT,14800.0,credit_card,36,539.41,15057.59,0.181,9,3,136,1,0,0,0,0,1
36,65400.0,2.1,MORTGAGE,21200.0,home_improvement,60,2146.82,63830.94,0.705,5,2,168,0,0,0,0,0,1
27,54700.0,0.4,RENT,23100.0,debt_consolidation,36,547.59,31482.32,0.687,5,1,73,0,0,0,0,0,1
52,24900.0,6.5,MORTGAGE,2500.0,debt_consolidation,36,216.37,12108.63,0.493,2,1,306,0,0,0,0,0,0
39,57100.0,7.9,MORTGAGE,6700.0,debt_consolidation,36,1423.0,25997.68,0.502,5,2,153,0,0,0,0,0,1
22,92200.0,0.5,RENT,26400.0,credit_card,36,1567.72,93040.29,0.281,8,1,16,0,0,0,0,0,0
30,111500.0,5.3,MORTGAGE,37100.0,debt_consolidation,36,2766.91,76140.67,0.764,9,3,77,0,0,0,0,0,1
70,86600.0,28.2,OWN,26600.0,credit_card,36,1653.3,31022.7,0.217,9,1,550,0,0,0,0,0,1
37,39100.0,5.8,MORTGAGE,5900.0,credit_card,36,532.25,13031.07,0.485,5,3,76,0,0,0,0,0,1
57,50200.0,3.4,RENT,15000.0,debt_consolidation,60,919.13,48851.85,0.411,10,4,372,0,0,0,0,0,1
32,27400.0,5.6,RENT,7500.0,credit_card,60,911.34,49776.43,0.396,13,3,73,0,0,0,0,0,0
26,96100.0,4.2,RENT,5700.0,debt_consolidation,60,946.49,28735.53,0.174,9,3,90,2,0,0,0,0,1
42,40500.0,7.5,MORTGAGE,12100.0,debt_consolidation,36,186.9,8097.69,0.512,5,1,174,0,0,0,0,0,1
52,81200.0,8.1,RENT,18700.0,credit_card,60,2876.69,70919.9,0.251,5,5,128,0,0,0,0,0,1
61,84700.0,23.2,MORTGAGE,33100.0,debt_consolidation,36,973.49,22116.23,0.555,8,3,329,0,0,0,0,0,1
40,40600.0,2.4,MORTGAGE,12700.0,debt_consolidation,36,771.61,44958.99,0.403,9,3,112,0,0,0,0,0,1
21,76800.0,0.2,MORTGAGE,20600.0,debt_consolidation,36,1291.71,68923.24,0.374,9,0,12,0,0,0,0,0,1
67,179100.0,8.6,RENT,50000.0,debt_consolidation,36,2791.24,156074.54,0.518,5,2,351,0,0,0,1,0,1
26,54600.0,1.6,RENT,17200.0,debt_consolidation,60,194.67,10647.73,0.377,8,1,47,0,0,0,0,0,1
39,120100.0,2.9,MORTGAGE,18000.0,debt_consolidation,60,1610.14,87491.75,0.202,5,2,230,0,0,0,0,0,1
38,76600.0,4.5,RENT,18200.0,debt_consolidation,60,1630.52,59159.85,0.445,9,0,119,0,0,0,1,0,1
26,78300.0,3.9,MORTGAGE,25000.0,credit_card,60,1850.79,92189.47,0.287,8,1,63,0,0,0,0,0,1
65,62900.0,10.5,RENT,23800.0,small_business,36,736.86,29158.32,0.558,12,1,236,0,1,0,0,0,1
53,110500.0,2.0,OWN,18000.0,credit_card,36,4103.07,71847.46,0.398,6,1,188,1,0,0,0,0,1
43,60700.0,7.9,MORTGAGE,20700.0,credit_card,36,589.03,12423.16,0.315,8,2,192,1,0,0,0,0,1
43,92100.0,7.0,RENT,29800.0,debt_consolidation,60,2221.69,69753.38,0.305,13,1,209,0,0,0,0,0,1
46,110600.0,4.8,MORTGAGE,12000.0,debt_consolidation,60,3022.75,89299.34,0.78,7,1,309,0,0,0,0,0,1
33,115700.0,2.6,MORTGAGE,12900.0,home_improvement,60,2130.83,87907.26,0.149,7,0,55,0,0,0,0,0,1
27,90200.0,2.0,RENT,22600.0,debt_consolidation,36,3260.61,100177.61,0.245,5,3,54,2,0,0,0,1,1
35,100500.0,4.9,RENT,21600.0,credit_card,36,2922.96,103325.04,0.401,9,3,90,0,0,0,0,0,0
64,67300.0,28.7,MORTGAGE,7000.0,credit_card,36,1975.26,66916.25,0.794,13,0,497,0,0,0,0,0,1
47,52400.0,2.6,MORTGAGE,4500.0,debt_consolidation,36,1740.13,57055.7,0.13,4,2,303,0,0,0,0,0,1
46,79300.0,11.9,RENT,32400.0,credit_card,36,1265.46,47116.6,0.499,8,1,195,0,0,0,0,0,1
53,79700.0,18.1,RENT,10100.0,debt_consolidation,60,1719.65,91064.38,0.119,6,3,303,0,0,0,0,0,1
35,79500.0,0.0,RENT,15700.0,home_improvement,60,1478.17,58292.2,0.604,4,0,176,0,0,0,0,0,1
56,122200.0,9.5,RENT,28900.0,debt_consolidation,36,3401.45,176453.22,0.231,9,2,240,0,0,0,0,0,0
65,67400.0,31.5,RENT,5600.0,debt_consolidation,36,2302.93,54453.52,0.248,3,1,291,0,0,0,0,0,1
47,31400.0,4.6,MORTGAGE,3300.0,major_purchase,36,653.1,25849.93,0.126,9,1,326,0,0,0,0,0,1
25,21600.0,1.9,MORTGAGE,5600.0,credit_card,60,837.14,39363.55,0.563,9,0,38,0,0,0,0,0,0
22,73400.0,0.1,MORTGAGE,24200.0,debt_consolidation,36,686.06,21907.54,0.395,9,1,37,1,0,0,0,0,1
53,116400.0,2.3,MORTGAGE,45100.0,credit_card,36,2378.89,122370.85,0.476,3,1,310,0,0,0,0,0,1
36,59000.0,4.0,RENT,23300.0,debt_consolidation,36,327.59,14136.57,0.161,3,1,201,1,0,0,0,0,0
43,185900.0,12.6,MORTGAGE,49800.0,debt_consolidation,36,1845.87,28196.58,0.134,8,1,149,0,0,0,0,0,1
58,72400.0,5.2,MORTGAGE,11900.0,small_business,60,683.31,35457.02,0.44,4,0,280,1,1,0,0,0,1
36,248400.0,3.3,MORTGAGE,50000.0,credit_card,60,2260.78,51222.4,0.089,6,3,189,0,0,0,0,0,1
34,63100.0,8.1,MORTGAGE,18900.0,debt_consolidation,60,1403.11,75016.34,0.74,7,2,61,0,0,0,0,0,0
49,158000.0,5.2,RENT,26000.0,medical,36,3956.88,190806.83,0.707,10,2,266,0,0,0,0,0,1
46,52900.0,0.3,MORTGAGE,16800.0,debt_consolidation,36,1125.93,52827.29,0.212,10,0,161,0,0,0,0,0,1
55,119400.0,0.3,RENT,14300.0,debt_consolidation,36,1700.71,78798.39,0.172,5,0,134,0,0,0,0,0,1
35,92000.0,1.1,OWN,15500.0,debt_consolidation,36,2537.37,66163.17,0.294,6,1,167,0,0,0,0,0,1
23,80600.0,0.1,MORTGAGE,34000.0,debt_consolidation,36,1733.25,103131.72,0.46,8,1,43,0,0,0,0,0,1
43,80400.0,8.5,MORTGAGE,20400.0,debt_consolidation,36,723.55,29920.1,0.179,9,2,154,0,0,0,0,0,1
49,145200.0,3.9,MORTGAGE,16000.0,home_improvement,36,1217.29,49787.82,0.323,5,4,218,0,0,0,0,0,1
54,60600.0,21.0,RENT,19200.0,home_improvement,60,1657.54,84843.48,0.335,8,2,220,0,0,0,0,0,1
53,71000.0,7.1,MORTGAGE,10100.0,home_improvement,36,2165.98,43950.92,0.263,10,0,142,0,0,0,0,0,1
61,300000.0,12.5,MORTGAGE,19200.0,credit_card,36,11781.45,632917.34,0.348,7,0,475,2,1,0,0,0,1
61,90100.0,1.1,RENT,35900.0,credit_card,36,1393.6,58917.01,0.547,10,1,329,0,0,0,0,0,1
43,131700.0,4.2,MORTGAGE,29500.0,debt_consolidation,36,1410.61,26196.98,0.234,12,3,241,0,0,0,0,0,1
27,58400.0,1.1,MORTGAGE,21100.0,major_purchase,36,1224.38,47577.72,0.295,6,1,91,1,2,0,0,0,0
23,49800.0,1.6,RENT,19500.0,debt_consolidation,36,382.15,20987.41,0.372,6,5,47,0,0,0,0,0,1
52,102100.0,22.6,RENT,28500.0,major_purchase,36,480.16,26953.45,0.395,8,0,184,0,0,0,0,1,0
51,75500.0,4.2,OWN,6700.0,debt_consolidation,60,2235.31,97375.77,0.274,6,2,128,0,0,0,1,0,1
38,59900.0,4.3,RENT,10700.0,debt_consolidation,36,1533.62,59209.66,0.707,11,2,79,0,0,0,0,0,1
63,26400.0,11.1,RENT,4000.0,debt_consolidation,60,440.99,16631.59,0.302,5,2,171,2,1,0,0,0,0
27,25000.0,6.0,RENT,7300.0,credit_card,36,297.19,6672.06,0.495,12,0,60,0,0,0,0,0,1
61,23000.0,8.1,MORTGAGE,4900.0,medical,36,220.94,5120.5,0.524,12,1,340,0,0,0,0,0,1
21,80600.0,0.7,OWN,17300.0,debt_consolidation,60,1177.49,54982.97,0.099,10,2,34,0,0,0,0,0,1
34,37000.0,0.4,RENT,11500.0,credit_card,36,787.38,36573.52,0.359,11,3,83,0,0,0,0,1,0
52,25600.0,9.7,OWN,1600.0,debt_consolidation,36,233.3,3516.84,0.338,10,0,220,0,0,0,0,0,1
26,41100.0,1.9,RENT,4200.0,home_improvement,36,678.63,20850.07,0.728,7,0,44,0,0,0,0,0,1
59,23200.0,11.0,MORTGAGE,9400.0,credit_card,36,586.11,27885.13,0.139,7,1,400,0,0,0,0,0,1
30,47400.0,3.3,RENT,18200.0,home_improvement,36,1413.0,30048.91,0.23,7,0,108,1,0,0,0,0,0
27,46100.0,4.3,MORTGAGE,19700.0,small_business,60,355.1,17257.63,0.493,4,1,102,0,0,0,0,0,0
46,87500.0,4.2,MORTGAGE,11700.0,debt_consolidation,36,615.76,19405.83,0.666,8,0,109,0,0,0,0,1,0
54,72400.0,7.1,RENT,13500.0,medical,36,1136.83,65134.04,0.63,8,1,150,0,0,0,0,0,1
50,50800.0,7.2,RENT,4800.0,credit_card,60,1692.87,96310.44,0.082,7,2,238,0,0,0,0,0,1
56,95100.0,19.3,MORTGAGE,29100.0,medical,36,1575.81,37451.6,0.773,5,0,207,0,0,0,0,0,1
41,33400.0,7.8,MORTGAGE,12100.0,debt_consolidation,60,572.49,29542.39,0.188,5,0,209,0,0,0,0,0,1
37,50900.0,9.8,RENT,15100.0,major_purchase,60,790.48,23909.53,0.375,9,1,168,0,0,0,0,0,1
53,42900.0,5.3,OWN,12400.0,debt_consolidation,60,1161.99,36790.49,0.09,4,1,195,0,0,0,0,0,1
30,64100.0,4.4,MORTGAGE,23800.0,home_improvement,36,1730.12,92569.91,0.55,8,1,124,0,0,0,0,0,1
71,21200.0,25.6,RENT,1800.0,medical,36,580.41,22160.95,0.212,7,1,257,1,1,0,0,0,1
67,232300.0,15.5,OWN,50000.0,major_purchase,36,3120.17,147671.01,0.138,8,0,503,0,0,0,0,0,1
62,80400.0,12.1,RENT,32700.0,credit_card,60,1411.28,41469.38,0.667,9,1,327,0,0,0,0,0,1
71,81900.0,24.3,MORTGAGE,25300.0,debt_consolidation,36,1687.58,84555.42,0.169,9,0,234,0,0,0,0,0,1
32,21600.0,2.6,RENT,7000.0,credit_card,36,339.45,16252.93,0.267,9,1,97,0,0,0,0,0,1
36,74700.0,6.9,RENT,23000.0,home_improvement,36,1678.41,97421.74,0.381,2,0,203,0,0,0,0,0,1
61,58500.0,18.2,MORTGAGE,22200.0,credit_card,60,725.57,17043.6,0.347,4,0,389,1,0,0,0,0,1
52,122400.0,12.3,MORTGAGE,25500.0,small_business,36,3424.56,88581.28,0.468,4,1,345,0,0,0,0,0,1
35,56500.0,8.6,MORTGAGE,22200.0,debt_consolidation,36,409.43,24460.37,0.291,9,1,114,0,0,0,0,1,1
47,54500.0,8.8,RENT,8600.0,credit_card,36,784.91,34234.01,0.502,7,0,272,1,0,0,0,0,1
48,64200.0,6.3,RENT,6200.0,credit_card,36,290.51,6121.48,0.38,6,1,222,0,0,0,0,0,1
37,141700.0,4.2,MORTGAGE,10600.0,debt_consolidation,60,1526.38,73446.5,0.369,7,2,203,0,0,0,0,0,1
66,27800.0,8.7,OWN,2500.0,debt_consolidation,36,832.46,18777.9,0.23,3,1,471,1,1,0,0,0,1
70,25400.0,19.1,MORTGAGE,5900.0,credit_card,60,271.39,10254.98,0.078,6,2,329,0,0,0,0,0,0
22,19200.0,1.6,RENT,5500.0,debt_consolidation,36,84.27,4872.17,0.262,11,2,28,0,0,0,1,0,0
56,119900.0,21.4,MORTGAGE,36500.0,home_improvement,36,4867.67,185665.69,0.478,5,2,208,0,0,0,0,0,0
70,112400.0,27.6,MORTGAGE,31000.0,medical,36,2687.88,112961.82,0.718,10,1,459,0,0,0,0,1,1
27,34100.0,4.4,RENT,4500.0,debt_consolidation,36,932.59,31959.82,0.298,8,0,90,1,1,0,0,0,1
33,30300.0,7.4,MORTGAGE,12000.0,small_business,36,363.83,18719.93,0.32,7,1,144,0,0,0,0,1,1
35,112100.0,3.8,MORTGAGE,15100.0,credit_card,36,1762.18,41669.04,0.508,4,1,163,0,0,0,0,0,1
45,29900.0,10.2,RENT,11400.0,debt_consolidation,60,789.77,30178.28,0.236,8,1,300,0,0,0,0,0,1
43,56500.0,12.6,MORTGAGE,19000.0,credit_card,36,1340.63,41325.04,0.265,9,2,156,0,0,0,0,0,1
42,48900.0,4.4,MORTGAGE,9400.0,small_business,36,308.46,16468.37,0.392,11,2,107,0,0,0,0,0,0
46,300000.0,6.6,OWN,50000.0,auto,36,11192.3,397806.55,0.437,7,0,307,0,0,1,1,0,0
53,60400.0,16.0,MORTGAGE,22700.0,credit_card,60,903.68,22823.04,0.619,8,1,186,0,0,0,0,0,1
31,133300.0,2.9,MORTGAGE,50000.0,home_improvement,36,3003.38,165733.38,0.085,7,2,69,0,0,0,1,0,0
30,85200.0,2.4,RENT,12500.0,credit_card,36,1821.43,71833.25,0.399,10,0,112,0,0,0,0,0,1
45,51000.0,3.8,MORTGAGE,16600.0,credit_card,36,2041.27,107652.68,0.507,9,1,222,0,0,0,0,0,1
57,48100.0,1.3,RENT,3800.0,debt_consolidation,36,1542.56,49720.74,0.781,6,3,279,0,0,0,0,0,1
68,69100.0,1.8,RENT,5700.0,debt_consolidation,36,1725.24,100274.7,0.223,7,1,339,1,0,0,0,0,1
63,69400.0,15.5,RENT,16000.0,debt_consolidation,60,1810.81,83080.58,0.608,13,0,262,3,1,0,0,0,0
58,50100.0,10.8,MORTGAGE,2900.0,credit_card,36,292.74,16972.92,0.287,13,1,168,0,0,0,0,0,1
61,89900.0,1.7,MORTGAGE,37200.0,debt_consolidation,36,2196.02,59880.65,0.57,12,2,242,0,0,0,0,0,1
65,67500.0,12.8,MORTGAGE,13800.0,credit_card,36,2428.06,102007.48,0.555,14,0,354,2,1,0,0,0,1
44,45100.0,9.5,MORTGAGE,9100.0,debt_consolidation,36,162.04,3720.04,0.246,6,0,153,0,0,0,0,0,1
60,54300.0,13.8,MORTGAGE,9800.0,home_improvement,36,1004.54,17383.66,0.177,10,1,323,0,1,0,0,0,1
66,87500.0,11.9,RENT,14800.0,credit_card,36,3620.91,78284.23,0.458,8,1,259,0,0,0,0,0,1
53,37000.0,10.8,MORTGAGE,3200.0,credit_card,60,500.34,24106.66,0.112,8,2,149,1,0,0,0,0,1
37,36900.0,10.7,RENT,10800.0,credit_card,60,1171.85,63191.75,0.243,13,0,211,0,0,0,0,0,1
44,32700.0,10.2,MORTGAGE,4900.0,medical,36,1358.37,24194.07,0.464,3,1,110,0,0,0,0,0,1
57,54200.0,9.2,RENT,10200.0,major_purchase,36,241.94,7565.11,0.154,11,1,302,0,0,0,0,0,1
22,57700.0,0.4,MORTGAGE,10600.0,small_business,36,623.3,24041.91,0.012,7,1,36,0,0,0,0,0,1
52,35900.0,12.9,MORTGAGE,6700.0,debt_consolidation,60,534.53,18993.59,0.335,6,2,257,0,0,0,0,0,1
44,66100.0,14.4,MORTGAGE,26600.0,debt_consolidation,36,1701.87,30309.44,0.526,11,1,172,0,0,0,0,0,1
29,66400.0,1.9,RENT,15800.0,debt_consolidation,60,291.66,8021.04,0.798,9,1,115,0,0,0,0,0,1
24,110300.0,3.3,MORTGAGE,28000.0,home_improvement,36,2479.48,88238.94,0.366,12,1,30,1,0,0,0,0,1
37,108400.0,1.7,MORTGAGE,39400.0,credit_card,36,1998.51,32461.75,0.27,7,1,172,0,0,0,0,0,1
37,22000.0,2.1,RENT,3800.0,home_improvement,60,837.21,33730.15,0.297,9,1,98,3,1,0,0,0,0
70,77500.0,17.8,RENT,27500.0,debt_consolidation,36,1986.77,95676.73,0.165,5,3,520,0,0,0,0,0,1
68,22400.0,5.2,RENT,2700.0,debt_consolidation,60,423.46,10242.12,0.165,9,4,547,0,0,0,0,0,1
50,90500.0,24.3,MORTGAGE,30200.0,credit_card,36,734.38,26890.64,0.45,10,1,152,1,1,0,0,0,1
60,89500.0,4.8,RENT,9600.0,debt_consolidation,60,1796.06,61825.38,0.406,6,1,295,0,0,0,0,0,1
31,38100.0,7.0,RENT,12400.0,debt_consolidation,36,643.56,19209.5,0.775,8,0,138,0,0,0,0,0,0
41,79600.0,5.0,RENT,18900.0,debt_consolidation,36,1278.95,60056.8,0.628,9,0,109,0,0,0,0,0,1
41,37500.0,5.2,MORTGAGE,2900.0,small_business,36,702.67,34686.74,0.153,9,3,195,0,0,0,0,0,1
38,61500.0,8.8,RENT,17900.0,home_improvement,36,1471.44,39222.68,0.646,8,0,77,2,0,0,0,0,1
49,69100.0,13.3,MORTGAGE,22600.0,debt_consolidation,60,124.68,7423.94,0.906,9,3,149,0,0,0,0,0,1
44,57200.0,4.5,RENT,7500.0,debt_consolidation,36,394.3,14388.74,0.59,9,2,129,0,0,0,0,0,1
30,99500.0,3.0,RENT,42200.0,home_improvement,36,1881.73,109719.76,0.857,13,2,113,0,0,0,0,0,0
65,43000.0,3.3,MORTGAGE,6100.0,auto,60,1725.65,32678.94,0.158,9,2,357,0,0,0,0,0,1
37,87200.0,5.3,OWN,15200.0,major_purchase,36,635.35,33450.23,0.57,10,1,209,0,0,0,0,0,1
38,33600.0,14.1,OWN,11600.0,debt_consolidation,36,723.65,29779.2,0.519,9,2,128,0,0,0,0,0,1
62,20700.0,27.7,RENT,2700.0,debt_consolidation,60,527.42,30591.93,0.524,8,3,406,0,0,0,0,0,1
68,25800.0,24.8,RENT,10800.0,credit_card,36,361.17,15954.48,0.623,6,0,490,0,0,0,0,0,1
40,38400.0,6.2,MORTGAGE,11800.0,debt_consolidation,36,819.04,37566.09,0.656,8,1,150,0,0,0,0,0,1
57,94900.0,7.0,RENT,33200.0,debt_consolidation,36,457.19,20076.5,0.2,10,1,289,0,0,0,0,0,1
65,89400.0,3.4,MORTGAGE,8700.0,credit_card,60,2443.22,54939.15,0.386,5,0,320,0,0,0,0,0,1
38,58600.0,6.0,MORTGAGE,22200.0,debt_consolidation,36,1397.19,59301.43,0.698,7,1,148,0,0,0,0,0,0
37,20900.0,6.8,MORTGAGE,5800.0,debt_consolidation,60,360.26,11959.84,0.206,12,1,140,0,0,0,0,0,1
29,180300.0,1.8,OWN,50000.0,small_business,36,1694.25,80518.09,0.274,10,0,103,0,1,2,0,0,0
34,28600.0,5.4,RENT,2200.0,home_improvement,36,458.03,13908.99,0.493,9,2,72,0,0,0,0,0,1
69,80500.0,16.7,MORTGAGE,23600.0,credit_card,36,897.89,43813.11,0.554,6,0,399,0,0,0,0,0,1
49,52900.0,12.3,MORTGAGE,17200.0,medical,60,405.15,23574.0,0.278,6,0,338,0,0,0,0,0,1
51,82500.0,7.9,MORTGAGE,20500.0,debt_consolidation,36,2220.05,45127.29,0.104,10,1,239,0,0,0,0,0,1
24,136800.0,0.8,MORTGAGE,50000.0,home_improvement,60,1973.25,77114.92,0.339,7,0,61,1,1,0,0,0,0
38,73300.0,7.0,OWN,31200.0,debt_consolidation,36,749.62,33169.03,0.412,6,2,87,0,0,0,0,0,1
40,97800.0,9.3,MORTGAGE,13600.0,debt_consolidation,36,1902.88,63662.94,0.068,10,2,158,0,0,0,0,0,1
67,300000.0,29.5,MORTGAGE,22300.0,credit_card,36,3818.03,196195.43,0.387,7,0,292,0,0,0,0,0,1
63,115700.0,14.5,MORTGAGE,41600.0,debt_consolidation,60,932.27,50974.88,0.112,7,0,346,1,1,0,0,0,1
64,27000.0,16.1,MORTGAGE,6500.0,credit_card,60,447.56,17524.76,0.301,11,0,262,0,0,1,0,0,1
29,18000.0,1.1,MORTGAGE,1300.0,debt_consolidation,60,235.74,8306.9,0.273,6,0,46,0,0,0,0,0,1
33,88700.0,5.0,RENT,7600.0,credit_card,36,1846.49,88662.38,0.666,4,1,107,0,0,0,0,0,1
35,51300.0,1.5,MORTGAGE,7200.0,debt_consolidation,36,761.1,15508.47,0.731,5,0,160,0,0,0,0,0,1
47,102600.0,5.5,MORTGAGE,5300.0,debt_consolidation,36,1211.49,51039.6,0.124,6,0,279,0,0,1,0,0,1
35,18000.0,4.2,MORTGAGE,4300.0,home_improvement,60,472.83,12366.51,0.204,14,4,63,0,0,0,0,0,0
48,125600.0,24.3,RENT,24900.0,debt_consolidation,36,2334.56,135311.7,0.316,8,1,251,0,0,0,0,0,1
57,62600.0,19.4,MORTGAGE,4300.0,debt_consolidation,60,2872.57,118942.72,0.15,7,2,220,0,0,0,0,0,1
39,208800.0,3.6,MORTGAGE,30600.0,debt_consolidation,36,3132.37,171941.98,0.216,6,5,186,0,0,0,0,0,1
46,66000.0,12.5,RENT,22800.0,debt_consolidation,36,1627.54,45627.1,0.612,4,0,139,1,1,0,0,0,1
46,88800.0,2.2,MORTGAGE,33100.0,credit_card,36,2017.21,77054.38,0.689,5,2,118,0,0,0,0,0,0
45,53800.0,15.0,MORTGAGE,2800.0,credit_card,60,1731.03,43120.34,0.295,10,0,249,0,0,0,0,0,1
46,51500.0,7.6,OWN,4800.0,major_purchase,36,1238.48,62072.74,0.15,3,1,196,0,0,0,0,0,1
46,77700.0,5.9,RENT,34900.0,home_improvement,36,3248.17,118228.96,0.478,9,2,294,0,0,0,0,0,1
66,55800.0,6.3,RENT,17300.0,debt_consolidation,36,500.64,10720.9,0.338,7,1,221,0,0,0,0,0,1
48,47800.0,19.9,RENT,15500.0,debt_consolidation,36,759.34,17356.76,0.438,6,1,292,3,0,0,0,0,1
69,81100.0,7.1,OWN,16400.0,debt_consolidation,36,2050.45,102496.98,0.386,5,1,213,0,0,0,0,0,1
38,48200.0,7.2,MORTGAGE,12100.0,debt_consolidation,60,2026.11,38479.4,0.33,13,0,142,0,0,0,0,0,1
52,82600.0,9.6,MORTGAGE,20900.0,credit_card,60,1596.98,58367.9,0.758,3,0,381,0,0,0,0,0,1
23,27900.0,0.5,RENT,5300.0,debt_consolidation,36,795.45,21285.8,0.394,8,1,23,0,0,1,0,0,0
22,66500.0,0.6,RENT,21700.0,credit_card,36,478.63,27089.88,0.282,1,0,29,0,0,0,0,0,1
53,59600.0,13.4,MORTGAGE,16600.0,debt_consolidation,36,1025.58,26169.95,0.351,9,0,165,0,0,0,0,0,1
62,19300.0,16.6,OWN,8300.0,small_business,60,505.47,11405.05,0.163,5,1,456,0,0,0,0,0,1
39,33700.0,5.4,RENT,1800.0,home_improvement,36,617.58,21795.13,0.793,11,2,139,0,0,0,0,0,0
37,18000.0,3.4,OWN,7300.0,medical,36,287.0,12991.21,0.477,6,0,97,0,0,0,0,0,1
64,70000.0,0.5,RENT,30100.0,medical,60,2856.19,131505.91,0.339,8,4,297,0,0,0,0,0,0
53,42700.0,10.3,RENT,4600.0,home_improvement,36,387.5,17074.83,0.304,11,0,155,0,0,0,0,0,1
32,55400.0,3.3,MORTGAGE,7700.0,debt_consolidation,36,593.67,17452.87,0.444,13,1,74,0,0,0,0,0,1
69,137600.0,10.3,MORTGAGE,9700.0,debt_consolidation,60,2434.72,39379.38,0.396,9,1,530,0,0,0,0,0,1
23,66100.0,0.9,MORTGAGE,9500.0,debt_consolidation,36,1388.64,61929.78,0.195,10,2,23,0,0,0,0,0,1
63,77700.0,13.0,OWN,23800.0,debt_consolidation,36,1458.8,81005.83,0.129,6,0,273,0,0,0,0,0,1
69,50700.0,18.3,MORTGAGE,6900.0,credit_card,36,1123.66,32916.8,0.383,4,3,474,0,0,0,0,0,1
46,44200.0,8.6,RENT,17300.0,home_improvement,36,1150.28,25103.71,0.149,15,0,133,0,0,0,0,0,1
55,30000.0,4.6,MORTGAGE,12500.0,debt_consolidation,36,871.67,24887.4,0.147,7,1,375,0,0,0,0,0,1
28,98400.0,1.9,MORTGAGE,6000.0,credit_card,36,4897.13,195849.09,0.798,5,0,87,2,0,0,0,0,1
56,154700.0,2.5,MORTGAGE,39100.0,debt_consolidation,36,4050.89,200726.99,0.218,15,2,163,0,0,0,0,0,1
27,126000.0,0.1,MORTGAGE,7100.0,small_business,36,2765.48,126180.97,0.377,10,1,43,0,0,0,0,0,0
66,34400.0,13.9,MORTGAGE,10200.0,debt_consolidation,36,162.99,6587.22,0.233,9,0,432,0,1,1,0,0,1
66,132000.0,24.0,OWN,24900.0,debt_consolidation,36,4564.63,248706.86,0.679,10,1,429,0,0,0,0,0,1
56,60500.0,6.3,MORTGAGE,23500.0,debt_consolidation,36,966.13,47897.82,0.173,15,1,203,0,0,0,0,0,1
36,148600.0,2.9,MORTGAGE,50000.0,credit_card,36,983.76,23614.85,0.285,4,2,92,0,0,0,0,0,1
44,81800.0,3.9,MORTGAGE,20400.0,debt_consolidation,36,2648.5,127251.69,0.668,7,2,292,0,0,0,1,0,0
21,78600.0,0.1,MORTGAGE,33900.0,medical,36,989.52,26443.53,0.496,5,3,32,0,0,0,0,0,1
69,79800.0,5.8,OWN,31700.0,debt_consolidation,60,2009.41,119341.13,0.39,9,1,452,0,0,0,0,0,1
45,26100.0,2.0,MORTGAGE,2300.0,debt_consolidation,36,219.75,6091.15,0.418,8,0,103,0,1,0,0,0,1
30,33000.0,1.7,MORTGAGE,6400.0,debt_consolidation,60,1016.73,18457.66,0.281,6,3,90,0,0,0,0,0,0
36,46900.0,4.8,MORTGAGE,8700.0,home_improvement,36,639.35,27863.98,0.326,13,3,134,0,0,0,1,0,1
36,54200.0,4.6,MORTGAGE,9300.0,debt_consolidation,60,678.11,29265.13,0.823,7,0,165,0,0,0,0,0,1
28,70600.0,0.6,MORTGAGE,26000.0,debt_consolidation,60,598.17,29423.28,0.317,2,1,65,0,0,0,0,0,1
49,51300.0,15.5,MORTGAGE,8700.0,credit_card,60,1269.0,65193.21,0.59,4,2,190,0,0,0,0,0,0
59,50100.0,11.4,MORTGAGE,10100.0,medical,60,958.91,56385.54,0.156,11,0,178,0,0,0,0,0,1
48,130900.0,9.6,RENT,11000.0,debt_consolidation,36,798.27,39394.68,0.414,10,1,302,0,0,0,0,0,1
26,139100.0,1.0,RENT,35900.0,debt_consolidation,36,3624.3,193599.87,0.482,8,0,32,0,0,0,0,1,1
36,92300.0,14.2,MORTGAGE,8900.0,home_improvement,36,2404.75,137429.29,0.297,11,0,110,0,0,0,0,0,1
40,44400.0,15.1,RENT,17700.0,home_improvement,36,445.72,11854.28,0.174,7,1,153,0,0,0,0,0,1
36,83300.0,3.0,RENT,30800.0,major_purchase,36,1144.9,26760.46,0.581,11,2,113,2,0,0,0,0,1
27,133800.0,5.5,MORTGAGE,22900.0,credit_card,36,848.56,33719.62,0.35,12,2,75,0,0,0,0,0,1
61,57800.0,36.9,OWN,3000.0,debt_consolidation,36,170.99,5353.76,0.289,7,0,436,0,0,0,0,0,1
34,138500.0,1.5,MORTGAGE,10900.0,credit_card,36,3394.85,57160.59,0.564,12,1,88,0,0,0,0,0,1
63,191900.0,6.4,RENT,26300.0,debt_consolidation,60,7288.71,377103.55,0.584,8,1,197,0,0,0,0,0,1
46,113200.0,10.3,MORTGAGE,28200.0,auto,36,934.31,23448.14,0.537,1,1,214,0,0,0,0,0,1
46,93100.0,8.3,MORTGAGE,31900.0,debt_consolidation,60,2699.8,95265.0,0.379,5,0,173,0,0,0,1,0,1
34,80100.0,9.9,RENT,7200.0,debt_consolidation,36,1330.34,66217.07,0.274,4,1,139,0,0,0,0,0,1
27,93800.0,1.9,RENT,31300.0,debt_consolidation,36,629.44,25920.31,0.181,6,1,91,0,0,0,0,0,1
53,83300.0,13.0,RENT,22400.0,medical,60,630.88,37272.14,0.413,5,1,249,1,0,1,0,0,1
46,33800.0,14.3,MORTGAGE,10100.0,debt_consolidation,36,1238.91,65265.78,0.767,9,0,291,0,0,0,0,0,0
65,137500.0,22.6,RENT,50000.0,debt_consolidation,60,2906.35,152919.53,0.044,6,0,369,0,0,0,0,0,1
40,69400.0,10.9,RENT,29900.0,debt_consolidation,36,1742.33,88623.93,0.3,8,0,197,0,0,0,0,0,1
23,252900.0,1.2,MORTGAGE,50000.0,debt_consolidation,60,4956.83,241375.46,0.371,6,1,19,1,1,1,0,0,1
24,300000.0,0.0,MORTGAGE,50000.0,credit_card,60,7261.95,299276.11,0.181,4,1,32,0,0,0,0,0,1
46,57600.0,3.2,RENT,20500.0,home_improvement,60,864.2,43059.69,0.585,4,2,133,0,0,0,0,0,0
31,74100.0,7.6,RENT,23700.0,debt_consolidation,36,1073.25,45378.47,0.522,4,0,86,0,0,0,0,0,1
22,52200.0,0.6,MORTGAGE,2800.0,major_purchase,36,1034.97,35586.25,0.073,10,1,40,0,0,0,0,0,1
34,39200.0,10.2,RENT,17600.0,home_improvement,36,489.37,18946.59,0.452,16,0,138,0,0,0,0,0,1
64,64100.0,4.3,MORTGAGE,19500.0,credit_card,60,1187.46,46872.12,0.123,11,1,192,0,0,0,0,0,1
50,67400.0,12.6,RENT,16500.0,home_improvement,36,2115.97,125535.72,0.563,9,3,308,0,0,0,0,0,1
69,32300.0,24.3,RENT,7500.0,home_improvement,36,912.7,33638.49,0.567,8,1,531,0,0,0,1,0,0
32,35800.0,2.7,RENT,5100.0,credit_card,60,375.1,18600.34,0.261,15,0,64,1,0,0,0,1,0
46,18000.0,13.1,RENT,4300.0,debt_consolidation,60,589.72,24630.11,0.883,9,1,245,0,0,0,0,0,1
64,34800.0,25.5,MORTGAGE,11900.0,debt_consolidation,60,1348.42,48860.02,0.703,10,2,324,0,0,0,0,0,1
53,105300.0,10.0,MORTGAGE,16000.0,debt_consolidation,36,2819.13,154444.6,0.835,5,0,192,0,0,0,1,0,1
33,146400.0,7.8,OWN,50000.0,credit_card,36,1036.0,46315.25,0.676,7,0,63,0,0,0,0,0,1
34,22400.0,3.4,MORTGAGE,3000.0,medical,36,727.51,38527.17,0.351,4,5,170,0,0,0,0,0,1
44,31700.0,4.3,MORTGAGE,12500.0,debt_consolidation,60,277.98,15605.03,0.071,10,2,102,0,0,0,0,0,1
54,129900.0,0.7,RENT,36800.0,home_improvement,36,2524.62,117297.65,0.371,4,1,373,0,0,0,0,0,1
64,41400.0,20.1,MORTGAGE,15900.0,debt_consolidation,36,1696.82,40717.88,0.416,9,1,362,0,0,0,0,0,1
46,51300.0,16.9,OWN,11100.0,medical,36,1859.21,99486.26,0.289,8,1,134,0,0,0,0,0,1
41,45300.0,2.9,RENT,8100.0,credit_card,36,772.37,14885.87,0.082,6,0,207,0,0,0,0,0,1
48,109600.0,1.5,MORTGAGE,36100.0,debt_consolidation,60,3796.72,77801.76,0.227,14,1,340,1,1,0,0,0,1
68,166100.0,14.0,RENT,32400.0,debt_consolidation,60,6538.63,225255.79,0.077,12,1,550,1,0,0,0,0,1
56,68900.0,6.2,MORTGAGE,29700.0,debt_consolidation,36,990.01,17128.52,0.342,6,5,348,0,0,0,0,0,1
60,52000.0,20.0,MORTGAGE,18000.0,home_improvement,36,1972.66,33883.92,0.399,10,3,181,0,0,0,0,0,1
22,58600.0,0.4,MORTGAGE,13000.0,credit_card,60,1395.89,83257.27,0.638,12,1,41,0,0,0,0,0,1
62,108100.0,28.1,RENT,12900.0,major_purchase,36,773.66,36104.36,0.327,9,0,291,0,0,0,0,0,1
29,88300.0,0.7,OWN,24100.0,credit_card,36,2353.36,117779.75,0.553,10,0,119,0,0,0,0,0,1
43,57700.0,13.2,RENT,16600.0,debt_consolidation,36,1134.37,61253.0,0.678,4,2,186,0,0,0,0,0,1
35,64600.0,6.7,RENT,28300.0,home_improvement,36,2322.33,38884.77,0.579,14,3,92,0,0,0,1,0,0
33,44600.0,9.9,RENT,15500.0,major_purchase,60,1081.77,36962.35,0.363,7,0,95,0,0,0,0,0,1
43,45800.0,13.1,RENT,6900.0,auto,36,129.6,6918.67,0.61,10,2,213,0,0,0,0,0,1
37,30700.0,10.7,RENT,4800.0,home_improvement,36,847.57,41490.78,0.348,8,0,150,0,0,0,0,0,1
68,124300.0,12.3,MORTGAGE,35100.0,debt_consolidation,36,3482.68,71433.21,0.94,8,1,248,0,0,0,0,0,1
22,19000.0,1.4,MORTGAGE,1900.0,credit_card,36,632.11,36177.31,0.456,6,0,27,0,0,0,0,0,0
40,77100.0,7.3,OWN,25300.0,credit_card,36,938.25,49315.36,0.431,9,2,208,1,0,0,0,0,1
40,65200.0,1.8,MORTGAGE,5300.0,credit_card,36,1523.17,50225.2,0.255,4,2,133,0,0,0,0,1,1
66,62800.0,25.7,RENT,17500.0,debt_consolidation,36,1227.21,70052.95,0.379,5,1,208,0,0,0,0,0,1
23,47300.0,0.3,RENT,21000.0,debt_consolidation,36,950.19,48799.63,0.292,6,1,46,0,0,0,0,0,1
32,56300.0,4.5,MORTGAGE,22500.0,credit_card,36,218.99,4685.5,0.119,11,2,128,0,0,0,1,0,0
60,174200.0,31.0,MORTGAGE,50000.0,small_business,36,535.82,17153.11,0.13,5,0,360,0,0,0,0,0,1
22,68900.0,0.2,MORTGAGE,24100.0,debt_consolidation,36,635.58,20588.82,0.537,9,0,43,0,0,0,0,0,1
56,72300.0,3.4,MORTGAGE,30500.0,debt_consolidation,36,1239.55,70811.0,0.495,4,2,315,0,0,0,0,0,1
34,73600.0,6.0,RENT,31100.0,home_improvement,36,1233.86,44383.47,0.132,9,2,76,0,0,0,0,0,0
36,45000.0,1.4,RENT,5200.0,home_improvement,36,642.91,24375.23,0.633,8,1,155,0,0,0,0,0,1
39,48400.0,6.9,MORTGAGE,6800.0,credit_card,36,862.84,19264.23,0.409,8,1,191,0,0,0,0,0,1
54,88400.0,2.3,MORTGAGE,37100.0,debt_consolidation,60,1136.25,30613.75,0.422,10,2,303,0,1,0,0,0,1
64,41700.0,1.0,RENT,6700.0,credit_card,60,1024.46,28293.04,0.764,9,1,502,0,0,0,0,0,0
66,62700.0,13.2,RENT,12700.0,small_business,60,2649.09,139986.75,0.303,10,1,380,0,0,0,0,0,1
26,125300.0,1.5,OWN,8300.0,debt_consolidation,36,1984.01,65469.29,0.448,6,1,85,0,0,0,0,0,1
33,45800.0,2.7,MORTGAGE,18800.0,debt_consolidation,36,1528.36,48285.39,0.577,6,1,85,0,0,0,0,0,1
56,62300.0,10.8,MORTGAGE,4900.0,small_business,36,1311.22,52606.95,0.478,10,1,296,0,0,0,0,0,1
42,56800.0,4.9,RENT,14900.0,credit_card,36,1526.57,40499.95,0.402,7,3,155,0,0,0,0,1,0
38,87200.0,6.5,MORTGAGE,12000.0,credit_card,36,1517.9,25772.46,0.576,5,0,133,1,0,1,0,0,0
32,71700.0,6.7,RENT,4400.0,home_improvement,60,2265.24,89731.03,0.071,9,2,94,0,0,0,1,1,0
50,45400.0,3.3,RENT,7500.0,debt_consolidation,60,436.71,13958.24,0.441,13,2,284,0,0,0,1,0,1
71,49400.0,10.3,RENT,15600.0,debt_consolidation,36,865.67,31119.31,0.337,9,0,321,0,0,0,0,0,1
60,46500.0,15.0,MORTGAGE,4000.0,debt_consolidation,60,596.36,26707.81,0.292,4,2,253,0,0,0,0,0,1
27,44500.0,0.9,RENT,17400.0,debt_consolidation,36,836.31,45324.49,0.585,6,0,46,2,0,0,0,0,1
52,25200.0,11.2,RENT,8200.0,debt_consolidation,36,477.24,14143.91,0.359,10,3,325,0,1,0,0,0,1
68,73100.0,5.3,MORTGAGE,5400.0,medical,60,1793.0,97856.57,0.417,8,0,325,0,0,0,0,0,1
39,45800.0,8.7,RENT,9700.0,debt_consolidation,36,1168.86,50898.09,0.578,10,1,80,1,1,0,0,0,1
26,86300.0,0.7,RENT,32200.0,debt_consolidation,36,2067.2,118373.15,0.273,6,0,37,0,0,0,0,0,1
40,69300.0,4.2,MORTGAGE,29300.0,debt_consolidation,36,349.8,14014.65,0.708,11,1,130,1,0,0,0,0,1
47,53800.0,3.7,MORTGAGE,16200.0,debt_consolidation,60,1115.85,54639.22,0.073,13,0,146,0,0,0,0,0,1
63,51400.0,15.9,OWN,16600.0,debt_consolidation,60,1248.2,20876.94,0.408,7,1,489,0,0,0,0,0,1
57,32000.0,8.6,MORTGAGE,12800.0,debt_consolidation,36,729.34,12842.13,0.145,6,3,211,0,0,0,0,0,0
68,71000.0,4.3,RENT,16500.0,credit_card,36,2177.64,41128.02,0.268,5,0,186,0,0,0,0,0,1
27,63200.0,4.7,MORTGAGE,21000.0,credit_card,36,437.34,23625.34,0.428,12,3,65,0,0,0,0,0,1
25,47000.0,2.2,RENT,13200.0,debt_consolidation,36,753.04,17031.77,0.265,4,0,38,0,0,0,0,0,1
31,22200.0,3.6,MORTGAGE,7300.0,credit_card,36,410.28,9751.27,0.125,8,1,101,0,0,0,0,0,1
35,59100.0,1.3,RENT,23800.0,debt_consolidation,36,991.63,17663.06,0.684,7,0,184,0,0,0,0,0,0
23,61600.0,0.6,MORTGAGE,22500.0,credit_card,60,899.65,48493.5,0.271,9,1,37,0,0,0,0,0,1
25,121300.0,2.1,MORTGAGE,12200.0,debt_consolidation,60,1454.52,27476.85,0.081,5,0,56,1,0,0,0,0,1
43,67600.0,8.3,MORTGAGE,28600.0,credit_card,36,1332.79,60701.15,0.46,5,2,253,0,0,0,0,0,1
57,127400.0,1.9,MORTGAGE,8900.0,credit_card,36,943.39,29328.28,0.399,9,0,200,0,0,0,0,0,1
29,46800.0,1.8,OWN,16500.0,debt_consolidation,36,1973.07,55336.06,0.478,5,1,120,0,0,0,0,0,1
35,57200.0,3.0,RENT,9400.0,debt_consolidation,36,2109.99,109572.09,0.564,8,0,72,0,0,0,0,0,1
23,38000.0,0.8,RENT,13800.0,debt_consolidation,36,485.87,15141.05,0.286,4,2,41,0,0,2,0,0,0
49,57200.0,4.3,OWN,3200.0,credit_card,36,2077.04,33726.03,0.476,9,0,338,0,0,0,0,0,1
26,104300.0,0.9,MORTGAGE,14400.0,small_business,36,4292.24,103682.47,0.859,6,3,78,0,0,0,0,0,1
37,105900.0,5.5,MORTGAGE,8700.0,small_business,36,1111.51,37901.98,0.217,9,1,159,1,0,0,0,0,1
46,74800.0,18.7,MORTGAGE,26300.0,credit_card,36,767.0,15234.67,0.137,7,1,170,1,0,0,0,0,1
41,31600.0,5.9,RENT,4000.0,major_purchase,36,494.13,9756.0,0.159,10,1,223,0,0,0,0,0,1
28,30600.0,3.9,RENT,12900.0,major_purchase,36,437.85,10685.84,0.644,7,0,62,0,0,0,0,0,1
41,57700.0,6.4,RENT,12400.0,home_improvement,60,702.74,27629.44,0.52,9,1,100,0,0,0,0,0,1
31,45600.0,1.8,RENT,15400.0,debt_consolidation,60,1325.22,62127.41,0.031,3,1,129,0,0,0,0,0,1
58,95300.0,13.6,MORTGAGE,36200.0,small_business,36,2692.23,120547.54,0.448,9,1,325,0,0,0,0,0,1
28,85900.0,2.2,RENT,37000.0,debt_consolidation,36,804.74,12220.28,0.543,8,2,57,0,0,0,0,0,1
62,80000.0,15.9,MORTGAGE,18800.0,debt_consolidation,36,1552.68,54589.13,0.042,9,1,427,0,0,0,0,1,1
44,48300.0,3.0,RENT,15400.0,home_improvement,36,966.7,33526.35,0.267,5,0,201,0,0,0,0,0,1
55,71800.0,11.0,RENT,14100.0,medical,36,810.43,20331.42,0.836,5,3,363,0,0,0,0,0,1
34,79500.0,0.6,RENT,13000.0,credit_card,36,2636.67,110215.79,0.366,10,0,124,0,0,0,0,0,1
34,54800.0,2.6,MORTGAGE,17800.0,debt_consolidation,36,2010.7,53480.05,0.375,7,0,162,0,0,0,0,0,1
30,58000.0,4.9,RENT,12300.0,debt_consolidation,36,527.82,31413.28,0.799,7,1,114,0,1,0,0,0,0
32,78200.0,3.0,MORTGAGE,21800.0,debt_consolidation,36,838.07,38767.31,0.231,10,2,129,0,0,0,0,0,0
58,36200.0,25.2,RENT,4700.0,credit_card,36,448.47,25231.31,0.807,12,1,373,0,0,0,0,0,1
64,48100.0,9.0,RENT,16200.0,debt_consolidation,36,1670.47,29485.97,0.498,9,0,469,2,0,0,0,0,1
66,46100.0,19.1,MORTGAGE,20200.0,home_improvement,36,1362.47,43785.6,0.105,4,2,359,0,0,0,0,0,1
54,113700.0,8.6,RENT,30100.0,credit_card,36,2011.59,37673.45,0.504,11,2,328,0,0,0,0,0,0
61,49400.0,5.5,OWN,12700.0,debt_consolidation,60,901.62,39189.34,0.648,9,0,237,0,0,0,0,0,0
30,67200.0,3.5,OWN,26300.0,debt_consolidation,36,902.73,19571.55,0.661,5,1,136,0,0,0,0,0,1
37,94400.0,3.2,MORTGAGE,10400.0,credit_card,36,982.12,27348.99,0.438,8,1,178,0,0,0,0,0,1
37,43600.0,4.0,MORTGAGE,9000.0,home_improvement,60,1467.96,55479.85,0.256,10,1,136,0,0,0,0,0,1
23,107100.0,0.0,MORTGAGE,12800.0,home_improvement,60,3033.31,174900.59,0.469,16,1,37,0,0,0,0,0,1
51,112300.0,11.2,MORTGAGE,30200.0,auto,60,2807.8,160969.16,0.325,8,0,203,0,2,1,0,1,0
71,20600.0,32.1,MORTGAGE,6100.0,debt_consolidation,36,49.43,1821.6,0.617,11,1,498,0,0,0,0,0,1
21,80500.0,0.3,RENT,33500.0,debt_consolidation,36,1580.4,51390.54,0.63,8,1,12,1,0,0,0,0,1
32,116900.0,9.4,RENT,44700.0,credit_card,60,2495.8,75389.01,0.554,10,1,159,0,0,0,0,0,1
59,53600.0,7.0,RENT,16500.0,medical,36,1035.59,60247.1,0.421,12,0,215,0,0,0,0,0,1
24,89100.0,2.0,RENT,32100.0,debt_consolidation,36,1830.62,88802.96,0.284,5,3,50,0,0,0,0,0,1
62,31900.0,19.7,RENT,9600.0,home_improvement,36,245.53,9835.85,0.378,11,0,247,0,0,0,0,0,1
33,27700.0,5.9,MORTGAGE,7700.0,debt_consolidation,36,755.34,14473.29,0.31,11,0,64,0,0,0,0,0,1
54,52400.0,5.5,MORTGAGE,3600.0,debt_consolidation,60,1352.86,29348.67,0.115,6,0,147,1,0,0,0,0,1
62,38700.0,10.2,MORTGAGE,2300.0,medical,36,486.87,26061.91,0.48,7,1,176,0,0,0,0,0,1
41,80500.0,4.5,RENT,31500.0,credit_card,36,1831.74,106810.09,0.271,10,4,108,0,0,0,0,0,1
42,79100.0,4.7,RENT,12900.0,home_improvement,36,1777.93,91442.88,0.349,11,2,254,0,0,0,0,0,1
24,174400.0,1.1,MORTGAGE,33200.0,credit_card,60,2512.59,86292.14,0.098,13,1,25,1,1,0,0,0,1
38,102600.0,12.7,MORTGAGE,23600.0,home_improvement,36,737.47,19077.11,0.712,3,1,114,0,0,0,0,0,1
25,47600.0,2.3,MORTGAGE,3200.0,debt_consolidation,36,973.58,20527.99,0.656,5,0,49,0,0,0,0,0,1
39,67800.0,5.9,RENT,29500.0,major_purchase,36,455.38,9906.6,0.219,7,3,159,0,0,0,0,0,1
22,74600.0,0.6,MORTGAGE,6800.0,credit_card,60,1053.91,33203.33,0.817,2,1,38,0,0,0,0,0,1
32,88500.0,1.9,MORTGAGE,38700.0,debt_consolidation,36,1608.85,78014.25,0.84,6,2,61,0,0,0,1,0,0
37,20900.0,8.3,MORTGAGE,7000.0,debt_consolidation,36,524.1,24819.08,0.348,11,2,114,0,0,0,0,0,1
30,51600.0,5.5,RENT,22000.0,debt_consolidation,36,611.46,21388.09,0.581,7,4,94,0,0,0,0,0,1
54,117400.0,17.4,MORTGAGE,8300.0,debt_consolidation,60,1307.51,41713.8,0.541,4,1,281,0,0,0,0,0,0
26,82200.0,0.0,RENT,18800.0,debt_consolidation,36,2305.89,75336.13,0.469,4,0,41,0,0,0,0,0,1
28,67600.0,2.3,RENT,29100.0,debt_consolidation,60,767.69,39216.1,0.293,5,3,54,0,0,0,0,0,1
71,49700.0,3.0,MORTGAGE,15300.0,credit_card,60,310.42,6609.98,0.216,6,0,550,0,0,0,0,0,1
31,61600.0,0.6,MORTGAGE,16600.0,auto,36,773.06,16309.48,0.431,7,1,47,0,0,0,0,0,1
32,67700.0,2.1,RENT,21600.0,debt_consolidation,60,214.35,4225.91,0.562,9,2,131,0,0,0,0,0,1
29,40100.0,0.6,MORTGAGE,5000.0,credit_card,36,618.02,34704.93,0.444,8,0,90,0,0,0,0,0,1
22,76700.0,0.9,MORTGAGE,26700.0,debt_consolidation,36,867.06,15503.84,0.493,4,3,27,0,1,0,0,0,1
28,68800.0,3.9,MORTGAGE,11000.0,debt_consolidation,36,1197.29,54747.2,0.075,7,0,61,0,0,0,0,0,1
31,52600.0,7.8,MORTGAGE,8600.0,debt_consolidation,36,628.4,23012.22,0.494,7,1,60,0,0,0,0,0,1
56,52500.0,14.2,RENT,15200.0,small_business,36,1166.65,24076.75,0.289,8,0,267,0,0,0,0,0,1
30,33400.0,1.4,MORTGAGE,2000.0,medical,36,916.63,31882.03,0.451,12,1,109,0,0,0,0,0,1
41,121800.0,4.1,RENT,8700.0,home_improvement,36,4573.32,127925.69,0.586,14,1,124,0,0,0,0,0,0
40,86900.0,8.2,MORTGAGE,4900.0,debt_consolidation,60,1888.02,66893.4,0.153,8,1,241,0,0,0,0,0,1
68,77500.0,25.1,RENT,27600.0,debt_consolidation,60,765.34,42341.22,0.136,8,2,433,0,0,0,0,0,1
28,89000.0,3.6,MORTGAGE,5400.0,debt_consolidation,36,2132.38,50730.76,0.224,11,0,57,0,0,0,0,0,1
56,18000.0,15.1,MORTGAGE,1600.0,medical,60,269.48,7596.14,0.316,7,0,351,0,0,0,0,0,1
49,168200.0,1.2,OWN,49200.0,home_improvement,36,3362.7,174897.17,0.569,14,1,133,0,0,0,0,0,1
62,18000.0,18.8,RENT,4300.0,home_improvement,36,364.4,15512.95,0.195,8,1,425,0,0,0,0,0,1
32,108000.0,8.6,RENT,21200.0,credit_card,60,3683.39,84115.05,0.389,5,3,110,0,0,0,0,0,0
34,69700.0,5.4,RENT,13400.0,credit_card,36,1716.43,97484.81,0.779,9,2,81,0,0,0,0,0,0
68,36800.0,5.9,RENT,14500.0,home_improvement,36,731.26,27028.82,0.523,13,2,247,0,0,0,0,0,1
70,70100.0,12.0,RENT,5700.0,credit_card,60,1180.3,67936.09,0.385,5,1,479,0,0,0,0,0,1
41,86500.0,0.6,OWN,36400.0,small_business,36,983.76,15563.35,0.507,3,1,227,0,0,0,0,0,1
42,50100.0,5.0,RENT,7200.0,debt_consolidation,36,606.64,20494.28,0.616,7,0,198,0,0,0,0,0,1
41,128100.0,1.7,MORTGAGE,31400.0,medical,36,3877.34,133493.45,0.21,10,0,206,0,0,0,0,0,1
64,28800.0,4.4,MORTGAGE,12500.0,home_improvement,36,147.3,4290.21,0.399,11,0,293,0,0,0,0,0,1
70,36900.0,8.9,RENT,11300.0,credit_card,60,648.17,17369.02,0.272,8,0,401,0,0,0,0,0,1
50,33000.0,3.3,RENT,5000.0,major_purchase,36,1112.43,27184.19,0.134,7,1,235,0,0,0,0,0,1
59,30100.0,7.3,OWN,13300.0,small_business,36,259.32,10892.56,0.163,3,1,201,0,0,0,0,0,1
40,72500.0,7.6,RENT,27200.0,debt_consolidation,36,1269.37,72802.47,0.358,6,0,204,1,0,0,0,0,0
44,159900.0,14.1,MORTGAGE,28100.0,small_business,36,1978.76,95438.03,0.458,14,2,277,0,0,0,0,0,1
43,105600.0,5.6,RENT,30600.0,debt_consolidation,60,1167.33,31842.69,0.118,6,1,134,0,0,0,0,0,1
27,55900.0,4.2,MORTGAGE,15200.0,credit_card,36,1076.32,43649.98,0.23,8,1,61,1,0,0,0,0,1
29,142100.0,2.9,RENT,42200.0,debt_consolidation,60,3312.99,152689.82,0.588,6,1,120,0,0,0,0,0,1
21,116600.0,0.4,RENT,11500.0,debt_consolidation,36,1317.85,49530.87,0.277,8,1,33,0,0,0,0,0,1
46,45700.0,7.7,RENT,14100.0,major_purchase,60,846.42,35250.25,0.474,6,1,204,0,0,2,0,0,1
58,56300.0,8.2,RENT,7600.0,debt_consolidation,36,942.89,38987.74,0.396,11,1,375,0,0,0,0,0,1
58,77600.0,19.9,OWN,13800.0,home_improvement,36,986.11,45796.26,0.294,7,1,226,0,0,0,0,0,1
64,43000.0,9.9,RENT,11500.0,debt_consolidation,36,489.38,16926.02,0.545,10,3,392,0,0,0,0,0,1
42,38400.0,12.9,MORTGAGE,5200.0,credit_card,36,447.3,21305.42,0.328,14,1,185,0,0,0,0,0,1
64,99300.0,5.5,OWN,40400.0,debt_consolidation,36,2089.26,114137.42,0.098,10,2,352,0,0,0,0,0,1
30,112800.0,7.5,RENT,24500.0,home_improvement,36,4085.44,113408.47,0.285,8,2,56,2,2,0,0,0,0
26,37800.0,1.0,MORTGAGE,4400.0,home_improvement,60,588.3,16900.3,0.652,11,3,50,0,0,0,1,0,0
37,80800.0,1.9,MORTGAGE,6000.0,debt_consolidation,60,909.55,29002.42,0.615,10,1,183,0,0,0,0,0,1
71,80100.0,15.0,MORTGAGE,29000.0,small_business,36,1580.35,38073.55,0.545,8,0,425,0,0,0,0,1,1
70,36100.0,11.8,MORTGAGE,13800.0,debt_consolidation,36,492.86,28812.35,0.499,7,1,245,0,0,0,0,0,1
58,79100.0,24.4,RENT,6500.0,home_improvement,36,2471.28,91627.74,0.533,6,1,377,0,0,0,0,0,1
44,88000.0,3.6,RENT,23500.0,credit_card,36,1749.16,50408.9,0.363,15,1,162,0,0,0,0,0,1
71,90300.0,19.9,RENT,28100.0,credit_card,36,3317.4,139150.24,0.25,4,1,305,0,1,0,0,0,1
30,56300.0,5.8,OWN,23300.0,major_purchase,60,367.95,18334.04,0.42,7,0,79,0,0,0,0,0,1
28,77500.0,1.3,RENT,5400.0,credit_card,36,3440.35,102201.69,0.326,5,2,74,0,0,0,0,0,1
41,72700.0,1.1,OWN,13700.0,small_business,36,1386.76,31805.16,0.249,11,1,197,0,0,0,0,0,1
26,68700.0,0.3,RENT,6700.0,home_improvement,60,1127.83,65241.77,0.671,11,0,55,0,0,0,0,1,0
41,106600.0,7.4,MORTGAGE,23600.0,credit_card,36,2542.53,151970.17,0.66,7,0,204,0,0,0,0,0,0
59,38700.0,14.7,MORTGAGE,7700.0,debt_consolidation,60,600.02,16497.96,0.727,9,0,417,0,0,1,0,0,1
44,41100.0,14.3,OWN,11800.0,medical,36,572.4,20999.89,0.153,6,4,238,0,0,0,0,0,1
53,36400.0,8.7,RENT,11600.0,debt_consolidation,60,403.89,6558.93,0.58,7,0,289,0,0,0,0,0,1
38,112800.0,2.3,RENT,49200.0,major_purchase,36,1087.58,56125.94,0.811,9,2,187,0,0,0,0,0,0
48,64900.0,1.9,MORTGAGE,7500.0,credit_card,36,476.59,7967.16,0.168,6,1,269,0,0,0,0,0,1
52,46500.0,8.2,OWN,17200.0,home_improvement,36,449.71,22298.3,0.206,8,2,182,0,0,0,0,0,1
32,131300.0,9.3,RENT,50000.0,debt_consolidation,60,3457.35,95008.42,0.552,10,1,105,0,0,0,0,0,1
68,57500.0,10.7,MORTGAGE,15900.0,debt_consolidation,60,1086.17,62001.94,0.975,10,2,282,2,0,0,0,0,1
62,19700.0,3.5,RENT,7200.0,debt_consolidation,36,196.21,5146.15,0.382,10,1,491,1,0,0,0,0,1
47,45800.0,10.3,MORTGAGE,8700.0,medical,36,606.27,36351.84,0.193,5,3,270,0,0,0,0,0,1
30,68900.0,4.0,MORTGAGE,4400.0,debt_consolidation,60,1287.74,27302.46,0.071,7,1,72,0,0,0,0,0,1
66,80100.0,20.3,MORTGAGE,8800.0,debt_consolidation,36,708.28,39250.31,0.704,5,1,176,0,0,0,0,0,1
62,45000.0,9.5,MORTGAGE,5300.0,debt_consolidation,36,1648.63,36764.07,0.24,6,1,243,0,0,0,0,0,1
52,51700.0,1.3,RENT,20700.0,small_business,36,1161.62,60580.77,0.549,10,0,370,2,2,0,0,0,1
62,49800.0,20.3,MORTGAGE,21600.0,credit_card,36,470.89,13282.43,0.477,16,2,496,0,0,0,0,1,1
46,92300.0,7.5,MORTGAGE,19500.0,debt_consolidation,60,1844.43,64585.43,0.281,8,1,111,1,0,0,0,0,1
45,135900.0,9.0,OWN,42500.0,credit_card,36,1291.23,49733.12,0.473,5,2,225,0,0,0,0,0,1
31,43500.0,6.8,MORTGAGE,7500.0,debt_consolidation,60,630.36,35012.35,0.318,11,1,108,0,0,0,0,0,1
43,141200.0,7.1,RENT,32200.0,debt_consolidation,60,4877.44,110205.38,0.221,10,1,156,0,0,0,0,0,1
54,71800.0,9.8,RENT,21400.0,credit_card,36,2022.66,116455.82,0.67,10,2,288,0,0,0,0,0,1
60,59600.0,16.3,MORTGAGE,23400.0,debt_consolidation,36,1057.39,26051.66,0.267,7,4,430,3,0,0,1,0,1
43,55300.0,6.1,MORTGAGE,12200.0,debt_consolidation,36,906.95,40288.78,0.412,12,2,123,0,0,0,0,0,1
49,38100.0,13.6,MORTGAGE,12600.0,debt_consolidation,60,919.78,43187.36,0.214,1,1,136,0,0,0,1,0,1
51,40600.0,10.8,RENT,6100.0,credit_card,60,408.34,21254.48,0.327,6,2,161,0,0,0,0,0,1
27,37300.0,1.9,RENT,6800.0,major_purchase,36,987.51,58259.8,0.509,7,0,53,0,0,0,0,0,1
60,35400.0,19.9,OWN,4900.0,home_improvement,36,1005.11,17779.72,0.695,8,1,204,0,0,0,0,0,1
53,80000.0,14.2,MORTGAGE,31700.0,debt_consolidation,36,2784.76,139565.31,0.364,6,2,302,0,0,0,0,0,1
41,204400.0,6.8,RENT,19900.0,home_improvement,36,2655.8,85305.13,0.552,4,0,132,0,0,0,0,0,1
22,42600.0,0.3,MORTGAGE,15300.0,debt_consolidation,36,1303.99,60791.48,0.539,8,1,15,0,0,0,0,0,0
38,55300.0,9.4,OWN,16700.0,credit_card,36,1305.85,35839.65,0.281,5,0,203,0,0,0,0,0,1
67,110800.0,5.1,RENT,34300.0,home_improvement,36,3640.27,209243.67,0.49,7,2,459,0,0,0,0,0,0
53,37000.0,1.8,MORTGAGE,14800.0,credit_card,36,871.03,42465.92,0.039,6,2,132,0,0,0,0,0,1
57,29900.0,10.2,RENT,7800.0,debt_consolidation,60,514.19,17237.98,0.68,3,2,400,0,0,0,0,0,1
54,22200.0,20.3,MORTGAGE,1800.0,medical,36,316.99,18522.53,0.456,7,0,168,0,0,0,0,0,0
40,66500.0,11.9,MORTGAGE,28100.0,debt_consolidation,36,270.43,13615.26,0.194,7,2,126,1,0,0,0,0,1
55,45500.0,21.7,MORTGAGE,8400.0,debt_consolidation,36,840.36,39661.15,0.318,6,3,243,0,0,1,0,0,0
71,31200.0,11.4,MORTGAGE,1900.0,major_purchase,36,670.07,34991.99,0.222,9,1,539,1,2,0,0,0,1
70,44500.0,12.2,RENT,11700.0,major_purchase,60,1458.96,64556.69,0.355,6,2,225,0,0,0,0,0,1
38,103500.0,10.5,RENT,20000.0,debt_consolidation,36,4198.65,152666.94,0.501,4,2,118,3,0,1,0,0,0
66,50700.0,8.1,RENT,21000.0,credit_card,36,1708.75,47598.5,0.508,9,2,539,0,0,0,0,0,1
44,101300.0,5.3,MORTGAGE,25800.0,debt_consolidation,36,712.43,14062.73,0.151,8,0,101,0,0,0,0,0,1
28,81200.0,0.2,RENT,5800.0,major_purchase,36,1371.24,45708.88,0.473,3,2,112,0,0,0,0,0,1
50,69200.0,13.6,RENT,10000.0,credit_card,36,1374.69,49754.15,0.44,7,1,228,0,0,0,0,0,1
64,63100.0,5.7,RENT,8800.0,credit_card,36,1364.24,78390.58,0.621,8,0,365,0,0,0,0,0,1
30,91900.0,2.3,MORTGAGE,32700.0,debt_consolidation,36,2144.13,91990.34,0.419,8,2,131,0,0,0,0,0,0
43,74500.0,15.1,OWN,5700.0,credit_card,36,1510.79,26061.66,0.204,9,0,128,1,0,0,0,0,1
69,70500.0,28.4,RENT,12700.0,home_improvement,36,1503.07,24131.46,0.175,9,0,294,0,0,0,0,0,1
31,21800.0,0.9,RENT,6900.0,debt_consolidation,36,260.89,13796.79,0.626,10,1,141,0,0,0,0,0,1
22,53400.0,1.0,MORTGAGE,15800.0,major_purchase,36,473.62,19728.68,0.419,9,1,20,0,0,0,0,0,1
46,27000.0,15.3,MORTGAGE,8300.0,debt_consolidation,36,432.81,17461.33,0.151,3,3,229,0,0,0,0,0,0
56,34900.0,7.5,MORTGAGE,9600.0,major_purchase,36,916.12,28451.85,0.207,8,1,183,0,0,0,0,0,1
53,110100.0,14.6,RENT,13200.0,home_improvement,36,1982.09,93777.57,0.652,3,3,191,0,0,0,0,0,1
67,58000.0,2.7,MORTGAGE,18500.0,small_business,60,533.76,28016.64,0.576,11,1,550,0,0,1,0,0,1
33,156900.0,5.9,RENT,50000.0,home_improvement,36,3456.5,191328.98,0.069,17,1,115,0,0,0,0,0,1
60,94100.0,3.8,RENT,6300.0,debt_consolidation,60,2002.75,70054.84,0.1,6,1,361,0,0,0,0,0,1
45,43300.0,12.6,MORTGAGE,8400.0,debt_consolidation,60,616.18,11551.86,0.352,11,1,280,0,0,0,0,0,1
24,50400.0,2.0,MORTGAGE,8400.0,home_improvement,36,472.74,25555.18,0.108,11,2,65,1,0,1,0,1,0
62,90000.0,3.6,RENT,9800.0,debt_consolidation,36,2225.46,101780.6,0.404,10,0,238,0,0,0,0,0,1
39,85200.0,8.5,MORTGAGE,13300.0,debt_consolidation,36,1848.41,87313.61,0.578,8,2,130,0,0,0,0,0,1
38,107200.0,6.0,RENT,6500.0,debt_consolidation,36,658.3,37829.4,0.453,14,3,107,0,0,0,0,0,1
57,19000.0,5.6,MORTGAGE,5800.0,home_improvement,36,56.2,1423.66,0.164,7,0,342,0,0,0,0,0,1
50,26600.0,3.9,RENT,7800.0,small_business,60,901.43,46382.12,0.125,7,3,163,0,0,0,0,0,1
39,45300.0,2.3,RENT,11400.0,debt_consolidation,36,919.91,31699.23,0.127,10,1,203,0,0,0,0,1,0
43,91100.0,10.5,OWN,16000.0,debt_consolidation,36,2853.64,163288.89,0.35,8,4,175,0,0,0,1,0,1
36,97700.0,9.5,MORTGAGE,43000.0,credit_card,36,1452.53,43189.84,0.33,9,1,88,0,0,0,0,0,1
21,18000.0,0.1,MORTGAGE,5400.0,debt_consolidation,36,190.11,7784.53,0.176,9,0,23,1,0,0,0,0,1
32,38900.0,3.5,MORTGAGE,15800.0,credit_card,36,241.85,10861.73,0.521,7,2,70,0,0,0,0,0,1
44,85900.0,7.1,MORTGAGE,14800.0,debt_consolidation,36,745.1,12533.31,0.447,8,0,229,3,0,0,0,0,0
54,36000.0,12.9,MORTGAGE,12700.0,debt_consolidation,36,791.16,34791.69,0.384,5,6,383,0,0,0,0,0,1
28,73900.0,3.7,RENT,3900.0,debt_consolidation,36,1463.38,67616.89,0.375,5,1,57,0,0,0,0,0,1
38,81900.0,4.3,OWN,26300.0,debt_consolidation,36,814.8,42601.04,0.112,5,0,200,0,0,0,0,0,1
68,48400.0,13.4,RENT,16900.0,debt_consolidation,36,637.35,18943.01,0.35,2,3,515,0,0,0,1,0,1
25,66500.0,1.5,OWN,10500.0,auto,36,552.81,26191.98,0.74,9,2,34,0,0,0,0,0,1
46,59300.0,1.2,MORTGAGE,26600.0,credit_card,36,657.73,34172.33,0.099,10,1,221,0,0,0,0,0,1
50,84500.0,18.7,MORTGAGE,21100.0,debt_consolidation,60,1673.69,86884.68,0.307,10,0,181,0,0,0,0,0,1
33,56500.0,4.7,RENT,11200.0,debt_consolidation,36,587.62,15155.43,0.304,8,2,133,0,0,0,0,0,1
39,23500.0,2.1,RENT,2900.0,debt_consolidation,36,492.47,28545.93,0.603,7,1,219,1,0,0,0,0,0
49,87600.0,0.5,MORTGAGE,9800.0,home_improvement,36,1474.37,70404.04,0.579,12,1,272,0,0,0,0,0,1
23,63400.0,1.7,MORTGAGE,8400.0,major_purchase,36,1274.21,58833.65,0.844,10,1,49,0,0,0,0,0,1
46,87300.0,12.2,MORTGAGE,23100.0,debt_consolidation,36,1886.88,97229.45,0.248,6,3,135,0,0,0,0,0,1
60,40500.0,16.4,MORTGAGE,10700.0,debt_consolidation,60,743.92,37434.12,0.52,7,0,372,0,0,0,0,1,1
32,55700.0,3.7,OWN,14600.0,debt_consolidation,36,1088.92,26698.93,0.173,9,2,103,0,1,0,0,0,1
22,48800.0,0.4,OWN,19200.0,debt_consolidation,36,561.96,23738.05,0.381,7,1,27,0,0,0,0,0,1
31,106200.0,1.2,RENT,5400.0,debt_consolidation,60,3777.2,195429.5,0.126,13,0,61,0,0,0,0,0,1
64,93500.0,11.9,RENT,14700.0,credit_card,60,3458.15,156281.47,0.188,4,2,497,0,0,0,0,1,1
48,148000.0,2.3,MORTGAGE,50000.0,medical,36,3174.09,130416.71,0.717,9,0,330,0,0,0,0,0,1
38,60700.0,3.8,MORTGAGE,5500.0,home_improvement,36,1520.56,41596.32,0.238,6,2,194,0,0,0,0,0,1
33,32500.0,8.8,MORTGAGE,4200.0,major_purchase,60,1105.53,55300.46,0.474,6,1,109,0,0,0,0,0,1
57,36400.0,5.3,RENT,6600.0,debt_consolidation,36,461.19,8035.43,0.621,4,1,325,1,0,0,0,1,0
42,106900.0,4.0,MORTGAGE,40100.0,credit_card,36,3232.32,148529.2,0.202,5,3,226,0,0,0,0,0,1
32,134000.0,3.9,MORTGAGE,38000.0,major_purchase,36,2191.39,108856.7,0.286,11,0,141,0,0,0,0,0,1
22,31300.0,0.3,OWN,8500.0,debt_consolidation,36,465.54,26400.31,0.535,10,0,41,0,0,0,0,0,1
57,49100.0,16.5,MORTGAGE,20600.0,major_purchase,36,609.41,29398.47,0.427,7,1,219,0,0,0,0,0,1
27,35100.0,1.5,OWN,8600.0,debt_consolidation,36,836.16,32268.93,0.396,10,1,37,0,0,0,0,0,1
46,194300.0,18.9,RENT,50000.0,auto,36,3151.15,75146.34,0.282,9,1,315,0,0,0,0,0,1
46,80100.0,22.2,MORTGAGE,8300.0,debt_consolidation,36,1619.0,53311.26,0.363,6,1,203,0,0,0,0,1,1
44,40000.0,8.8,RENT,8400.0,debt_consolidation,36,406.7,7833.83,0.215,10,0,238,0,0,0,0,0,1
32,38800.0,4.3,MORTGAGE,14700.0,debt_consolidation,36,238.05,8298.93,0.229,8,1,70,0,0,0,0,0,1
36,144000.0,8.7,OWN,15900.0,debt_consolidation,36,2452.84,53127.74,0.885,7,1,120,0,0,0,0,0,1
43,92300.0,15.3,MORTGAGE,11100.0,major_purchase,36,3363.82,73564.01,0.564,6,0,179,0,0,0,0,0,1
60,66000.0,3.6,MORTGAGE,13400.0,debt_consolidation,60,1580.47,37648.49,0.363,10,1,415,0,0,0,0,0,1
29,51200.0,2.4,OWN,21600.0,small_business,60,1430.84,66538.29,0.532,6,1,110,0,0,0,0,0,1
52,51900.0,14.1,RENT,6400.0,major_purchase,36,704.41,19938.83,0.737,5,0,334,0,0,0,0,0,1
35,30200.0,1.8,MORTGAGE,13100.0,medical,36,723.26,32984.11,0.807,5,1,174,0,0,0,1,0,0
57,43900.0,14.8,OWN,14000.0,major_purchase,60,1167.62,59137.96,0.834,7,0,201,0,0,0,0,0,1
33,50400.0,4.9,MORTGAGE,12000.0,medical,36,1400.29,81175.59,0.342,11,2,127,0,0,0,0,0,1
25,60100.0,2.3,MORTGAGE,3400.0,debt_consolidation,36,976.94,18346.96,0.449,11,1,80,0,0,0,0,0,1
31,62000.0,4.5,MORTGAGE,16100.0,auto,36,2248.51,35583.76,0.66,10,1,74,0,0,0,0,0,1
30,109800.0,3.2,MORTGAGE,23700.0,debt_consolidation,36,1397.27,47719.25,0.298,6,2,71,0,0,0,0,0,1
33,43400.0,3.3,RENT,15900.0,debt_consolidation,60,267.91,5851.71,0.298,7,0,141,0,0,0,0,0,1
61,140200.0,2.8,RENT,38400.0,debt_consolidation,36,4189.97,107127.06,0.86,5,2,421,0,0,0,0,0,0
66,60700.0,2.2,MORTGAGE,26700.0,home_improvement,36,1596.81,93341.65,0.179,4,0,357,0,0,0,0,0,1
70,79000.0,7.0,RENT,7500.0,debt_consolidation,36,1588.13,95154.89,0.255,9,2,372,0,0,0,0,0,0
35,115400.0,7.7,RENT,48000.0,debt_consolidation,36,3450.92,204744.23,0.632,5,0,174,0,0,0,0,0,1
62,87500.0,1.1,OWN,17700.0,credit_card,60,253.98,14206.46,0.363,12,0,314,0,0,0,0,0,1
27,98100.0,0.2,MORTGAGE,24800.0,credit_card,36,2614.19,154624.69,0.457,9,1,91,0,0,0,0,0,1
60,47000.0,10.1,RENT,18400.0,debt_consolidation,60,572.61,13307.76,0.573,9,1,316,0,0,0,0,0,1
48,59700.0,18.2,MORTGAGE,19300.0,credit_card,36,1990.19,32593.33,0.319,9,1,267,0,0,0,0,0,1
52,97700.0,2.3,MORTGAGE,41900.0,debt_consolidation,36,1838.6,55623.78,1.03,15,0,150,0,0,0,0,0,1
55,98900.0,0.5,OWN,43900.0,credit_card,36,1357.15,55149.46,0.704,11,1,295,0,0,0,0,0,1
35,72100.0,5.4,MORTGAGE,22100.0,credit_card,36,1434.45,51191.12,0.282,7,1,133,2,0,0,0,0,1
68,97300.0,4.9,MORTGAGE,26700.0,auto,36,1307.29,77878.41,0.555,10,1,550,0,0,0,0,0,1
56,41800.0,5.1,MORTGAGE,6300.0,major_purchase,60,954.9,22975.42,0.753,6,0,409,0,0,0,0,0,1
41,94800.0,3.6,OWN,15200.0,debt_consolidation,36,1116.59,27139.57,0.444,8,3,158,0,0,0,0,0,1
26,109200.0,3.7,MORTGAGE,16500.0,debt_consolidation,36,3730.2,192978.9,0.475,13,3,49,0,0,0,0,0,1
21,65900.0,0.0,RENT,24000.0,major_purchase,60,1504.08,50934.38,0.244,10,1,12,0,0,0,0,0,1
24,72500.0,2.6,MORTGAGE,21500.0,credit_card,36,1378.49,48783.08,0.693,7,1,32,0,0,0,0,0,1
31,21500.0,2.8,RENT,7400.0,home_improvement,36,651.72,29638.27,0.297,11,2,127,0,0,0,0,0,1
64,141100.0,7.9,OWN,50000.0,credit_card,60,1252.4,67217.24,0.484,10,0,519,0,0,0,0,0,1
46,79800.0,13.2,MORTGAGE,32500.0,home_improvement,36,1188.65,71312.86,0.397,6,2,299,0,0,0,1,0,1
57,90900.0,12.0,RENT,9900.0,debt_consolidation,60,1791.59,106377.16,0.231,10,1,303,0,0,0,0,0,1
43,79300.0,6.6,RENT,31700.0,home_improvement,36,1548.1,82559.07,0.388,9,1,122,0,0,0,0,0,1
49,85000.0,7.3,RENT,26200.0,major_purchase,36,595.92,13141.85,0.455,10,0,251,0,0,0,0,0,1
41,81700.0,12.3,MORTGAGE,34100.0,debt_consolidation,36,1199.68,25886.17,0.63,6,3,166,0,0,0,0,0,1
68,148700.0,27.9,MORTGAGE,50000.0,debt_consolidation,60,2432.65,116115.58,0.254,1,2,327,0,0,0,0,0,1
65,258100.0,15.6,RENT,50000.0,credit_card,36,4117.87,166203.41,0.551,11,0,416,0,0,0,0,0,1
65,120200.0,10.1,MORTGAGE,40300.0,major_purchase,36,4626.43,239331.71,0.425,14,2,444,1,0,0,0,0,1
69,131300.0,23.0,OWN,49900.0,major_purchase,36,1049.42,23883.45,0.663,8,1,533,0,0,0,0,0,1
47,51700.0,3.4,RENT,7900.0,credit_card,60,1156.82,66102.05,0.72,8,1,153,0,0,0,0,0,1
59,58600.0,17.1,RENT,14300.0,credit_card,36,465.09,7392.41,0.361,6,0,462,0,0,0,0,0,1
60,80900.0,16.2,MORTGAGE,12400.0,major_purchase,60,723.34,17141.13,0.482,8,2,311,0,0,0,0,0,1
33,88800.0,4.0,MORTGAGE,7600.0,debt_consolidation,60,4013.1,148614.51,0.474,5,2,122,0,0,0,0,0,1
43,81300.0,11.3,RENT,26800.0,small_business,36,2310.65,134657.79,0.53,8,2,280,1,1,1,0,0,0
36,38900.0,5.3,RENT,10800.0,debt_consolidation,60,1302.39,69495.5,0.281,8,1,122,0,0,0,0,0,1
50,52500.0,5.1,RENT,11000.0,credit_card,60,1043.52,48034.75,0.516,4,2,159,0,0,0,0,0,1
24,54100.0,0.9,RENT,7300.0,medical,60,1056.09,53361.5,0.559,12,1,27,1,1,0,0,0,1
60,85300.0,12.9,OWN,10700.0,credit_card,36,1748.93,51395.72,0.245,7,1,256,0,0,0,0,0,1
36,55500.0,5.1,MORTGAGE,9000.0,debt_consolidation,60,1047.77,48113.49,0.451,9,0,79,0,0,0,0,0,1
51,59200.0,14.1,RENT,26200.0,major_purchase,36,1198.0,64117.47,0.247,7,1,332,0,0,0,0,0,1
62,57200.0,6.8,RENT,24900.0,credit_card,36,549.52,24792.08,0.446,16,1,319,0,0,0,0,0,1
45,93400.0,12.4,RENT,36200.0,debt_consolidation,60,1264.88,67236.38,0.722,16,1,240,0,0,0,0,0,1
64,128100.0,33.9,MORTGAGE,9900.0,debt_consolidation,36,2581.41,126310.64,0.351,8,0,284,0,0,1,0,1,1
32,42700.0,2.0,MORTGAGE,16300.0,debt_consolidation,60,204.98,6375.55,0.238,7,1,93,0,0,0,0,0,1
46,100600.0,13.4,RENT,35400.0,debt_consolidation,36,3992.49,181514.3,0.224,7,0,181,0,0,0,0,0,1
57,40200.0,5.0,OWN,17100.0,credit_card,36,535.26,19829.9,0.224,7,1,416,0,0,0,0,0,1
68,94700.0,8.9,MORTGAGE,22400.0,credit_card,36,2069.81,114805.11,0.449,10,2,303,0,0,0,0,0,1
53,33000.0,10.0,MORTGAGE,8400.0,small_business,36,759.69,16547.75,0.542,6,3,147,0,0,0,1,0,0
48,141500.0,7.9,RENT,39200.0,credit_card,60,1166.32,66631.46,0.22,10,1,130,0,0,0,0,0,1
29,56900.0,0.6,RENT,15300.0,debt_consolidation,36,1575.28,54429.34,0.265,2,1,67,0,0,0,0,0,1
32,74500.0,7.3,MORTGAGE,13100.0,debt_consolidation,36,781.23,27751.04,0.571,10,0,64,0,0,0,0,0,1
25,70500.0,0.6,MORTGAGE,8100.0,debt_consolidation,36,642.66,32681.29,0.199,6,0,65,0,2,0,0,0,0
48,139700.0,10.9,RENT,46800.0,medical,36,2447.36,73451.09,0.332,10,1,159,0,0,0,0,0,1
55,46000.0,2.2,OWN,19100.0,debt_consolidation,36,1268.59,26745.16,0.201,10,1,369,0,0,0,0,0,1
25,64200.0,0.6,MORTGAGE,20300.0,credit_card,36,916.48,48293.62,0.32,3,1,78,0,0,0,0,0,1
54,72100.0,2.3,RENT,27500.0,small_business,36,1539.21,65784.08,0.483,4,1,406,2,2,1,0,0,0
66,113100.0,9.4,OWN,29200.0,medical,60,1487.42,85390.66,0.534,13,3,536,0,0,0,0,0,1
54,43600.0,3.7,MORTGAGE,11000.0,debt_consolidation,36,830.59,45033.25,0.161,9,1,178,0,0,0,0,0,1
33,20400.0,5.0,RENT,9100.0,debt_consolidation,36,822.4,15651.28,0.431,5,3,145,0,0,0,0,0,1
59,35200.0,12.8,RENT,15800.0,debt_consolidation,60,737.9,36817.44,0.28,7,1,314,0,0,0,0,0,1
62,98600.0,7.6,RENT,28900.0,debt_consolidation,36,2352.52,67036.04,0.062,8,1,373,2,0,0,0,0,1
65,69000.0,8.6,RENT,13700.0,credit_card,60,788.39,32845.16,0.67,14,1,381,0,0,0,0,0,1
68,63700.0,27.9,RENT,12700.0,credit_card,36,2004.65,64245.35,0.401,10,2,519,0,0,0,0,0,1
34,41600.0,3.5,MORTGAGE,13300.0,home_improvement,36,1269.71,65807.01,0.576,10,1,71,1,1,1,0,0,0
31,68800.0,2.7,RENT,9600.0,debt_consolidation,36,2006.1,110351.54,0.558,9,2,52,0,0,0,0,0,1
62,87600.0,11.8,RENT,38700.0,credit_card,36,2655.8,93201.38,0.166,6,0,332,0,0,0,0,0,1
58,62000.0,9.9,RENT,20800.0,debt_consolidation,36,1280.66,33849.04,0.265,8,1,260,0,0,0,0,0,1
24,135000.0,0.5,RENT,15500.0,major_purchase,36,4319.29,135003.46,0.137,9,1,65,0,0,0,0,0,1
53,105300.0,15.5,RENT,20600.0,major_purchase,36,2254.66,58781.57,0.404,8,1,171,0,0,0,0,0,1
27,61500.0,4.1,RENT,8600.0,credit_card,36,1503.69,69823.74,0.337,8,1,60,1,0,0,0,0,1
61,96700.0,3.1,MORTGAGE,8200.0,debt_consolidation,36,1670.13,44032.64,0.175,3,2,376,0,0,0,0,0,1
28,68700.0,2.5,RENT,21200.0,auto,36,886.07,49029.7,0.131,4,0,45,0,0,0,0,1,1
57,78400.0,21.4,RENT,7200.0,small_business,36,2887.16,71592.28,0.197,10,0,233,0,0,0,0,0,1
71,58300.0,47.1,OWN,12200.0,debt_consolidation,36,1809.88,30727.97,0.196,8,1,533,0,0,0,0,0,1
30,73000.0,5.9,RENT,23200.0,credit_card,36,1270.68,68852.12,0.652,9,1,49,0,0,0,0,0,0
63,29200.0,14.0,MORTGAGE,3300.0,debt_consolidation,36,337.28,10674.74,0.096,9,2,466,0,0,0,0,0,1
35,42700.0,5.6,RENT,17200.0,debt_consolidation,60,207.45,5166.56,0.261,6,1,114,0,0,0,0,0,1
58,126700.0,22.0,MORTGAGE,15700.0,debt_consolidation,36,1875.7,80993.14,0.492,12,1,209,0,0,0,0,0,1
35,55400.0,0.2,OWN,16300.0,home_improvement,36,1312.91,71151.05,0.513,10,2,178,0,1,0,0,0,1
25,37100.0,1.1,RENT,15600.0,debt_consolidation,36,1243.57,40323.65,0.459,11,2,54,0,0,0,0,0,1
49,164700.0,1.8,RENT,14500.0,debt_consolidation,36,3184.75,71241.63,0.548,5,0,182,0,1,0,0,0,1
39,56200.0,9.2,MORTGAGE,5200.0,debt_consolidation,36,1099.9,51040.6,0.086,11,0,94,0,0,0,0,0,0
71,88800.0,5.2,RENT,8900.0,debt_consolidation,36,721.57,27750.02,0.123,5,1,294,0,0,0,0,0,1
30,49900.0,5.8,OWN,9600.0,small_business,36,1205.81,50565.47,0.496,6,1,58,0,0,0,1,0,1
32,110000.0,1.8,MORTGAGE,35000.0,credit_card,36,3264.45,129996.67,0.165,5,0,151,1,0,0,0,0,0
24,66400.0,2.3,RENT,17600.0,debt_consolidation,36,1856.08,50180.58,0.675,11,1,33,3,0,0,0,0,0
51,26300.0,16.2,RENT,4500.0,debt_consolidation,60,618.91,34178.72,0.275,9,1,363,0,0,0,0,0,1
38,207000.0,6.6,RENT,50000.0,home_improvement,60,3002.43,133569.31,0.103,10,0,151,0,0,0,0,0,1
36,48000.0,12.2,RENT,11000.0,medical,36,1032.43,41547.07,0.373,4,1,199,0,0,0,0,0,1
60,55600.0,2.4,MORTGAGE,10600.0,credit_card,36,996.13,30137.52,0.322,8,2,229,0,1,0,0,0,1
56,34000.0,23.2,RENT,6900.0,debt_consolidation,60,810.39,27084.98,0.643,11,1,317,0,0,0,0,0,1
45,24600.0,4.6,RENT,4800.0,credit_card,36,440.79,17580.19,0.706,4,1,301,0,0,0,0,0,1
43,120900.0,7.0,RENT,30800.0,debt_consolidation,36,3304.11,114385.09,0.499,9,1,282,0,0,0,1,0,0
32,74200.0,3.6,MORTGAGE,15000.0,debt_consolidation,36,800.4,34570.87,0.569,4,2,84,0,0,0,0,0,1
54,22800.0,11.2,RENT,4100.0,credit_card,60,810.92,44254.5,0.437,9,1,225,0,0,0,0,0,1
56,53800.0,7.9,RENT,9600.0,debt_consolidation,36,1039.82,53706.5,0.308,9,0,363,0,0,0,0,0,1
57,81500.0,8.9,RENT,11200.0,medical,60,1076.58,27632.83,0.151,9,2,358,0,0,0,0,0,1
23,92200.0,0.4,RENT,12300.0,small_business,36,832.53,26704.26,0.238,6,2,31,0,0,0,0,0,1
29,40700.0,0.5,OWN,6700.0,debt_consolidation,60,754.01,44071.43,0.126,12,0,46,0,0,0,0,0,1
38,49900.0,7.8,MORTGAGE,21900.0,medical,36,1033.37,29195.73,0.933,5,1,130,0,0,0,0,0,1
63,45600.0,27.9,RENT,6000.0,debt_consolidation,60,937.22,21739.85,0.457,13,2,350,0,0,0,0,0,1
55,53800.0,10.1,OWN,12300.0,credit_card,36,2066.62,71508.36,0.505,5,1,164,0,0,0,0,0,1
54,74900.0,9.5,RENT,31000.0,credit_card,36,1300.27,72582.5,0.771,7,2,365,0,0,0,0,0,1
61,103500.0,16.3,MORTGAGE,5700.0,credit_card,36,3621.99,156997.01,0.533,10,0,297,1,0,0,0,0,1
34,75300.0,6.8,MORTGAGE,22000.0,debt_consolidation,36,1466.85,67622.44,0.269,8,0,149,0,0,0,0,0,1
24,76600.0,1.8,MORTGAGE,30500.0,medical,36,1297.34,34286.39,0.71,13,0,23,0,0,0,0,0,1
49,59500.0,7.0,RENT,7000.0,debt_consolidation,36,731.08,15865.76,0.604,12,1,132,0,0,0,0,0,1
61,34700.0,25.9,MORTGAGE,13000.0,credit_card,36,848.51,50581.13,0.086,4,0,428,0,0,0,0,0,1
65,61100.0,23.1,MORTGAGE,18800.0,home_improvement,60,1315.43,36876.34,0.406,5,4,315,0,0,0,0,0,1
70,52400.0,11.9,RENT,19800.0,major_purchase,36,1330.77,62596.92,0.075,9,0,305,0,0,0,0,0,1
35,45300.0,4.2,RENT,3600.0,credit_card,36,933.54,42584.46,0.499,5,1,132,0,0,0,0,0,1
48,66800.0,11.9,RENT,5200.0,home_improvement,60,485.28,10009.05,0.21,11,0,249,0,0,0,0,0,1
62,28000.0,9.7,RENT,3000.0,debt_consolidation,36,556.72,23059.16,0.381,6,1,279,0,0,0,0,0,1
36,51200.0,5.9,RENT,22600.0,home_improvement,36,534.88,10667.09,0.371,16,1,185,0,0,0,0,0,1
32,45300.0,3.1,RENT,18200.0,home_improvement,36,697.23,22915.6,0.166,5,0,53,0,0,0,0,0,1
25,41700.0,3.5,MORTGAGE,11600.0,debt_consolidation,60,1594.67,61768.0,0.211,6,1,39,0,0,0,0,0,1
54,91000.0,7.4,MORTGAGE,23800.0,debt_consolidation,36,864.9,43390.06,0.43,12,0,344,0,0,0,0,1,1
62,70800.0,14.3,RENT,10800.0,debt_consolidation,36,1355.98,26576.52,0.279,6,3,399,0,0,0,0,0,1
21,85600.0,0.4,RENT,11500.0,debt_consolidation,60,1064.96,60720.96,0.246,8,0,28,0,0,0,0,0,1
59,83700.0,9.2,RENT,12000.0,credit_card,60,2643.49,49426.95,0.03,7,0,381,0,0,0,0,0,1
52,38500.0,6.2,RENT,13200.0,major_purchase,36,426.54,13006.66,0.449,2,0,190,1,0,0,0,0,1
46,120700.0,11.3,MORTGAGE,36600.0,credit_card,36,3239.1,117116.3,0.279,9,1,201,0,0,0,0,0,1
37,50900.0,8.9,RENT,12800.0,credit_card,60,1351.62,41445.99,0.215,9,0,101,0,0,0,1,0,0
68,123100.0,4.6,MORTGAGE,47200.0,auto,36,2007.59,38222.37,0.347,14,3,194,0,0,0,0,0,1
47,53600.0,6.5,RENT,4000.0,credit_card,36,345.16,13036.7,0.742,10,0,197,0,0,0,0,1,1
44,32900.0,15.1,RENT,2100.0,debt_consolidation,36,719.73,18873.5,0.535,11,0,244,0,0,0,0,0,1
55,37200.0,13.3,OWN,14100.0,home_improvement,60,499.33,22498.73,0.28,8,0,188,0,0,0,0,0,0
66,111500.0,9.0,MORTGAGE,24100.0,credit_card,36,2266.25,129675.46,0.618,7,0,184,0,0,0,0,0,0
62,89300.0,3.7,RENT,28200.0,auto,60,852.1,37199.66,0.221,7,1,186,0,0,0,0,0,1
59,43900.0,9.6,OWN,9300.0,major_purchase,60,681.82,14304.92,0.777,7,0,269,0,0,0,0,0,1
46,74600.0,11.2,RENT,16800.0,medical,36,2092.55,70994.75,0.072,10,2,157,0,0,0,0,0,1
69,112900.0,2.9,OWN,6700.0,debt_consolidation,36,4815.35,99964.01,0.243,7,1,381,0,0,0,0,0,1
58,162100.0,4.9,RENT,42500.0,debt_consolidation,36,984.4,34879.05,0.04,9,2,449,0,0,0,0,0,1
43,72000.0,5.7,MORTGAGE,4600.0,credit_card,60,378.65,21817.88,0.462,7,2,121,0,0,0,0,0,1
42,79000.0,2.8,RENT,15100.0,debt_consolidation,36,1427.56,40856.78,0.51,9,0,103,0,0,0,1,1,0
24,60500.0,1.5,OWN,6300.0,credit_card,36,1479.44,27045.37,0.242,7,0,26,2,0,0,0,0,1
69,66600.0,4.7,MORTGAGE,9100.0,home_improvement,60,1312.52,46820.12,0.52,8,0,474,0,0,0,0,0,1
29,90800.0,1.6,RENT,37500.0,credit_card,60,2413.33,131283.78,0.213,7,0,61,0,0,0,0,0,1
24,36400.0,0.2,MORTGAGE,15900.0,credit_card,60,404.81,8571.58,0.222,9,2,66,0,0,0,0,0,0
27,94600.0,4.2,RENT,6000.0,home_improvement,36,1914.78,92353.45,0.385,4,1,38,0,0,0,0,0,1
43,53500.0,5.8,MORTGAGE,22200.0,home_improvement,36,669.4,22447.86,0.28,6,1,95,0,0,0,0,0,1
22,44100.0,1.3,MORTGAGE,17200.0,home_improvement,36,676.24,23858.29,0.067,6,1,32,1,1,0,0,0,1
69,44200.0,17.0,MORTGAGE,11300.0,small_business,36,314.52,15544.29,0.415,8,1,539,0,0,0,0,0,1
44,188400.0,5.8,RENT,45900.0,medical,36,5171.05,304081.66,0.334,13,1,116,0,0,0,0,0,1
60,135100.0,15.7,OWN,27700.0,debt_consolidation,36,1607.96,44985.57,0.209,9,1,271,1,0,0,0,0,1
51,41200.0,3.2,MORTGAGE,12800.0,major_purchase,36,884.7,29338.02,0.12,6,3,225,1,2,0,0,0,0
67,76800.0,7.2,RENT,9400.0,debt_consolidation,36,2061.93,36421.41,0.269,4,0,308,0,0,0,0,0,1
51,75100.0,18.4,RENT,6000.0,credit_card,36,1107.94,34163.62,0.526,4,2,134,0,0,0,0,0,1
67,171700.0,23.7,MORTGAGE,50000.0,medical,36,4400.49,113319.82,0.283,11,1,550,0,0,0,0,0,1
60,52000.0,7.8,MORTGAGE,19700.0,credit_card,60,855.05,41621.34,0.494,9,2,452,0,0,0,0,0,1
68,19500.0,6.8,MORTGAGE,3900.0,debt_consolidation,36,220.53,10168.22,0.172,8,2,547,0,0,0,0,0,1
71,61900.0,34.9,RENT,4700.0,credit_card,36,1818.71,54255.29,0.399,2,2,329,0,0,0,0,0,1
63,57000.0,5.9,RENT,24700.0,major_purchase,60,300.5,13072.89,0.594,9,2,260,0,0,0,1,0,1
54,85100.0,14.1,MORTGAGE,6000.0,debt_consolidation,36,1189.42,62106.76,0.216,4,3,243,0,0,0,0,0,1
44,106100.0,10.0,RENT,5400.0,small_business,36,1601.46,84884.85,0.333,7,2,121,0,0,0,0,0,1
69,124200.0,5.2,RENT,20600.0,small_business,36,1791.68,90691.01,0.388,10,0,364,1,0,2,0,0,0
46,122000.0,6.7,MORTGAGE,42500.0,major_purchase,60,1646.73,50961.65,0.251,7,1,240,0,0,0,0,0,1
36,94600.0,5.3,RENT,36700.0,debt_consolidation,60,3110.11,113945.03,0.037,7,2,75,0,0,0,0,0,1
67,118000.0,19.5,RENT,33500.0,credit_card,36,3996.77,176528.31,0.442,8,0,195,0,0,0,0,0,1
33,31200.0,0.8,RENT,7300.0,debt_consolidation,36,1038.13,33177.22,0.785,4,2,120,0,0,0,0,0,1
35,57400.0,2.6,MORTGAGE,3200.0,credit_card,36,2305.33,103510.36,0.383,7,1,167,0,0,0,0,0,1
47,66400.0,11.9,MORTGAGE,12600.0,debt_consolidation,36,2220.35,111181.14,0.64,14,2,239,0,0,0,0,0,1
24,85000.0,2.2,MORTGAGE,7100.0,debt_consolidation,60,2709.86,52232.37,0.266,10,1,38,0,0,0,0,0,1
36,46800.0,7.0,MORTGAGE,6400.0,auto,36,760.34,25100.38,0.101,11,2,196,0,0,0,0,0,1
50,45800.0,0.6,RENT,3500.0,credit_card,36,1013.9,43498.78,0.551,11,1,262,0,0,0,0,1,0
64,54400.0,21.5,OWN,22200.0,debt_consolidation,36,599.75,20086.24,0.786,7,2,372,1,0,0,0,0,1
50,84100.0,6.3,MORTGAGE,28000.0,credit_card,36,1798.06,75342.44,0.31,9,0,148,0,0,0,0,0,1
56,18000.0,1.6,OWN,4200.0,home_improvement,36,390.76,15667.42,0.138,9,2,240,0,0,0,0,0,1
23,65500.0,1.2,OWN,27700.0,credit_card,36,2295.69,126532.76,0.688,7,2,42,0,0,0,0,0,1
42,44500.0,12.9,MORTGAGE,5900.0,credit_card,36,650.44,25340.88,0.618,9,0,199,0,0,0,0,0,1
69,41200.0,29.8,OWN,17800.0,home_improvement,60,1077.22,57593.1,0.988,6,2,266,0,0,0,0,0,1
42,79400.0,8.4,RENT,6300.0,debt_consolidation,36,1324.66,26321.15,0.868,4,1,164,1,0,0,0,0,1
70,71600.0,17.1,RENT,26500.0,debt_consolidation,36,1141.56,48086.93,0.557,8,1,482,0,0,0,0,0,1
70,74000.0,12.7,RENT,13400.0,home_improvement,36,353.05,12327.79,0.01,6,2,371,0,0,0,0,0,1
69,72600.0,30.4,MORTGAGE,7500.0,credit_card,36,1178.59,59790.41,0.518,10,1,336,0,0,0,0,0,1
32,142900.0,6.4,MORTGAGE,45000.0,major_purchase,36,2416.02,89732.26,0.433,8,1,79,0,0,0,0,0,1
41,126500.0,7.1,OWN,38500.0,debt_consolidation,36,2132.15,105259.55,0.15,5,2,118,2,1,0,0,0,1
24,30800.0,0.0,MORTGAGE,13000.0,debt_consolidation,60,663.8,18349.66,0.475,8,3,32,0,0,0,0,0,1
51,50600.0,18.2,MORTGAGE,8100.0,debt_consolidation,36,474.75,20516.18,0.092,8,1,161,0,1,0,0,0,1
64,54000.0,2.1,OWN,19200.0,credit_card,36,650.64,10741.9,0.604,7,0,498,0,0,1,0,0,1
51,28700.0,6.9,MORTGAGE,12000.0,debt_consolidation,36,506.02,10920.25,0.344,10,0,305,1,0,0,0,0,1
43,296100.0,6.6,RENT,50000.0,debt_consolidation,36,266.81,13048.08,0.379,9,3,166,0,0,0,0,0,1
40,70000.0,0.6,MORTGAGE,15200.0,credit_card,36,2309.92,36431.27,0.384,5,2,161,0,0,0,0,0,1
35,34500.0,3.5,MORTGAGE,6800.0,debt_consolidation,36,399.35,6047.2,0.452,6,2,152,0,0,0,0,0,1
43,119000.0,2.6,MORTGAGE,50000.0,debt_consolidation,36,1776.06,101951.74,0.647,10,1,201,0,0,0,0,0,1
48,71200.0,8.0,MORTGAGE,20900.0,credit_card,60,1217.8,24982.81,0.574,5,0,336,0,0,0,0,0,1
36,43600.0,7.6,RENT,18300.0,medical,36,655.18,16902.15,0.449,12,1,164,0,0,0,0,0,1
57,97100.0,17.0,RENT,22300.0,debt_consolidation,36,3139.14,78193.17,0.255,11,2,413,0,0,1,0,0,1
41,109500.0,3.3,RENT,44100.0,debt_consolidation,36,3873.5,145002.52,0.337,7,0,83,0,0,0,0,0,1
35,96800.0,8.2,RENT,22700.0,credit_card,36,2255.44,132826.51,0.537,5,1,156,0,0,0,0,0,1
37,89400.0,9.7,MORTGAGE,10100.0,debt_consolidation,36,3123.12,57097.24,0.395,12,1,167,0,0,0,0,0,1
70,44900.0,20.5,MORTGAGE,13000.0,debt_consolidation,36,692.91,37776.24,0.338,12,2,550,1,0,0,0,0,1
57,26800.0,12.4,RENT,10700.0,auto,36,881.68,36107.63,0.333,4,0,388,0,0,0,0,0,1
33,34200.0,2.6,RENT,2200.0,small_business,36,902.3,40849.5,0.46,8,0,101,0,0,0,0,0,1
39,50900.0,2.0,MORTGAGE,8300.0,home_improvement,36,1464.66,73500.62,0.361,5,3,220,0,0,0,0,0,1
50,25500.0,18.0,RENT,10900.0,debt_consolidation,60,476.52,25789.18,0.43,7,0,263,0,0,0,0,0,1
65,178300.0,10.0,RENT,28200.0,debt_consolidation,36,1952.63,105556.87,0.558,8,3,380,0,0,0,0,0,1
38,38300.0,14.7,RENT,8000.0,credit_card,36,917.88,44195.01,0.078,5,1,194,0,0,0,0,0,1
34,59600.0,2.2,MORTGAGE,10800.0,home_improvement,36,908.84,28341.12,0.345,11,0,141,0,0,0,0,0,1
56,71300.0,28.0,OWN,11000.0,credit_card,36,3292.45,169286.36,0.552,11,0,329,2,0,0,1,0,1
56,121300.0,16.1,OWN,25100.0,debt_consolidation,36,2253.39,66510.0,0.346,2,0,152,0,0,0,0,0,1
40,86600.0,4.9,MORTGAGE,33800.0,credit_card,36,1866.64,82467.69,0.161,9,1,146,2,0,1,0,1,0
39,73700.0,7.3,MORTGAGE,13400.0,debt_consolidation,36,1487.66,54773.69,0.536,4,3,76,0,0,0,0,0,1
65,239200.0,14.8,MORTGAGE,50000.0,medical,36,7610.44,422238.28,0.36,13,1,411,0,1,0,0,0,1
64,160300.0,11.0,RENT,23800.0,credit_card,36,4967.21,83635.68,0.328,10,0,282,0,0,0,0,0,1
27,82200.0,0.8,RENT,10100.0,debt_consolidation,36,2080.87,66653.16,0.446,7,2,95,1,0,1,1,0,1
64,77600.0,1.5,RENT,28900.0,major_purchase,60,929.57,14016.3,0.395,7,2,505,0,0,0,0,0,1
24,61500.0,2.1,RENT,6200.0,major_purchase,36,1919.1,55177.84,0.445,14,0,65,0,0,0,0,0,1
54,98700.0,17.4,RENT,35500.0,credit_card,60,2643.42,44677.34,0.703,17,3,240,1,1,0,0,0,1
22,54000.0,0.5,MORTGAGE,16400.0,home_improvement,36,1902.54,39894.38,0.193,4,1,22,0,0,0,0,0,1
25,44000.0,1.2,RENT,11600.0,debt_consolidation,36,1117.91,28057.79,0.557,7,2,32,0,0,0,0,0,0
30,142400.0,5.8,RENT,33400.0,debt_consolidation,36,1097.76,29491.97,0.752,5,1,64,0,0,0,0,0,1
52,43500.0,16.5,MORTGAGE,11500.0,credit_card,36,1334.38,24678.18,0.391,5,1,214,2,0,0,0,1,1
62,64900.0,3.5,MORTGAGE,6500.0,small_business,36,2288.97,128966.6,0.097,13,2,482,1,0,1,0,0,1
61,53500.0,22.4,RENT,8000.0,credit_card,60,619.03,14152.74,0.335,4,1,193,0,0,0,0,0,1
33,63800.0,5.9,MORTGAGE,3700.0,credit_card,36,1032.54,22632.11,0.485,7,2,154,1,0,1,0,0,0
59,73900.0,13.5,MORTGAGE,24400.0,credit_card,36,1597.66,65442.18,0.205,10,0,216,0,0,0,0,0,1
25,66400.0,0.4,RENT,24500.0,small_business,60,1725.88,66443.63,0.317,10,2,57,0,0,0,0,0,1
30,40900.0,0.5,OWN,13300.0,home_improvement,60,1461.22,59189.43,0.08,7,2,84,0,0,0,0,0,1
30,52900.0,3.9,RENT,17600.0,debt_consolidation,36,361.93,8399.46,0.699,13,0,59,1,0,1,0,0,0
58,94800.0,12.0,MORTGAGE,37500.0,medical,36,2269.51,85580.23,0.617,6,2,162,0,0,0,0,0,1
47,74800.0,3.7,RENT,24700.0,debt_consolidation,60,2099.59,31775.27,0.419,9,2,177,0,0,0,0,0,1
71,82200.0,39.4,RENT,15600.0,credit_card,36,1806.93,62887.11,0.104,11,0,192,0,0,0,0,0,1
41,108800.0,12.6,RENT,15900.0,major_purchase,36,2371.21,106242.83,0.46,9,0,187,0,0,0,0,0,1
28,89000.0,0.7,MORTGAGE,19100.0,home_improvement,60,1451.13,42859.27,0.375,7,2,113,0,0,0,0,0,1
21,47600.0,0.1,RENT,11200.0,home_improvement,36,1560.89,23698.31,0.663,3,2,29,0,0,0,0,0,1
48,79100.0,9.0,OWN,12600.0,debt_consolidation,36,2570.98,117574.66,0.49,9,1,311,0,0,0,0,0,1
69,78100.0,22.1,MORTGAGE,13100.0,credit_card,36,801.3,21034.05,0.72,7,2,414,0,0,0,0,0,1
59,27600.0,20.6,OWN,9200.0,medical,36,553.23,22249.5,0.388,9,1,284,0,0,0,0,0,1
34,26400.0,6.1,RENT,3500.0,debt_consolidation,36,174.92,4097.19,0.381,5,2,164,0,0,0,0,0,0
41,84500.0,7.7,RENT,30200.0,debt_consolidation,36,2430.99,76460.47,0.33,6,2,139,0,0,0,0,0,0
50,48600.0,19.3,RENT,7400.0,debt_consolidation,36,1251.44,57654.38,0.16,7,0,180,0,0,0,0,0,1
41,51300.0,16.9,MORTGAGE,10900.0,debt_consolidation,60,1401.14,65181.63,0.265,14,1,123,0,0,0,0,0,1
69,76900.0,20.1,RENT,12300.0,credit_card,36,2497.85,68875.09,0.372,5,2,478,0,0,0,0,0,1
29,66700.0,4.7,OWN,25300.0,debt_consolidation,60,1319.21,76019.39,0.254,7,0,79,2,0,0,0,0,0
37,64100.0,0.9,RENT,13300.0,credit_card,60,1325.17,60098.67,0.052,11,1,118,1,0,0,0,0,1
25,150700.0,4.0,OWN,50000.0,debt_consolidation,36,2472.6,107424.55,0.448,10,0,35,1,0,0,0,0,1
51,57700.0,15.4,MORTGAGE,16800.0,credit_card,36,581.94,32282.68,0.227,5,1,287,0,0,0,0,0,1
60,76400.0,4.1,MORTGAGE,4300.0,debt_consolidation,36,1334.26,37115.14,0.503,6,1,330,0,0,0,0,0,1
58,47900.0,12.6,OWN,18000.0,credit_card,60,1326.77,24436.76,0.537,8,4,270,0,0,0,0,0,1
63,116900.0,12.4,MORTGAGE,38100.0,home_improvement,36,2995.87,125613.67,0.313,12,1,382,0,0,0,0,0,1
39,79600.0,11.6,OWN,12100.0,home_improvement,36,1987.94,44823.46,0.383,7,2,207,0,0,0,0,0,1
56,174300.0,19.5,MORTGAGE,27400.0,small_business,36,5820.07,164175.26,0.276,3,1,204,0,0,0,0,0,1
70,71600.0,2.2,OWN,17700.0,medical,36,647.61,19581.23,0.107,8,2,496,0,0,0,1,0,1
53,78400.0,17.9,MORTGAGE,24800.0,small_business,36,2289.85,134075.41,0.23,5,1,143,0,0,0,0,0,1
33,64700.0,5.7,MORTGAGE,26500.0,medical,36,568.91,29963.12,0.737,7,1,139,0,0,0,0,0,1
34,157200.0,3.8,MORTGAGE,18300.0,debt_consolidation,60,3592.19,147713.09,0.495,9,2,92,0,0,0,0,0,1
53,81000.0,18.5,MORTGAGE,9500.0,credit_card,36,1607.68,82884.22,0.27,6,2,270,1,0,0,0,0,1
49,63300.0,12.8,MORTGAGE,20800.0,debt_consolidation,36,1301.16,47499.62,0.292,10,1,252,0,0,0,0,0,1
63,40500.0,10.0,MORTGAGE,7200.0,small_business,60,1074.54,34434.75,0.143,7,0,485,0,0,0,0,0,1
69,19700.0,19.0,MORTGAGE,2800.0,small_business,60,590.63,9609.77,0.393,7,0,408,0,0,0,0,0,1
56,69600.0,20.1,MORTGAGE,22600.0,debt_consolidation,60,1841.0,99516.87,0.496,9,1,263,0,0,0,0,0,0
64,56000.0,8.4,RENT,4200.0,credit_card,36,1103.35,47227.48,0.294,9,2,484,0,0,0,0,0,1
30,18000.0,1.8,MORTGAGE,4700.0,small_business,36,163.17,3963.0,0.379,6,2,100,0,0,0,0,0,1
51,52800.0,8.4,MORTGAGE,16200.0,credit_card,36,1117.27,61867.03,0.664,5,0,154,0,0,0,0,0,1
26,37300.0,1.2,OWN,7600.0,debt_consolidation,36,221.18,5999.14,0.551,7,1,63,0,0,0,0,0,1
21,165500.0,0.4,MORTGAGE,16600.0,debt_consolidation,36,2604.23,124464.13,0.135,4,1,14,0,0,0,0,0,1
27,63900.0,2.5,MORTGAGE,12000.0,home_improvement,60,1282.43,63511.17,0.62,8,1,70,0,0,0,0,0,1
47,130700.0,5.0,RENT,29100.0,debt_consolidation,60,2124.46,108757.29,0.814,7,1,165,0,0,0,0,0,1
41,84800.0,1.6,MORTGAGE,9700.0,credit_card,36,1186.16,59644.26,0.338,10,2,187,0,0,0,0,0,1
48,115800.0,9.5,RENT,28400.0,major_purchase,36,2933.52,139241.98,0.766,6,0,272,0,0,0,0,0,1
36,234600.0,5.7,OWN,43500.0,debt_consolidation,36,6023.74,248287.01,0.483,6,2,199,0,0,0,0,0,1
66,103700.0,28.2,MORTGAGE,42500.0,home_improvement,36,889.94,33823.62,0.063,1,1,307,1,0,0,0,0,1
43,300000.0,1.0,RENT,22700.0,small_business,60,12062.47,231267.65,0.473,7,0,196,0,0,0,0,0,1
40,93300.0,5.3,OWN,29700.0,debt_consolidation,36,270.64,4298.42,0.152,9,0,106,0,0,0,0,1,1
58,129400.0,1.2,RENT,43800.0,major_purchase,36,3656.3,74220.67,0.178,7,1,353,0,0,0,0,0,1
45,55100.0,0.9,RENT,16200.0,debt_consolidation,36,900.43,41423.49,0.383,10,1,169,0,0,0,0,0,0
48,30200.0,11.8,RENT,7800.0,debt_consolidation,60,366.29,6039.08,0.208,9,1,196,0,0,0,0,0,1
25,18000.0,1.8,OWN,1700.0,major_purchase,36,293.71,10784.27,0.21,5,0,42,0,0,0,0,0,1
41,107600.0,3.7,MORTGAGE,31600.0,home_improvement,60,1867.02,44486.55,0.534,4,2,145,0,0,0,0,0,1
38,50600.0,3.9,OWN,14000.0,debt_consolidation,36,1501.93,33980.02,0.463,8,1,174,0,0,0,0,0,1
67,54900.0,12.1,RENT,22800.0,debt_consolidation,36,1601.13,44925.2,0.41,10,0,543,0,0,0,0,0,1
26,54400.0,0.3,RENT,21700.0,debt_consolidation,36,412.82,17327.25,0.565,10,1,56,1,0,0,0,0,1
49,45900.0,5.2,MORTGAGE,2700.0,medical,36,839.67,26765.76,0.395,9,0,181,0,0,0,0,0,1
39,164600.0,3.4,MORTGAGE,50000.0,debt_consolidation,60,7029.64,216712.5,0.611,7,0,99,1,0,0,0,0,1
53,40700.0,18.4,MORTGAGE,11200.0,small_business,60,969.54,24213.39,0.147,8,2,132,0,0,0,0,0,1
21,86600.0,0.4,MORTGAGE,36100.0,debt_consolidation,36,2308.48,83807.66,0.473,9,1,31,0,0,0,0,0,1
65,86600.0,19.4,RENT,9500.0,credit_card,36,1247.14,62726.61,0.437,6,1,339,0,0,0,0,0,1
23,29200.0,0.6,RENT,9600.0,credit_card,36,277.81,8938.4,0.537,11,1,25,0,0,0,0,0,1
62,90900.0,10.3,MORTGAGE,21200.0,debt_consolidation,36,2869.04,61081.08,0.456,9,1,238,0,0,0,0,0,1
41,35200.0,4.4,RENT,3600.0,debt_consolidation,36,527.43,21499.15,0.705,8,2,243,0,0,0,0,1,1
55,63000.0,1.7,OWN,3700.0,debt_consolidation,36,1303.85,67328.88,0.52,7,1,361,0,0,0,0,0,1
61,53600.0,7.2,OWN,7300.0,credit_card,36,841.68,34559.89,0.126,9,2,452,1,0,0,0,0,1
60,68100.0,24.5,MORTGAGE,3900.0,medical,60,1129.91,19150.6,0.356,5,2,400,1,0,0,0,0,1
23,92100.0,1.0,RENT,26600.0,medical,60,2798.49,107347.73,0.484,5,1,28,1,0,0,0,0,1
45,40800.0,4.3,RENT,7000.0,debt_consolidation,36,388.28,9543.1,0.66,9,1,175,0,0,0,0,0,1
65,48000.0,19.3,MORTGAGE,20700.0,major_purchase,60,361.24,13387.54,0.585,8,1,457,0,0,0,0,0,1
58,27100.0,27.0,MORTGAGE,8200.0,debt_consolidation,36,1155.06,34263.95,0.212,7,1,241,0,0,0,0,0,1
65,36400.0,24.3,OWN,12900.0,major_purchase,60,384.87,9474.47,0.37,9,1,473,0,0,0,0,0,1
40,100500.0,3.7,OWN,22500.0,home_improvement,36,1522.76,43551.9,0.918,13,2,152,0,0,0,0,0,0
64,54000.0,10.6,RENT,8500.0,medical,36,1142.5,22839.25,0.087,6,1,363,0,0,0,0,0,1
65,109200.0,18.6,OWN,39000.0,debt_consolidation,60,3350.23,155164.72,0.792,1,1,188,0,0,0,0,0,1
54,39200.0,18.4,RENT,9300.0,home_improvement,36,993.84,25065.51,0.082,5,3,245,0,0,0,0,0,1
41,43300.0,4.3,MORTGAGE,19500.0,home_improvement,60,476.72,9666.84,0.583,5,0,229,0,0,0,0,0,1
68,121400.0,13.7,MORTGAGE,34800.0,credit_card,60,3469.0,175485.88,0.476,10,2,541,0,0,0,0,0,1
43,75100.0,11.7,MORTGAGE,29100.0,auto,36,1564.07,24977.47,0.588,8,0,258,0,0,0,0,0,1
26,29100.0,3.0,MORTGAGE,4800.0,debt_consolidation,36,1227.89,46559.33,0.155,9,1,78,0,0,0,0,0,1
71,48500.0,22.5,MORTGAGE,10700.0,auto,36,579.53,19244.11,0.34,13,4,254,2,0,0,0,0,1
33,106300.0,3.5,MORTGAGE,15500.0,small_business,36,2253.81,58584.06,0.616,7,1,110,0,0,1,0,0,1
69,60300.0,12.3,MORTGAGE,21700.0,credit_card,36,1859.42,61113.45,0.575,4,4,186,0,0,0,0,1,0
43,129300.0,6.7,RENT,45600.0,debt_consolidation,36,1617.34,40721.28,0.506,9,0,225,0,0,0,0,0,1
29,32500.0,2.3,MORTGAGE,9300.0,debt_consolidation,36,505.29,10393.01,0.709,4,1,99,4,0,0,0,0,0
37,129000.0,6.9,OWN,44200.0,small_business,60,2765.54,94875.3,0.56,9,2,122,0,0,0,0,0,1
22,34500.0,0.1,MORTGAGE,6700.0,home_improvement,60,323.88,17829.35,0.25,14,0,20,0,0,0,0,0,1
39,75700.0,10.2,OWN,30400.0,medical,36,1334.94,55510.25,0.536,8,0,107,0,0,0,0,0,1
39,111400.0,8.1,RENT,46700.0,debt_consolidation,60,1617.91,64985.43,0.151,9,2,186,0,0,0,0,0,1
27,71100.0,1.4,MORTGAGE,22400.0,major_purchase,36,134.95,6100.52,0.672,12,2,95,0,1,0,0,0,1
62,90600.0,35.6,RENT,18000.0,major_purchase,36,1912.86,67420.86,0.27,9,0,390,0,2,0,0,0,1
62,116300.0,6.3,MORTGAGE,45000.0,medical,60,1345.49,71686.89,0.274,9,2,318,0,0,0,0,0,1
40,85900.0,6.9,MORTGAGE,38000.0,debt_consolidation,36,1750.88,51839.77,0.269,10,2,95,0,0,0,1,0,1
29,55700.0,3.9,MORTGAGE,15700.0,credit_card,60,1470.31,43763.0,0.455,8,1,95,0,0,0,1,0,0
37,58400.0,5.2,MORTGAGE,18300.0,debt_consolidation,60,1514.9,38830.3,0.18,10,2,177,1,1,1,0,0,0
47,41600.0,11.7,RENT,16200.0,credit_card,36,283.78,5365.07,0.032,4,3,277,0,0,0,0,0,1
67,33900.0,16.1,OWN,10800.0,home_improvement,60,1144.79,33905.99,0.323,8,1,357,0,0,0,0,0,1
22,136500.0,0.8,RENT,17600.0,debt_consolidation,36,2159.53,113172.61,0.816,11,1,33,0,0,0,0,0,1
56,92700.0,8.4,MORTGAGE,20300.0,debt_consolidation,60,3123.51,156905.58,0.383,8,1,320,0,0,0,0,0,1
39,146700.0,9.2,MORTGAGE,43200.0,credit_card,36,5144.27,288152.51,0.383,3,0,98,1,0,0,0,0,0
37,92500.0,6.2,OWN,21800.0,debt_consolidation,60,1680.54,69569.34,0.533,4,2,201,0,0,0,0,0,1
25,54500.0,1.6,MORTGAGE,17500.0,debt_consolidation,60,921.54,22561.86,0.274,7,0,65,0,0,0,0,0,1
59,34800.0,15.1,MORTGAGE,5700.0,credit_card,36,837.96,23046.88,0.423,4,1,361,0,0,0,0,0,1
38,49900.0,2.4,MORTGAGE,5700.0,credit_card,36,946.21,23632.74,0.433,9,2,121,0,0,0,0,0,0
27,95900.0,1.6,MORTGAGE,5900.0,debt_consolidation,36,2460.04,43094.78,0.526,5,1,39,0,0,0,0,0,1
37,44700.0,2.9,MORTGAGE,2900.0,credit_card,36,535.69,20013.49,0.121,4,2,149,0,0,0,0,0,1
59,136600.0,4.5,MORTGAGE,26300.0,debt_consolidation,60,1843.35,87098.12,0.248,10,0,235,0,0,0,0,0,1
56,54200.0,24.8,MORTGAGE,3200.0,debt_consolidation,36,1298.01,62097.1,0.471,6,2,290,0,0,0,0,0,1
60,34100.0,13.1,MORTGAGE,5400.0,home_improvement,60,921.5,45776.52,0.152,10,1,299,0,0,0,0,1,1
65,55700.0,31.0,MORTGAGE,14200.0,home_improvement,60,528.9,10528.79,0.543,15,0,500,0,0,0,0,0,1
24,75100.0,0.6,MORTGAGE,26100.0,debt_consolidation,36,460.9,15302.59,0.983,9,0,44,0,0,0,0,0,1
58,168600.0,13.5,RENT,48100.0,debt_consolidation,36,4125.95,185357.62,0.117,7,0,287,0,0,0,0,0,1
45,70400.0,5.1,MORTGAGE,18600.0,debt_consolidation,36,1067.28,23335.39,0.47,5,2,100,0,0,0,0,0,1
25,47000.0,0.7,MORTGAGE,6900.0,debt_consolidation,36,1715.0,64855.87,0.397,13,0,56,0,0,0,0,0,1
50,144300.0,7.6,RENT,8100.0,credit_card,36,3472.69,105171.9,0.378,9,1,351,0,0,0,0,0,0
32,124500.0,4.2,MORTGAGE,12700.0,major_purchase,36,2419.18,92806.82,0.188,7,2,72,0,0,0,0,0,1
24,62400.0,3.4,MORTGAGE,27600.0,debt_consolidation,36,1169.49,66513.34,0.241,5,1,33,0,0,0,0,0,0
44,27200.0,9.0,RENT,11500.0,debt_consolidation,60,473.22,19900.72,0.68,7,0,253,0,0,0,0,0,1
49,48000.0,19.0,RENT,8400.0,debt_consolidation,36,920.09,40593.63,0.448,7,1,270,0,0,0,0,0,1
29,98700.0,4.8,RENT,17600.0,major_purchase,36,3025.27,50416.59,0.134,3,1,76,0,0,0,0,0,1
24,131500.0,0.2,MORTGAGE,50000.0,debt_consolidation,36,2533.0,101073.02,0.623,7,4,32,0,0,0,0,0,1
71,71600.0,25.1,RENT,5800.0,debt_consolidation,60,2344.48,49756.9,0.328,9,0,371,1,0,0,0,0,1
44,63200.0,12.6,RENT,7500.0,debt_consolidation,60,1198.83,57187.64,0.491,5,1,274,0,0,0,0,0,1
34,49900.0,10.6,RENT,4800.0,credit_card,60,737.29,33250.65,0.379,8,0,88,0,0,0,0,0,1
25,99700.0,3.5,RENT,39700.0,small_business,36,258.08,5713.6,0.238,7,1,77,0,0,0,0,0,1
38,37800.0,5.2,MORTGAGE,2000.0,debt_consolidation,36,693.88,21032.97,0.115,4,2,196,0,0,0,0,0,1
62,48900.0,9.1,MORTGAGE,2700.0,debt_consolidation,36,587.72,25442.74,0.55,6,2,371,0,0,0,0,0,1
39,140700.0,6.3,RENT,50000.0,debt_consolidation,36,1479.29,45141.51,0.458,10,1,109,0,0,0,0,0,1
32,113000.0,6.0,MORTGAGE,34400.0,debt_consolidation,60,2542.38,62364.56,0.465,13,3,137,0,0,0,0,0,1
38,149800.0,3.0,RENT,41200.0,auto,60,4681.0,109445.64,0.23,7,3,180,2,0,0,0,0,1
37,46200.0,10.2,MORTGAGE,19400.0,credit_card,36,1489.02,54525.84,0.124,7,0,148,1,1,0,0,0,1
50,33300.0,21.1,RENT,8100.0,debt_consolidation,36,709.93,22241.55,0.365,12,2,182,0,0,0,1,0,0
44,149400.0,2.0,MORTGAGE,35400.0,debt_consolidation,36,3154.07,94028.46,0.209,10,2,173,2,0,0,0,0,1
31,99300.0,2.1,RENT,21700.0,major_purchase,36,2616.66,153983.22,0.465,5,0,101,0,0,0,0,0,1
55,116400.0,1.8,MORTGAGE,36200.0,home_improvement,36,1809.85,69212.37,0.608,9,1,384,0,0,0,0,0,1
43,100100.0,4.0,MORTGAGE,17900.0,credit_card,36,2269.31,87571.38,0.469,7,4,206,0,0,0,0,0,0
37,183600.0,7.1,RENT,50000.0,home_improvement,36,2672.42,138053.9,0.432,9,0,102,0,0,0,0,0,1
21,97700.0,0.2,MORTGAGE,32400.0,home_improvement,60,2297.5,87333.31,0.232,10,2,31,0,0,0,0,0,1
35,74200.0,5.3,MORTGAGE,10000.0,debt_consolidation,36,382.64,6394.02,0.732,15,1,189,0,0,0,0,0,1
52,79100.0,0.8,MORTGAGE,22800.0,debt_consolidation,36,1964.14,98253.62,0.185,8,1,277,0,0,0,0,0,1
29,75200.0,1.4,RENT,25600.0,medical,36,971.05,46407.59,0.579,8,2,107,0,0,0,0,0,1
35,157700.0,1.1,MORTGAGE,50000.0,debt_consolidation,36,2489.9,82236.27,0.166,11,1,75,3,3,0,0,0,0
48,132000.0,2.1,RENT,50000.0,credit_card,36,2469.92,43999.24,0.769,10,2,195,0,0,0,0,0,1
44,158500.0,9.2,MORTGAGE,20900.0,auto,36,2797.06,60602.67,0.578,6,1,288,0,0,0,0,0,1
55,22000.0,11.6,RENT,6200.0,debt_consolidation,36,553.05,31164.64,0.511,8,1,385,0,0,0,0,0,1
42,58300.0,10.8,MORTGAGE,13900.0,credit_card,36,547.88,23796.5,0.64,8,0,219,0,0,0,0,0,1
47,40500.0,12.6,RENT,7700.0,small_business,36,440.76,22506.33,0.324,8,0,313,0,0,0,0,0,1
39,186000.0,9.8,OWN,34800.0,debt_consolidation,60,4543.46,106334.09,0.712,7,0,227,0,0,0,0,0,1
65,44500.0,6.7,MORTGAGE,19500.0,debt_consolidation,36,1608.37,61165.71,0.473,7,0,197,0,0,0,0,0,0
32,93300.0,6.0,OWN,6000.0,debt_consolidation,60,1277.1,49885.53,0.125,8,1,144,0,0,0,0,0,1
40,200100.0,4.1,OWN,50000.0,debt_consolidation,36,2820.53,88094.49,0.535,7,1,149,0,0,0,0,0,1
21,80500.0,0.6,OWN,18600.0,credit_card,36,1644.72,59057.11,0.313,5,0,17,0,0,0,0,0,1
41,54900.0,11.5,OWN,15200.0,home_improvement,36,1907.45,76698.62,0.414,6,1,254,0,0,0,0,0,1
69,75200.0,10.1,RENT,26000.0,major_purchase,36,2671.82,47645.15,0.845,6,0,537,0,0,0,0,0,1
65,31900.0,20.3,MORTGAGE,7400.0,credit_card,36,882.4,37088.83,0.212,8,0,272,0,0,0,0,0,1
21,29400.0,0.4,RENT,13100.0,debt_consolidation,36,263.37,4571.02,0.531,9,0,14,3,2,0,0,0,0
30,91000.0,0.8,MORTGAGE,36100.0,major_purchase,60,1985.61,108029.59,0.545,5,1,91,0,0,0,0,0,1
67,18000.0,5.7,MORTGAGE,2400.0,debt_consolidation,36,296.44,10231.46,0.301,3,0,521,1,0,0,0,0,1
52,64600.0,3.7,OWN,20600.0,home_improvement,36,437.02,16126.26,0.798,9,3,273,0,0,0,0,0,1
59,62100.0,15.4,OWN,14900.0,home_improvement,36,1049.02,29082.92,0.705,8,3,435,0,0,0,0,0,1
42,196700.0,3.3,RENT,38200.0,debt_consolidation,36,5557.44,326670.3,0.44,7,0,125,0,0,0,0,0,1
38,89400.0,1.0,MORTGAGE,17000.0,debt_consolidation,60,3056.67,90322.97,0.454,5,0,115,0,0,0,0,0,1
68,57200.0,16.1,MORTGAGE,6600.0,credit_card,60,886.87,29522.24,0.371,6,0,482,0,0,0,0,0,1
66,112300.0,20.3,MORTGAGE,26200.0,major_purchase,36,1963.79,74977.21,0.29,10,0,366,0,0,0,0,0,0
52,73900.0,4.0,MORTGAGE,21300.0,credit_card,36,891.7,41636.87,0.053,13,0,226,1,1,0,0,0,1
47,36600.0,11.9,OWN,13500.0,home_improvement,36,744.67,22028.73,0.105,8,2,167,0,0,0,0,0,1
48,78500.0,9.9,OWN,13000.0,home_improvement,36,1616.83,94652.85,0.362,7,1,118,0,0,0,0,0,1
38,72700.0,8.4,RENT,26100.0,credit_card,60,1787.9,61504.9,0.424,7,1,199,0,1,0,0,0,1
59,70000.0,25.0,RENT,19000.0,credit_card,60,815.79,21652.34,0.362,7,2,250,0,0,0,0,0,1
69,85500.0,2.8,MORTGAGE,13100.0,debt_consolidation,60,1139.78,33748.34,0.691,13,3,262,0,0,0,0,0,1
49,120100.0,9.1,MORTGAGE,43800.0,medical,36,764.62,39054.64,0.34,10,1,327,0,0,0,0,0,1
38,81700.0,3.6,MORTGAGE,23800.0,home_improvement,36,2043.23,76250.29,0.631,5,0,109,0,0,0,0,0,1
64,33100.0,0.3,OWN,14300.0,debt_consolidation,60,60.76,2105.06,0.202,7,1,381,0,0,0,0,0,1
28,29000.0,6.3,RENT,4800.0,debt_consolidation,36,638.67,10367.96,0.327,10,1,86,0,0,0,0,0,1
51,54100.0,3.5,MORTGAGE,23800.0,debt_consolidation,36,262.08,14068.4,0.366,7,0,308,1,1,0,0,0,1
54,52100.0,8.5,OWN,14200.0,debt_consolidation,36,1027.79,45416.5,0.446,8,2,296,0,0,0,0,0,1
27,81200.0,0.9,MORTGAGE,18800.0,debt_consolidation,36,478.61,27450.57,0.165,5,0,96,0,0,1,0,1,1
56,138400.0,6.6,MORTGAGE,50000.0,home_improvement,60,2893.7,53905.36,0.769,6,1,411,0,0,0,0,0,1
38,157700.0,10.6,RENT,17800.0,credit_card,36,3831.85,191704.55,0.329,10,0,121,0,0,0,0,0,1
58,46700.0,11.4,RENT,11000.0,small_business,60,80.62,3790.54,0.766,9,0,178,0,0,0,1,0,1
29,25200.0,5.4,RENT,2500.0,debt_consolidation,36,735.58,28590.89,0.711,7,1,57,1,0,1,0,0,0
29,68700.0,3.0,MORTGAGE,20300.0,home_improvement,36,1423.68,32924.64,0.425,9,2,59,0,0,0,0,0,1
66,121600.0,4.6,MORTGAGE,8100.0,major_purchase,36,3129.43,54368.52,0.271,9,0,547,1,0,0,0,0,1
28,52300.0,4.5,OWN,23100.0,debt_consolidation,60,1496.42,48631.15,0.364,5,0,67,1,0,0,0,0,1
71,68500.0,41.1,RENT,3600.0,debt_consolidation,36,1095.84,55108.47,0.59,9,1,534,0,0,0,0,0,1
55,60600.0,16.9,RENT,25600.0,debt_consolidation,36,1892.8,59243.98,0.466,6,2,148,0,0,0,0,0,1
38,158600.0,11.5,RENT,48800.0,home_improvement,36,3416.3,175961.21,0.563,9,0,165,0,0,0,0,0,1
25,235600.0,0.5,MORTGAGE,50000.0,major_purchase,36,2432.19,137766.56,0.388,12,1,72,2,0,0,0,1,0
34,95700.0,2.3,OWN,18500.0,debt_consolidation,60,2525.7,80842.85,0.307,9,2,156,0,0,0,0,0,1
48,96900.0,5.9,OWN,14300.0,credit_card,60,1849.5,64097.68,0.44,5,2,161,0,0,0,0,0,1
50,30800.0,0.9,MORTGAGE,3700.0,credit_card,60,245.35,6374.45,0.447,7,0,155,0,0,0,0,0,1
24,52600.0,0.4,RENT,13800.0,debt_consolidation,36,755.71,23627.75,0.665,13,1,67,1,0,0,0,0,0
59,107700.0,26.3,RENT,16900.0,debt_consolidation,36,1450.41,49246.54,0.418,8,0,192,0,0,0,0,0,1
40,82800.0,10.8,MORTGAGE,33300.0,debt_consolidation,36,844.33,47441.19,0.344,9,1,209,1,1,0,0,0,1
45,87700.0,12.8,MORTGAGE,5400.0,debt_consolidation,36,2024.12,51406.14,0.126,13,1,123,0,0,0,0,0,1
48,25900.0,17.2,RENT,2200.0,debt_consolidation,36,716.2,35781.5,0.197,4,2,159,0,0,0,0,1,0
32,20500.0,2.6,MORTGAGE,2800.0,credit_card,60,249.89,7867.87,0.51,7,1,108,0,0,0,0,0,1
22,194100.0,0.1,RENT,16100.0,credit_card,36,6048.05,90984.08,0.357,12,0,24,1,0,0,0,0,1
63,61000.0,2.0,MORTGAGE,23300.0,small_business,60,1936.21,91784.45,0.211,7,1,241,0,1,0,0,0,1
34,26400.0,4.2,OWN,1400.0,debt_consolidation,36,999.83,30656.32,0.497,11,1,80,0,1,1,0,0,0
42,61900.0,8.8,RENT,19200.0,debt_consolidation,36,2002.79,60152.15,0.471,7,1,117,0,0,0,0,0,1
51,30100.0,9.5,MORTGAGE,7000.0,debt_consolidation,60,430.81,25196.23,0.606,8,1,285,0,0,0,0,0,1
43,35100.0,1.9,RENT,12600.0,small_business,36,420.86,8923.21,0.302,8,1,263,0,0,0,0,0,1
68,44000.0,10.9,OWN,9400.0,major_purchase,36,1236.63,39815.13,0.097,6,2,496,0,0,0,0,1,1
40,30100.0,5.9,RENT,9300.0,debt_consolidation,60,716.78,40138.89,0.461,7,2,248,1,0,0,0,0,1
58,18000.0,7.1,MORTGAGE,5500.0,debt_consolidation,60,387.51,20878.56,0.159,10,2,291,0,0,0,0,0,1
24,100500.0,0.2,RENT,19700.0,small_business,36,1545.02,76089.18,0.088,1,2,42,0,0,0,0,0,1
35,48000.0,4.4,OWN,4600.0,credit_card,60,1340.35,27037.05,0.522,3,0,104,0,0,0,0,0,1
44,111600.0,4.5,RENT,24900.0,credit_card,36,4088.06,164949.93,0.771,4,0,173,0,0,1,0,1,0
45,67500.0,5.3,MORTGAGE,27000.0,credit_card,36,897.45,43700.22,0.577,9,1,218,3,0,1,0,1,0
21,24300.0,0.2,RENT,9000.0,home_improvement,36,493.93,19191.52,0.258,7,0,21,0,0,0,0,0,0
27,65100.0,1.3,MORTGAGE,12900.0,debt_consolidation,36,1366.43,35001.67,0.141,6,0,77,0,0,0,0,0,1
51,144100.0,15.8,RENT,50000.0,debt_consolidation,36,3471.91,172500.3,0.575,7,1,342,0,0,0,0,1,1
32,62600.0,9.6,RENT,14100.0,debt_consolidation,36,2265.62,92668.23,0.589,9,3,72,0,0,0,0,0,0
62,44400.0,19.7,MORTGAGE,5700.0,credit_card,36,288.13,8107.56,0.693,12,2,309,0,0,0,0,0,1
25,29900.0,2.2,MORTGAGE,11800.0,medical,36,630.83,34409.54,0.337,6,2,30,0,0,0,0,0,1
64,48200.0,11.8,MORTGAGE,11900.0,debt_consolidation,36,346.85,5927.57,0.866,6,1,325,0,0,0,1,0,1
70,34900.0,36.0,RENT,7800.0,medical,36,536.1,22079.55,0.193,5,0,211,0,0,0,0,0,1
62,50900.0,6.0,MORTGAGE,7300.0,home_improvement,60,1753.73,71310.12,0.423,4,1,411,0,0,1,0,0,1
58,19900.0,5.6,MORTGAGE,7100.0,debt_consolidation,36,486.41,18313.68,0.158,14,4,250,0,0,0,0,0,1
32,33900.0,8.0,MORTGAGE,9200.0,credit_card,36,613.52,36320.26,0.46,9,3,89,0,0,0,0,0,1
59,91900.0,20.8,RENT,12200.0,debt_consolidation,36,2356.53,71539.63,0.575,9,2,277,0,1,0,0,0,0
38,71700.0,12.1,OWN,11000.0,debt_consolidation,60,2159.04,68938.31,0.488,2,2,140,0,0,0,0,0,1
22,55100.0,0.7,RENT,11200.0,debt_consolidation,36,876.17,34132.78,0.275,8,1,18,1,0,0,0,1,0
30,32900.0,1.3,RENT,8700.0,debt_consolidation,36,413.46,21845.86,0.474,5,0,92,0,0,0,0,0,1
35,163400.0,3.2,RENT,50000.0,small_business,60,3623.53,134163.08,0.756,8,0,171,0,0,0,0,0,0
50,218900.0,2.2,OWN,29100.0,major_purchase,60,4245.37,204231.12,0.515,5,0,344,0,0,0,0,0,1
64,33500.0,25.0,MORTGAGE,11600.0,credit_card,36,774.31,41835.73,0.284,9,1,447,0,0,0,0,0,1
37,106300.0,4.8,MORTGAGE,44300.0,credit_card,60,1059.08,33366.25,0.273,9,1,210,2,0,0,0,0,1
24,34500.0,1.8,RENT,7200.0,home_improvement,60,931.4,53266.85,0.7,4,0,22,0,0,0,0,0,0
27,88700.0,3.7,MORTGAGE,17400.0,home_improvement,36,1672.18,73685.27,0.706,9,0,72,0,0,0,0,0,1
61,18000.0,16.6,RENT,4300.0,debt_consolidation,60,250.16,14854.65,0.348,6,0,155,0,0,0,0,0,1
51,47100.0,3.8,OWN,17700.0,debt_consolidation,36,1408.76,21611.46,0.228,12,0,222,0,0,0,0,0,1
71,73500.0,11.2,MORTGAGE,6400.0,debt_consolidation,60,1550.3,56176.23,0.239,7,2,550,0,0,0,0,0,1
59,82000.0,1.3,MORTGAGE,16800.0,home_improvement,36,1012.65,16197.42,0.217,9,5,377,0,0,0,0,0,1
54,37800.0,1.7,RENT,2300.0,small_business,36,1070.74,34805.33,0.75,7,0,382,0,0,0,0,0,1
26,91600.0,1.6,MORTGAGE,23600.0,debt_consolidation,60,798.63,39932.34,0.428,10,1,42,0,0,0,0,0,1
70,63100.0,20.4,MORTGAGE,27000.0,credit_card,36,1315.68,53084.32,0.078,11,0,505,0,0,0,0,0,1
58,29500.0,24.9,MORTGAGE,3400.0,debt_consolidation,60,607.54,23873.36,0.267,13,1,283,0,0,0,0,0,1
65,35500.0,15.6,MORTGAGE,5400.0,small_business,60,1023.33,25528.52,0.553,6,1,480,0,0,0,0,0,1
71,163400.0,22.4,MORTGAGE,50000.0,credit_card,36,1687.47,86721.92,0.501,9,1,359,0,0,0,0,0,1
54,73200.0,2.1,MORTGAGE,23900.0,home_improvement,36,1202.31,61318.21,0.144,3,1,351,0,0,0,0,0,1
64,52000.0,23.2,OWN,15000.0,home_improvement,60,1172.12,26774.38,0.342,9,4,399,0,0,0,0,0,1
35,28700.0,3.8,RENT,4200.0,credit_card,60,780.76,13161.01,0.457,11,4,110,0,0,0,0,0,0
34,48300.0,5.8,RENT,3700.0,debt_consolidation,36,1741.44,99992.47,0.126,9,0,139,0,0,0,0,0,1
26,73700.0,3.7,MORTGAGE,10200.0,home_improvement,36,2871.41,138210.68,0.506,7,1,44,0,0,0,0,0,0
70,81900.0,18.2,RENT,25000.0,home_improvement,60,512.86,14507.14,1.05,5,0,249,1,0,0,0,0,0
57,70900.0,9.8,RENT,11900.0,debt_consolidation,36,858.37,19188.08,0.966,4,1,162,0,0,0,0,0,1
70,45500.0,24.0,RENT,17600.0,major_purchase,36,655.05,26857.08,0.283,6,0,550,0,0,0,0,0,1
52,23200.0,15.8,MORTGAGE,6900.0,debt_consolidation,36,135.16,7399.42,0.468,9,0,330,0,0,0,0,0,1
23,62800.0,0.3,RENT,4400.0,debt_consolidation,60,2498.98,58677.59,0.566,8,1,35,0,0,0,0,0,1
23,64800.0,1.0,MORTGAGE,5500.0,debt_consolidation,36,1858.92,36521.69,0.85,11,2,18,0,0,0,0,0,1
42,40800.0,7.3,OWN,6600.0,medical,36,330.38,5569.78,0.412,11,2,200,1,0,0,0,0,1
42,58800.0,10.9,MORTGAGE,16400.0,debt_consolidation,60,760.41,23460.71,0.134,9,1,115,0,0,0,0,0,1
30,69900.0,3.1,MORTGAGE,29700.0,auto,36,886.34,29446.14,0.711,15,1,59,0,0,0,0,0,1
71,79200.0,10.1,RENT,7200.0,credit_card,36,1029.87,59935.15,0.713,7,2,298,3,0,0,0,0,1
23,103700.0,0.9,RENT,39600.0,debt_consolidation,36,1792.53,50039.76,0.135,12,0,53,2,0,1,0,0,1
32,18000.0,1.5,RENT,5000.0,credit_card,60,335.57,16197.65,0.154,6,2,146,0,0,0,0,0,1
49,85200.0,0.9,OWN,16700.0,major_purchase,36,1783.13,92143.26,0.307,11,0,154,0,0,0,0,0,1
68,27100.0,16.6,MORTGAGE,8300.0,credit_card,36,371.14,12686.51,0.127,9,5,211,0,0,0,0,1,1
37,37100.0,4.6,RENT,13500.0,debt_consolidation,36,773.27,18356.36,0.076,12,2,142,0,0,0,0,0,1
27,120100.0,2.2,MORTGAGE,23200.0,debt_consolidation,60,2624.53,99773.14,0.433,7,2,55,0,0,0,0,0,0
33,33500.0,5.3,RENT,14000.0,debt_consolidation,36,1224.91,48056.55,0.576,10,0,166,1,0,0,0,0,1
22,107300.0,0.8,MORTGAGE,29000.0,debt_consolidation,36,1514.94,73149.73,0.551,12,2,18,0,0,0,0,0,1
24,47700.0,2.3,RENT,5400.0,debt_consolidation,60,589.19,14372.89,0.401,7,0,33,0,0,0,0,0,1
30,151300.0,2.8,RENT,40700.0,credit_card,36,1365.62,66595.72,0.16,7,0,63,0,0,0,0,0,1
59,31100.0,26.7,RENT,11100.0,debt_consolidation,60,573.49,16162.96,0.335,4,0,366,0,0,0,0,0,1
44,63000.0,11.9,RENT,17900.0,debt_consolidation,60,1252.11,24029.91,0.1,9,1,107,0,0,0,0,0,1
37,18000.0,4.6,MORTGAGE,5100.0,debt_consolidation,60,349.4,10321.51,0.271,11,2,116,0,0,0,0,0,1
26,69600.0,2.6,MORTGAGE,4300.0,auto,36,1770.15,37373.56,0.115,6,1,35,0,1,0,0,0,1
39,26500.0,3.6,RENT,6200.0,credit_card,36,718.78,42148.49,0.796,4,0,211,1,0,0,0,0,1
25,57500.0,2.4,MORTGAGE,11300.0,small_business,36,1634.67,80280.51,0.452,2,0,56,0,0,0,0,0,1
52,40800.0,6.9,RENT,2800.0,debt_consolidation,60,1406.72,43760.93,0.724,10,2,296,0,0,0,0,0,1
30,178400.0,4.1,MORTGAGE,50000.0,debt_consolidation,36,6253.73,212902.32,0.358,7,0,79,0,0,0,0,0,1
29,51500.0,5.0,RENT,6300.0,small_business,36,668.29,20884.12,0.554,8,0,106,0,0,0,0,0,0
47,165800.0,11.5,RENT,31500.0,home_improvement,36,1299.72,35979.88,0.405,9,2,234,0,0,0,0,0,1
33,38000.0,5.2,RENT,10700.0,debt_consolidation,60,1046.08,62262.65,0.242,6,1,73,1,2,0,0,0,0
39,18000.0,9.9,MORTGAGE,4100.0,credit_card,36,420.73,9012.91,0.415,12,1,185,0,0,0,0,0,1
41,100500.0,9.2,OWN,33200.0,debt_consolidation,36,1028.02,23494.77,0.323,9,1,199,0,0,0,0,0,1
44,33800.0,17.4,RENT,13100.0,debt_consolidation,60,396.63,9330.03,0.235,7,2,171,0,0,0,0,0,1
58,122100.0,17.4,RENT,14400.0,small_business,36,1474.19,73900.71,0.103,9,0,228,0,0,0,0,0,1
24,61200.0,2.0,RENT,9900.0,medical,36,805.42,32326.68,0.337,6,0,52,0,0,0,0,0,1
44,92000.0,8.2,RENT,11400.0,debt_consolidation,60,150.43,3070.06,0.15,11,1,193,0,0,0,0,0,1
55,108100.0,6.7,RENT,27000.0,credit_card,36,2518.89,70731.01,0.031,8,0,266,0,0,0,0,0,1
23,224100.0,0.9,RENT,18300.0,home_improvement,36,5124.41,192824.61,0.149,11,0,39,0,0,0,0,0,1
24,118800.0,0.2,MORTGAGE,41200.0,home_improvement,60,2876.47,152467.26,0.325,9,4,66,0,0,0,0,0,1
57,73500.0,7.5,RENT,7400.0,credit_card,60,1641.33,37907.38,0.915,17,0,351,0,0,0,0,0,1
60,106600.0,0.6,MORTGAGE,45700.0,credit_card,36,1602.81,29683.4,0.471,5,1,336,0,0,0,0,0,1
68,100500.0,5.2,RENT,38800.0,credit_card,60,1966.99,110320.96,0.279,9,0,437,0,0,0,0,0,1
55,87200.0,3.1,RENT,38200.0,debt_consolidation,36,1523.41,54949.51,0.072,9,0,326,2,0,1,0,0,1
51,201700.0,10.3,MORTGAGE,13400.0,credit_card,36,4433.03,264967.67,0.205,4,2,177,0,0,0,0,0,1
64,58400.0,13.1,MORTGAGE,7700.0,credit_card,60,852.21,17069.66,0.24,11,3,353,1,1,0,0,0,1
45,72000.0,2.8,RENT,31300.0,debt_consolidation,36,1889.56,53276.32,0.65,13,1,278,0,0,0,0,0,0
60,48100.0,16.6,RENT,21300.0,debt_consolidation,36,1289.18,29524.53,0.342,10,2,177,0,0,0,0,0,1
33,300000.0,4.1,RENT,48700.0,credit_card,36,4413.3,233539.88,0.142,13,0,139,1,0,0,0,0,1
24,55700.0,1.7,RENT,16100.0,debt_consolidation,36,1255.9,24851.49,0.509,3,2,39,0,0,0,0,0,0
66,80400.0,26.6,OWN,10700.0,small_business,36,2180.93,107691.31,0.084,4,1,390,0,0,0,0,0,1
34,39100.0,4.1,MORTGAGE,15900.0,debt_consolidation,36,321.66,11835.45,0.136,11,2,161,0,0,0,0,0,1
33,52700.0,4.1,OWN,5500.0,home_improvement,60,670.03,35998.8,0.46,7,1,115,0,0,0,0,0,1
47,115800.0,2.5,RENT,37700.0,small_business,60,2993.39,58359.7,0.095,9,2,166,0,0,0,0,0,1
26,61600.0,1.5,MORTGAGE,10200.0,medical,36,417.96,9005.69,0.784,10,3,75,0,0,0,0,0,0
37,126700.0,6.2,RENT,25300.0,credit_card,36,2405.42,128566.87,0.376,11,1,171,1,0,0,0,0,0
56,104100.0,9.3,MORTGAGE,28000.0,debt_consolidation,60,4372.41,166429.01,0.356,10,0,176,0,0,0,0,0,0
60,62500.0,22.9,RENT,13800.0,home_improvement,60,1077.43,31196.13,0.418,3,1,290,0,0,0,0,0,1
69,40600.0,12.0,MORTGAGE,10500.0,debt_consolidation,36,1528.68,43725.74,0.681,10,3,435,0,0,0,0,0,0
55,78000.0,15.6,RENT,25100.0,debt_consolidation,60,1701.54,56124.71,0.451,4,0,296,1,0,0,0,1,0
37,78000.0,9.4,MORTGAGE,13100.0,small_business,36,1281.9,47943.21,0.291,10,0,181,0,0,0,0,0,1
61,66800.0,17.4,MORTGAGE,23100.0,debt_consolidation,36,1884.61,32823.31,0.451,7,1,448,0,0,0,0,0,1
22,78100.0,1.5,MORTGAGE,16900.0,credit_card,36,985.48,16893.5,0.29,8,0,24,0,0,0,0,0,1
33,45000.0,1.2,RENT,2600.0,home_improvement,36,985.98,37948.26,0.107,5,1,147,0,0,0,0,0,1
22,95300.0,0.3,MORTGAGE,37000.0,debt_consolidation,36,1199.45,33917.56,0.416,12,0,24,0,0,0,0,0,1
48,83600.0,2.4,MORTGAGE,13600.0,major_purchase,36,2270.35,91860.19,0.51,9,0,322,0,0,0,0,0,1
63,43500.0,17.2,RENT,17100.0,debt_consolidation,36,452.84,23813.4,0.389,13,2,179,0,0,0,0,0,0
46,51000.0,4.3,MORTGAGE,17700.0,debt_consolidation,36,542.01,15121.6,0.221,10,3,206,0,0,0,0,0,0
42,64200.0,4.8,OWN,13700.0,debt_consolidation,60,874.38,38231.23,0.301,7,0,215,0,0,0,0,0,1
67,51200.0,4.4,OWN,15900.0,credit_card,36,634.3,24898.89,0.645,6,0,450,0,0,0,0,0,1
63,43200.0,34.3,RENT,19300.0,credit_card,36,465.33,12409.12,0.684,13,0,235,0,0,0,0,0,1
23,117200.0,2.6,OWN,20300.0,auto,36,2952.53,128355.87,0.807,9,4,35,0,0,1,0,0,0
55,108100.0,4.7,MORTGAGE,24900.0,home_improvement,36,2650.83,153127.71,0.477,13,1,316,1,0,0,0,0,1
32,92400.0,4.2,RENT,10100.0,home_improvement,60,1984.94,101283.73,0.372,6,1,119,0,0,0,0,0,1
44,34700.0,6.1,MORTGAGE,13800.0,debt_consolidation,36,246.84,4365.04,0.404,6,1,164,0,0,0,0,0,1
25,183300.0,0.8,MORTGAGE,49700.0,home_improvement,36,2940.12,72779.49,0.425,5,3,75,0,0,0,0,0,1
40,78800.0,6.3,MORTGAGE,7200.0,credit_card,60,1267.54,38704.82,0.133,6,2,101,0,0,0,0,0,1
59,61800.0,0.9,RENT,17900.0,debt_consolidation,36,1269.18,66758.58,0.471,3,1,361,0,0,0,0,0,1
59,104500.0,1.6,MORTGAGE,24800.0,home_improvement,36,3217.65,138073.28,0.199,12,2,322,1,0,0,0,0,1
33,62100.0,3.3,RENT,10700.0,auto,36,1790.11,78793.49,0.179,13,1,67,0,0,0,0,0,1
61,18000.0,0.7,RENT,1000.0,debt_consolidation,36,365.66,14603.08,0.41,9,1,176,1,0,0,0,0,0
65,76500.0,13.3,MORTGAGE,10400.0,home_improvement,36,1046.65,25808.92,0.137,7,2,475,0,0,0,0,0,1
32,120700.0,1.5,RENT,16000.0,major_purchase,36,2368.48,48981.77,0.534,13,1,98,0,0,0,0,0,1
33,81700.0,3.7,MORTGAGE,27500.0,debt_consolidation,36,1855.25,44454.56,0.662,9,1,62,0,0,0,0,0,1
30,23800.0,2.8,RENT,3700.0,debt_consolidation,36,116.26,4442.62,0.22,4,3,130,0,0,0,0,0,0
53,105700.0,19.0,MORTGAGE,46700.0,small_business,36,1646.66,78599.63,0.262,10,1,383,1,1,0,0,0,1
60,76900.0,11.4,MORTGAGE,9500.0,medical,36,686.21,40170.74,0.307,11,1,272,0,0,0,0,0,1
36,79800.0,7.5,MORTGAGE,32500.0,medical,36,2045.4,121972.21,0.136,6,1,179,0,0,0,0,0,1
65,28600.0,3.4,OWN,5600.0,debt_consolidation,36,743.61,13324.9,0.499,5,1,342,4,0,0,1,0,0
55,48800.0,12.1,MORTGAGE,21900.0,major_purchase,36,1705.06,101307.82,0.676,9,0,360,0,0,0,0,0,0
23,36100.0,0.9,MORTGAGE,13400.0,credit_card,36,504.26,15767.61,0.371,8,1,42,1,0,0,0,0,0
25,108800.0,1.8,RENT,31700.0,debt_consolidation,36,1243.9,74383.02,0.118,9,0,61,0,0,0,0,0,1
46,85800.0,7.6,MORTGAGE,32800.0,small_business,36,1238.78,57847.65,0.305,6,0,230,1,0,0,0,0,1
31,46800.0,6.8,RENT,19100.0,small_business,36,218.83,11131.68,0.39,6,1,107,0,0,0,0,0,1
27,43800.0,3.0,RENT,19700.0,credit_card,36,370.47,19803.04,0.325,12,1,54,0,1,0,0,0,1
30,55700.0,3.9,RENT,6600.0,debt_consolidation,36,764.37,17117.02,0.57,9,1,104,0,0,0,0,0,1
62,77600.0,9.7,RENT,22000.0,credit_card,60,1551.99,53452.43,0.137,8,2,458,0,0,0,0,0,1
54,107900.0,15.2,RENT,22100.0,debt_consolidation,36,878.98,23618.29,0.362,8,2,192,0,0,0,0,0,1
23,40100.0,1.9,RENT,8200.0,home_improvement,36,581.17,11570.92,0.231,9,1,24,0,0,0,0,0,1
28,80700.0,3.0,MORTGAGE,24400.0,major_purchase,36,2327.3,55214.63,0.501,10,2,106,0,0,0,0,0,0
51,54100.0,7.3,RENT,13600.0,debt_consolidation,36,1533.0,27779.2,0.462,7,1,160,0,0,0,0,0,1
31,18000.0,4.6,RENT,6700.0,small_business,36,501.74,16231.36,0.348,10,0,146,0,0,0,0,0,1
65,49400.0,11.7,MORTGAGE,9000.0,debt_consolidation,36,266.71,6613.88,0.205,10,3,397,1,0,0,0,0,1
27,82500.0,3.6,RENT,21600.0,debt_consolidation,36,1334.05,47493.28,0.377,12,0,69,0,0,0,0,0,1
65,42200.0,13.9,RENT,18400.0,debt_consolidation,36,1059.72,36344.5,0.249,8,1,428,0,0,0,0,0,1
22,80200.0,0.3,MORTGAGE,6900.0,credit_card,36,1426.24,60257.71,0.309,9,0,23,0,0,0,0,0,1
26,97100.0,4.7,MORTGAGE,15300.0,credit_card,36,2016.97,117290.95,0.313,9,2,83,0,0,0,0,0,1
61,124800.0,25.4,OWN,11300.0,debt_consolidation,36,2119.88,122809.36,0.643,5,2,434,0,0,0,0,0,1
52,36900.0,17.5,RENT,2800.0,credit_card,60,1191.69,65046.74,0.363,10,3,189,0,0,0,0,0,1
40,126300.0,6.3,MORTGAGE,7200.0,credit_card,60,2966.45,81135.34,0.924,7,1,116,0,0,0,0,0,1
54,67400.0,9.9,RENT,13200.0,auto,36,2558.8,140387.04,0.165,7,2,182,0,0,0,0,0,1
70,27900.0,28.0,RENT,10900.0,debt_consolidation,36,1310.02,23318.53,0.609,10,2,265,0,0,0,0,0,1
36,57900.0,1.5,RENT,8500.0,home_improvement,60,1593.7,70646.31,0.257,5,1,79,2,0,1,0,0,1
45,56200.0,8.8,MORTGAGE,10100.0,debt_consolidation,60,1872.06,82733.08,0.517,7,5,191,0,0,0,0,0,1
32,49200.0,3.8,RENT,19300.0,debt_consolidation,36,1409.82,28124.11,0.141,5,0,56,0,0,0,0,0,1
27,33500.0,1.4,MORTGAGE,3700.0,debt_consolidation,36,670.16,27469.88,0.861,4,2,34,0,0,0,0,0,0
59,75400.0,6.7,MORTGAGE,10900.0,debt_consolidation,36,2334.38,49003.37,0.167,8,1,161,1,0,0,0,0,0
37,64000.0,11.4,RENT,21400.0,debt_consolidation,36,472.2,27470.51,0.096,4,0,101,0,0,0,0,0,1
65,48900.0,25.5,RENT,16900.0,debt_consolidation,36,166.22,6010.41,0.582,8,3,307,0,0,0,0,0,1
31,39100.0,2.0,MORTGAGE,7600.0,debt_consolidation,36,996.31,51220.05,0.477,9,0,142,0,0,0,0,0,0
26,24200.0,0.4,RENT,1300.0,home_improvement,36,449.61,16717.39,0.302,10,0,35,0,0,0,0,0,1
43,155000.0,0.9,MORTGAGE,31400.0,credit_card,60,3236.06,75975.87,0.197,16,0,145,0,0,0,0,0,1
47,57100.0,10.8,OWN,19200.0,debt_consolidation,60,572.56,11594.2,0.209,7,1,194,0,0,0,0,0,1
66,102400.0,41.1,RENT,34400.0,debt_consolidation,36,4030.63,122908.28,0.457,6,2,221,0,0,0,0,0,1
26,122200.0,2.0,MORTGAGE,26600.0,debt_consolidation,36,3217.18,184201.65,0.749,14,2,54,0,1,0,0,0,1
58,117100.0,3.6,MORTGAGE,22200.0,credit_card,36,5626.05,94389.93,0.42,11,0,276,0,0,0,0,0,1
22,95700.0,0.9,MORTGAGE,31700.0,auto,36,2925.66,88304.28,0.091,4,1,43,0,0,0,0,0,1
42,74900.0,5.0,RENT,32200.0,credit_card,36,264.69,10096.07,0.269,10,0,235,0,0,0,0,1,1
40,26000.0,5.1,RENT,9500.0,debt_consolidation,60,818.8,31180.01,0.469,11,0,143,0,0,0,0,0,1
45,157500.0,10.7,MORTGAGE,22300.0,debt_consolidation,36,3630.08,90289.27,0.516,10,0,170,0,0,0,0,0,1
35,35300.0,1.0,MORTGAGE,15400.0,debt_consolidation,36,1370.04,45223.85,0.149,6,0,148,0,0,0,0,0,1
69,150400.0,36.3,OWN,44200.0,credit_card,60,4254.92,75314.87,0.223,6,7,203,2,0,0,0,0,1
49,56300.0,10.5,MORTGAGE,5300.0,home_improvement,36,1357.07,68090.22,0.506,4,2,224,0,0,0,0,0,1
28,113900.0,3.1,MORTGAGE,21000.0,credit_card,36,3695.91,210469.97,0.525,11,0,78,0,0,0,1,0,1
57,105800.0,6.6,OWN,35900.0,credit_card,60,1432.96,54642.64,0.36,3,3,403,1,0,0,0,0,1
69,80700.0,3.2,RENT,32100.0,small_business,36,836.67,40935.41,0.213,11,1,479,0,0,0,0,0,1
53,80500.0,10.1,RENT,21100.0,debt_consolidation,36,704.6,29926.8,0.176,3,1,157,0,0,0,0,0,1
42,60000.0,5.0,MORTGAGE,6300.0,debt_consolidation,36,952.84,26970.93,0.327,10,1,87,0,0,0,0,0,1
70,67900.0,26.9,RENT,6800.0,small_business,60,807.03,40886.73,0.456,9,1,358,1,0,0,0,0,1
67,67600.0,4.3,OWN,12200.0,credit_card,36,974.36,34702.81,0.542,7,2,182,0,0,0,0,0,1
25,72400.0,3.1,MORTGAGE,4700.0,credit_card,36,1491.9,84821.43,0.178,11,1,63,0,0,0,0,0,1
59,61500.0,1.3,RENT,13400.0,small_business,36,1763.74,74548.95,0.901,7,1,271,2,0,0,0,0,0
38,31800.0,7.5,RENT,11500.0,medical,36,761.05,22834.31,0.636,6,0,208,0,0,0,0,0,1
58,52600.0,4.0,MORTGAGE,12300.0,credit_card,36,661.23,36178.23,0.407,13,1,446,0,0,0,0,0,1
57,83700.0,2.2,RENT,32000.0,small_business,60,1512.57,64807.77,0.143,7,0,196,0,0,0,0,0,1
50,61500.0,10.6,RENT,19200.0,credit_card,36,1422.91,46257.98,0.669,6,0,250,0,0,0,1,0,1
71,66500.0,14.0,MORTGAGE,8500.0,debt_consolidation,60,1524.09,71766.31,0.363,10,4,550,1,2,0,0,0,0
51,47400.0,27.2,RENT,6400.0,medical,60,961.55,51570.76,0.444,8,1,232,0,0,0,0,0,1
30,90700.0,2.6,RENT,17200.0,small_business,36,2482.85,39802.42,0.124,10,2,44,0,0,0,0,0,0
35,93300.0,6.5,MORTGAGE,24700.0,home_improvement,60,1845.57,52355.89,0.792,10,0,105,0,0,0,0,0,1
62,18400.0,6.6,RENT,5900.0,debt_consolidation,36,407.45,10190.46,0.315,8,1,246,1,2,0,0,0,1
68,28100.0,18.2,OWN,3400.0,medical,60,355.33,10459.43,0.643,4,2,239,0,0,0,0,0,1
64,59900.0,13.1,RENT,6700.0,credit_card,36,779.14,41024.58,0.321,7,3,320,0,0,0,0,0,1
38,87200.0,8.2,MORTGAGE,4800.0,home_improvement,36,478.34,16194.17,0.495,9,1,211,0,3,0,0,0,0
43,78000.0,2.6,RENT,7400.0,debt_consolidation,60,2028.86,61403.29,0.595,6,2,219,0,0,0,0,0,0
53,61300.0,1.6,RENT,21500.0,debt_consolidation,36,1665.41,68301.11,0.538,7,1,329,0,0,0,0,1,0
36,104600.0,3.5,MORTGAGE,7500.0,debt_consolidation,36,246.39,6530.54,0.244,7,0,151,0,0,0,0,0,1
58,92300.0,5.1,MORTGAGE,27000.0,credit_card,36,2503.83,111443.41,0.86,8,0,297,0,0,0,0,0,1
55,59300.0,12.9,RENT,17200.0,small_business,60,1194.22,19739.2,0.641,3,2,413,0,0,0,0,0,0
54,61300.0,5.4,RENT,27400.0,debt_consolidation,36,945.42,29063.07,0.24,8,1,223,2,0,0,0,0,0
48,32200.0,11.2,RENT,10300.0,home_improvement,60,708.11,26048.15,0.773,5,1,110,0,0,0,0,0,0
22,69900.0,0.8,MORTGAGE,23000.0,major_purchase,60,1546.69,59956.7,0.558,9,0,38,0,0,0,0,0,1
50,90100.0,2.6,MORTGAGE,7700.0,small_business,36,2355.42,42050.49,0.073,5,1,250,0,0,0,0,0,1
33,44500.0,6.2,RENT,17800.0,credit_card,60,1535.83,80417.11,0.134,9,1,160,0,0,0,0,0,1
61,67600.0,1.5,RENT,12000.0,small_business,36,1771.21,57387.95,0.177,9,1,433,0,0,0,0,0,1
36,79600.0,4.9,MORTGAGE,13900.0,major_purchase,60,798.9,28104.18,0.705,15,1,161,1,1,0,0,0,0
25,106900.0,3.1,MORTGAGE,25300.0,credit_card,36,2628.21,152309.1,0.377,11,2,40,0,0,0,0,0,1
48,55900.0,10.2,RENT,18600.0,small_business,36,1610.21,75671.44,0.325,11,0,130,1,0,0,0,0,1
59,41200.0,17.4,RENT,6900.0,debt_consolidation,60,751.85,35076.37,0.53,5,2,300,0,0,0,0,0,1
65,55000.0,25.9,MORTGAGE,19900.0,credit_card,36,1681.12,67503.42,0.242,3,0,507,0,0,0,0,0,1
40,77700.0,17.5,MORTGAGE,11500.0,debt_consolidation,36,1739.08,100765.73,0.196,1,1,220,0,0,0,0,0,1
44,75300.0,1.9,RENT,7500.0,major_purchase,36,1344.48,79964.01,0.527,7,0,284,0,0,0,0,0,1
47,28400.0,7.2,RENT,9300.0,debt_consolidation,36,623.08,19215.87,0.353,8,1,136,0,0,0,0,0,1
50,54900.0,8.5,OWN,23000.0,debt_consolidation,60,991.7,41236.41,0.337,6,2,227,0,0,0,1,1,0
65,37700.0,3.9,MORTGAGE,15600.0,debt_consolidation,36,378.11,5967.21,0.49,3,0,419,0,0,0,0,0,1
47,67400.0,11.6,MORTGAGE,5100.0,debt_consolidation,36,1571.75,78195.37,0.724,4,2,327,0,0,0,0,0,1
46,80600.0,13.8,RENT,16700.0,medical,36,1349.75,73419.89,0.828,8,0,262,0,0,0,0,0,0
27,116000.0,1.8,MORTGAGE,19100.0,auto,60,4529.9,182399.75,0.756,11,0,79,0,0,0,0,0,1
62,132200.0,8.9,MORTGAGE,30700.0,major_purchase,36,2218.1,50323.0,0.22,9,2,278,0,0,0,0,0,1
67,86900.0,3.8,RENT,6100.0,debt_consolidation,36,1957.72,65657.74,0.193,4,0,228,3,0,0,0,0,1
58,52700.0,10.3,RENT,11300.0,debt_consolidation,36,1013.78,44154.66,0.402,11,1,421,0,0,0,0,0,1
25,49900.0,2.0,RENT,21700.0,debt_consolidation,36,477.63,25889.13,0.825,9,3,74,0,0,0,0,0,1
43,85400.0,11.0,MORTGAGE,23600.0,home_improvement,36,743.39,32229.68,0.709,11,1,112,0,0,0,0,0,1
48,100800.0,13.3,MORTGAGE,13800.0,debt_consolidation,36,728.27,34738.62,0.458,8,0,118,0,0,0,0,0,1
54,33900.0,16.9,MORTGAGE,12700.0,major_purchase,36,545.72,20650.28,0.403,10,2,199,0,0,0,0,0,1
35,245700.0,4.5,MORTGAGE,50000.0,small_business,36,1782.58,68875.6,0.676,12,0,101,0,0,0,0,0,1
52,83700.0,12.6,MORTGAGE,6300.0,debt_consolidation,36,2419.39,59033.47,0.397,13,1,362,1,0,0,0,0,1
46,105000.0,12.9,RENT,20100.0,home_improvement,36,1934.69,68038.48,0.335,9,1,210,0,0,0,0,0,1
68,85400.0,25.9,RENT,32100.0,debt_consolidation,60,1151.27,41234.98,0.509,5,0,274,0,0,0,0,0,1
51,37200.0,17.5,RENT,5100.0,debt_consolidation,36,796.93,13962.04,0.723,6,1,290,0,0,0,0,0,1
39,51900.0,2.8,RENT,9400.0,credit_card,36,1371.56,72218.61,0.494,8,2,210,0,0,0,0,0,0
29,43200.0,0.7,OWN,6900.0,small_business,36,1441.66,61997.61,0.359,8,1,45,0,0,0,0,0,1
49,26100.0,20.1,RENT,10700.0,medical,36,386.78,6953.03,0.696,7,3,263,0,0,0,0,0,0
71,33800.0,17.0,MORTGAGE,5700.0,debt_consolidation,36,687.86,38543.96,0.215,7,1,543,0,0,0,0,0,1
59,174200.0,13.2,OWN,25500.0,debt_consolidation,60,2673.41,110879.29,0.44,7,3,429,0,0,0,0,0,1
24,58800.0,1.3,RENT,24700.0,credit_card,60,1939.38,64018.38,0.734,9,0,27,1,0,0,0,0,1
23,106700.0,0.2,MORTGAGE,48000.0,debt_consolidation,36,3370.28,75974.15,0.45,4,1,25,0,0,0,0,0,1
49,48500.0,11.5,RENT,13900.0,debt_consolidation,36,1989.24,57217.42,0.194,6,0,201,0,0,0,0,0,1
31,44600.0,1.1,RENT,18900.0,home_improvement,60,411.3,13977.72,0.123,8,4,81,0,1,0,0,0,1
53,150200.0,16.9,MORTGAGE,50000.0,home_improvement,36,1330.56,55919.47,0.077,4,5,351,0,0,0,0,0,1
58,59800.0,28.4,RENT,7500.0,home_improvement,60,794.84,44926.3,0.234,13,2,248,0,0,0,0,0,1
31,58500.0,4.6,RENT,18900.0,major_purchase,36,95.21,1502.01,0.73,7,2,96,0,0,0,0,0,0
47,76500.0,8.9,RENT,28000.0,credit_card,36,319.19,9654.65,0.507,4,0,169,0,0,0,0,0,1
53,93700.0,15.3,MORTGAGE,32500.0,home_improvement,60,520.68,14169.35,0.368,11,1,212,1,0,0,0,0,1
41,49300.0,3.4,RENT,12900.0,debt_consolidation,36,1061.97,54861.56,0.29,8,0,211,0,0,0,0,0,1
59,19900.0,26.1,RENT,5100.0,auto,36,618.36,21601.75,0.339,7,1,304,0,0,0,0,0,1
51,125000.0,11.2,RENT,47300.0,major_purchase,36,1422.27,64543.93,0.41,11,0,158,0,0,0,0,0,1
58,83800.0,20.4,MORTGAGE,27300.0,small_business,60,1092.37,49134.27,0.533,10,3,386,0,0,0,0,0,1
66,40700.0,28.4,MORTGAGE,14900.0,credit_card,36,573.1,9663.76,0.101,13,1,297,0,0,0,0,1,1
22,60500.0,0.7,RENT,8000.0,credit_card,36,1232.12,35449.9,0.364,6,2,29,0,0,0,0,0,1
47,137000.0,7.3,OWN,50000.0,debt_consolidation,60,3234.33,180382.14,0.28,2,5,202,0,0,0,0,0,1
56,157700.0,8.9,MORTGAGE,50000.0,debt_consolidation,36,2124.4,102122.9,0.289,13,4,313,1,1,0,0,0,1
31,55100.0,4.0,MORTGAGE,12100.0,debt_consolidation,60,1339.31,75202.66,0.606,9,1,83,0,0,0,0,0,1
67,150700.0,10.0,RENT,43700.0,debt_consolidation,36,1348.2,56216.64,0.698,10,3,468,0,0,0,0,0,0
38,66200.0,11.3,RENT,20300.0,credit_card,36,1331.64,59798.2,0.15,2,1,208,0,0,0,0,0,0
21,44200.0,0.2,OWN,16400.0,debt_consolidation,36,1313.86,75097.08,0.613,4,5,16,0,0,0,0,0,1
55,49500.0,3.1,OWN,16400.0,debt_consolidation,60,984.42,50849.45,0.224,11,0,239,0,0,0,0,0,1
55,175700.0,11.1,MORTGAGE,50000.0,debt_consolidation,36,3607.21,104533.5,0.355,8,3,258,0,0,0,0,0,1
51,91000.0,11.1,MORTGAGE,18900.0,credit_card,36,2136.0,89909.21,0.182,2,2,282,0,0,0,0,0,1
48,39300.0,2.7,RENT,8600.0,credit_card,36,962.18,16518.78,0.482,7,1,244,4,0,0,0,0,0
59,116600.0,25.3,OWN,14600.0,debt_consolidation,60,3116.58,172895.13,0.466,10,0,306,0,0,0,0,0,1
21,119200.0,0.4,MORTGAGE,30500.0,debt_consolidation,36,1563.17,85496.24,0.436,7,0,24,0,0,0,0,0,1
45,52700.0,14.3,RENT,11100.0,home_improvement,36,1434.82,38674.06,0.199,4,0,129,1,0,1,0,1,1
63,85500.0,10.5,MORTGAGE,27000.0,debt_consolidation,36,1499.41,38753.38,0.405,9,1,477,0,0,0,0,0,1
58,144300.0,8.9,RENT,42000.0,small_business,60,2655.38,121199.68,0.59,3,2,210,0,1,0,0,0,1
40,35000.0,6.6,RENT,13800.0,credit_card,60,985.19,14827.03,0.695,11,1,153,0,0,0,0,0,0
23,24400.0,1.4,MORTGAGE,2900.0,debt_consolidation,36,470.34,15712.9,0.257,9,2,25,0,0,0,0,0,1
71,45700.0,18.8,MORTGAGE,19000.0,major_purchase,36,776.49,22084.97,0.278,6,0,548,0,0,0,0,0,1
22,25200.0,1.3,MORTGAGE,3500.0,debt_consolidation,60,300.22,5335.83,0.363,14,0,43,0,0,0,0,0,1
38,33400.0,10.0,MORTGAGE,11300.0,credit_card,36,896.6,25609.67,0.502,9,0,81,0,0,0,0,0,1
64,124000.0,3.1,RENT,30900.0,credit_card,36,3678.31,110527.86,0.269,6,2,386,1,0,0,0,0,1
30,41500.0,3.6,RENT,13700.0,debt_consolidation,36,815.56,42413.02,0.124,6,2,101,0,0,0,1,0,0
25,63700.0,1.4,MORTGAGE,16800.0,credit_card,36,2065.48,106695.64,0.248,6,3,36,0,0,0,0,0,0
29,98600.0,1.9,RENT,30700.0,home_improvement,36,2786.22,150739.66,0.443,7,2,114,0,0,0,0,0,1
22,127000.0,0.4,MORTGAGE,44600.0,major_purchase,60,1049.57,21518.44,0.327,7,2,27,0,0,0,0,0,1
54,80100.0,5.5,MORTGAGE,10200.0,home_improvement,36,674.13,16012.31,0.859,5,1,340,0,0,0,0,0,1
58,20400.0,2.4,OWN,3800.0,credit_card,60,203.13,4523.23,0.557,7,2,356,0,0,0,0,0,1
51,64300.0,20.1,RENT,25500.0,small_business,36,1781.08,75693.02,0.859,7,0,212,0,0,0,0,0,1
30,100900.0,4.0,MORTGAGE,38800.0,debt_consolidation,36,886.27,24290.95,0.607,16,1,132,0,0,0,0,0,1
70,72500.0,18.9,OWN,23400.0,small_business,36,1105.94,56866.96,0.634,8,1,423,1,0,0,0,0,1
32,89400.0,5.3,RENT,15400.0,small_business,36,3021.3,173401.97,0.972,6,1,146,0,0,0,0,0,0
56,45700.0,9.3,MORTGAGE,6100.0,credit_card,60,668.53,10663.01,0.273,7,3,373,0,0,0,0,0,1
41,69700.0,4.9,RENT,4800.0,debt_consolidation,60,1670.57,60192.08,0.349,7,1,229,1,2,0,0,0,1
69,95200.0,31.2,MORTGAGE,40300.0,credit_card,36,884.08,52053.05,0.466,8,0,488,0,0,0,0,0,1
67,144900.0,14.6,MORTGAGE,44100.0,major_purchase,60,529.1,21186.1,0.642,12,2,239,0,0,0,0,0,1
26,46600.0,3.2,OWN,10000.0,credit_card,60,1107.8,56183.49,0.488,5,0,32,0,0,0,0,0,1
68,46000.0,24.4,RENT,15000.0,small_business,36,1500.68,58704.0,0.231,20,1,494,1,0,0,0,1,0
69,158000.0,34.1,MORTGAGE,36800.0,debt_consolidation,36,4344.58,210767.32,0.273,10,2,346,0,0,0,0,0,1
23,55000.0,0.4,MORTGAGE,10500.0,debt_consolidation,36,1611.55,35827.41,0.219,13,0,35,0,0,0,0,0,1
30,74800.0,2.4,MORTGAGE,18700.0,debt_consolidation,36,1007.71,45371.25,0.535,12,0,51,0,0,0,1,0,1
25,76400.0,1.4,RENT,26300.0,credit_card,36,1191.42,61337.07,0.33,7,1,67,0,0,0,0,0,1
66,66000.0,1.6,RENT,25400.0,debt_consolidation,36,1484.2,71224.12,0.257,12,1,274,0,0,0,1,0,0
46,192600.0,9.4,RENT,17300.0,small_business,36,3453.47,100144.21,0.348,9,3,152,0,0,0,0,0,1
41,58300.0,2.4,RENT,4400.0,debt_consolidation,60,445.72,13385.91,0.626,5,3,184,2,0,0,0,0,0
65,102200.0,15.0,MORTGAGE,19000.0,credit_card,36,3695.98,217780.52,0.757,9,0,509,0,0,0,0,0,1
46,52600.0,4.5,RENT,3500.0,debt_consolidation,60,700.75,39609.74,0.59,11,1,177,0,0,0,0,0,0
58,184600.0,18.4,MORTGAGE,45800.0,medical,36,2313.63,88543.3,0.579,3,0,328,0,0,0,0,0,1
64,42100.0,8.0,MORTGAGE,16000.0,home_improvement,36,753.8,34828.93,0.559,9,1,184,0,0,0,0,0,0
46,93000.0,21.6,RENT,17600.0,debt_consolidation,36,1766.88,90963.43,0.306,9,2,136,0,0,0,0,0,1
28,18200.0,2.5,RENT,4400.0,credit_card,60,175.14,7263.97,0.521,9,2,84,0,0,0,0,0,1
25,56300.0,2.4,RENT,15700.0,home_improvement,36,252.96,4640.67,0.02,7,0,79,0,0,0,0,0,1
35,89900.0,11.3,MORTGAGE,37400.0,debt_consolidation,60,3438.43,125147.66,0.316,6,1,124,0,0,0,0,0,1
36,29800.0,4.6,MORTGAGE,12500.0,home_improvement,36,570.32,30225.89,0.045,9,0,67,0,0,0,0,0,1
21,53900.0,0.0,MORTGAGE,16300.0,debt_consolidation,36,1693.96,50171.13,0.394,8,0,19,0,0,0,0,1,1
36,300000.0,2.0,OWN,16200.0,debt_consolidation,60,3728.11,140237.47,0.25,9,1,147,0,0,0,0,0,1
57,36800.0,15.2,RENT,4600.0,credit_card,36,322.13,7809.27,0.63,6,0,321,0,0,0,0,0,1
23,76900.0,1.1,MORTGAGE,10000.0,auto,60,1719.54,89526.43,0.55,6,0,42,2,0,0,0,0,0
67,29500.0,4.5,MORTGAGE,8500.0,medical,36,969.68,23355.13,0.21,8,1,494,0,0,0,0,0,1
51,36500.0,13.3,RENT,12200.0,major_purchase,36,1165.72,56413.83,0.389,8,0,168,0,0,0,0,0,1
33,83700.0,6.1,OWN,7200.0,debt_consolidation,36,369.86,16185.12,0.496,6,3,115,0,0,0,0,0,1
36,58500.0,3.9,OWN,9700.0,small_business,60,1371.08,78281.65,0.511,10,2,86,0,0,0,0,0,0
63,42300.0,35.1,RENT,10700.0,home_improvement,36,674.68,28040.62,0.51,7,2,258,0,0,0,0,0,1
41,51200.0,3.9,RENT,18400.0,credit_card,36,477.98,22096.5,0.225,11,1,219,0,0,0,0,0,0
22,121700.0,0.7,MORTGAGE,22900.0,debt_consolidation,36,4744.52,283314.31,0.11,9,1,32,0,0,0,0,0,1
47,58300.0,3.3,MORTGAGE,14500.0,home_improvement,36,2146.52,63822.55,0.175,10,2,161,0,0,0,0,0,1
58,90900.0,5.1,MORTGAGE,22600.0,debt_consolidation,36,318.83,8239.12,0.686,11,4,306,0,0,0,0,0,1
46,25300.0,3.8,RENT,10600.0,credit_card,60,257.09,7848.19,0.269,14,1,242,0,0,0,0,1,0
58,49000.0,15.7,RENT,19000.0,home_improvement,60,1126.43,52016.59,0.253,11,0,445,1,1,0,0,0,1
66,52300.0,9.6,RENT,20600.0,credit_card,36,2104.19,76515.09,0.223,1,0,323,0,0,0,0,0,1
45,44000.0,6.5,MORTGAGE,5100.0,major_purchase,60,835.17,35972.34,0.332,12,1,126,0,0,0,0,0,1
31,61700.0,4.6,MORTGAGE,25300.0,debt_consolidation,60,693.78,40691.36,0.281,5,2,148,0,0,0,0,1,1
28,55900.0,0.8,MORTGAGE,11600.0,credit_card,60,441.35,17313.28,0.226,8,0,114,0,0,0,0,0,1
28,98800.0,1.7,MORTGAGE,26500.0,home_improvement,36,195.54,8771.14,0.447,7,3,70,0,0,0,0,0,1
53,121600.0,16.5,RENT,36000.0,home_improvement,36,778.99,17282.73,0.204,8,2,365,0,0,0,0,0,1
27,47000.0,5.0,RENT,10400.0,credit_card,36,628.26,18589.58,0.389,7,0,66,0,0,0,0,0,1
58,128100.0,19.5,MORTGAGE,24000.0,debt_consolidation,36,3547.38,182675.89,0.183,5,0,207,0,0,0,0,0,1
41,44300.0,5.9,MORTGAGE,6600.0,debt_consolidation,36,1238.7,18675.48,0.363,7,0,141,1,1,0,0,0,1
28,70700.0,3.5,OWN,18100.0,home_improvement,36,425.32,18068.3,0.232,11,0,106,1,1,0,0,0,0
71,31800.0,21.3,MORTGAGE,12200.0,debt_consolidation,36,174.16,8592.77,0.216,5,0,472,0,0,0,0,0,1
41,56600.0,9.3,RENT,20200.0,credit_card,60,474.46,14122.01,0.336,13,0,229,0,0,0,0,0,1
40,153400.0,6.0,OWN,39000.0,debt_consolidation,60,1668.7,47283.87,0.321,12,4,228,0,0,0,0,0,1
28,71500.0,1.2,RENT,13400.0,home_improvement,36,1064.08,26180.59,0.621,6,1,84,0,0,0,0,0,1
66,57500.0,16.0,RENT,3200.0,debt_consolidation,36,1774.39,87332.83,0.489,7,1,434,0,0,0,0,0,1
51,22000.0,26.9,MORTGAGE,2900.0,debt_consolidation,36,309.5,18330.1,0.49,8,1,224,1,0,0,0,0,0
70,63900.0,25.4,MORTGAGE,8000.0,home_improvement,36,679.74,31728.55,0.566,7,0,515,0,0,0,0,0,1
49,69800.0,8.9,MORTGAGE,19900.0,home_improvement,36,2440.72,121561.99,0.119,6,0,161,0,0,0,0,0,1
68,51000.0,28.0,RENT,21300.0,debt_consolidation,60,1428.48,41755.48,0.49,7,1,470,0,0,0,0,0,1
29,55100.0,0.5,OWN,9700.0,debt_consolidation,36,1260.6,59024.15,0.143,16,3,47,0,0,0,0,0,1
35,62500.0,4.0,MORTGAGE,23000.0,credit_card,36,109.28,4713.02,0.064,13,1,62,0,0,0,0,0,1
50,67300.0,14.9,RENT,12200.0,credit_card,36,721.51,15450.3,0.548,9,0,250,0,0,0,0,0,1
46,59900.0,15.1,RENT,26100.0,home_improvement,36,1179.96,52575.63,0.205,10,0,150,0,0,0,0,0,1
30,126000.0,1.9,OWN,16100.0,debt_consolidation,36,3953.09,225514.68,0.373,12,0,117,0,0,0,0,0,0
49,37400.0,2.6,RENT,8000.0,debt_consolidation,36,1173.69,44063.4,0.731,9,1,237,0,0,0,0,1,1
36,154800.0,6.9,MORTGAGE,17000.0,debt_consolidation,60,667.07,36211.09,0.558,8,1,105,0,0,0,0,0,1
56,57200.0,10.2,RENT,8000.0,debt_consolidation,36,1090.42,60472.55,0.647,6,1,166,2,1,0,0,0,1
40,88800.0,9.9,RENT,8200.0,debt_consolidation,60,3151.95,58572.73,0.47,6,1,205,0,0,0,0,0,1
65,118900.0,17.2,RENT,11200.0,medical,36,2997.74,157318.41,0.051,11,1,172,1,0,0,1,0,1
57,73500.0,16.3,MORTGAGE,22200.0,debt_consolidation,36,2844.64,110848.44,0.214,6,0,174,0,0,0,0,0,1
42,65000.0,8.3,RENT,23600.0,debt_consolidation,60,1654.98,72731.45,0.244,10,0,107,0,0,0,0,0,1
27,71700.0,2.9,OWN,5900.0,credit_card,60,1192.04,24058.4,0.121,8,2,64,0,0,0,0,1,1
43,22800.0,1.4,RENT,3200.0,medical,36,654.46,13382.09,0.038,7,0,114,0,0,0,0,0,1
61,18000.0,6.5,MORTGAGE,3200.0,medical,36,334.62,15853.9,0.62,6,1,421,0,1,0,0,0,0
60,100300.0,15.0,RENT,42600.0,home_improvement,36,1845.06,96464.12,0.326,4,3,296,0,0,0,0,0,1
49,55200.0,4.6,MORTGAGE,16000.0,debt_consolidation,36,1877.77,111146.09,0.368,14,1,292,0,0,0,0,0,1
36,41400.0,10.4,OWN,3800.0,debt_consolidation,36,1108.01,62830.2,0.345,7,0,148,0,0,0,0,1,1
58,74700.0,12.8,RENT,14800.0,debt_consolidation,36,1844.91,95153.34,0.685,11,1,158,0,0,0,0,0,1
48,60700.0,17.7,MORTGAGE,20400.0,debt_consolidation,36,802.41,47090.1,0.587,11,2,258,0,0,0,0,0,1
68,32500.0,4.1,RENT,14300.0,home_improvement,36,1023.47,48033.8,0.257,7,1,451,0,0,0,0,0,1
58,111400.0,26.8,MORTGAGE,38500.0,medical,60,3211.62,191812.41,0.311,6,0,238,0,0,0,0,0,1
51,123200.0,5.1,MORTGAGE,15100.0,debt_consolidation,36,3419.93,108844.25,0.321,7,0,250,0,0,0,0,0,1
34,74300.0,0.5,RENT,28100.0,debt_consolidation,36,2954.36,51319.48,0.129,4,1,117,0,0,0,0,0,0
53,72400.0,3.7,RENT,3700.0,major_purchase,60,551.2,26205.45,0.32,9,1,327,0,0,0,0,0,1
29,65800.0,6.9,RENT,16000.0,home_improvement,60,955.17,24300.24,0.243,14,0,123,0,0,0,0,0,1
47,70700.0,7.3,RENT,13300.0,major_purchase,36,576.13,18289.45,0.093,10,1,193,0,0,0,0,0,1
44,80200.0,8.0,RENT,34400.0,medical,36,709.33,19525.3,0.967,5,3,296,0,0,0,0,0,1
33,51100.0,3.3,RENT,3500.0,debt_consolidation,36,1474.28,22600.16,0.169,10,2,103,0,1,0,0,0,0
46,102900.0,9.2,RENT,15700.0,home_improvement,36,2565.61,96661.52,0.405,15,0,266,0,0,0,1,0,1
49,72700.0,17.8,OWN,11200.0,home_improvement,36,813.7,15180.1,0.043,4,1,175,0,0,0,0,0,1
71,101200.0,18.8,RENT,22200.0,credit_card,60,1554.44,38855.29,0.718,12,0,544,0,0,0,0,0,1
69,132400.0,30.9,RENT,50000.0,debt_consolidation,60,2239.55,74593.92,0.087,7,0,527,0,0,0,0,0,1
63,67500.0,17.6,RENT,21000.0,small_business,36,1045.93,39694.03,0.64,8,2,350,0,0,0,0,0,1
48,79500.0,5.5,OWN,7800.0,home_improvement,36,1388.32,67529.06,0.538,11,2,277,0,0,0,0,0,1
48,94300.0,9.5,MORTGAGE,35800.0,debt_consolidation,36,885.85,21650.62,0.139,12,1,153,0,0,0,0,0,1
28,68800.0,0.8,RENT,20800.0,debt_consolidation,36,1953.17,72124.92,0.199,7,0,60,0,0,0,0,0,1
43,54800.0,5.0,MORTGAGE,3100.0,debt_consolidation,36,1206.52,54956.49,0.625,12,1,162,0,0,0,0,0,1
49,73200.0,10.0,MORTGAGE,30600.0,small_business,36,1084.62,46259.3,0.836,3,3,234,0,0,0,0,0,0
25,135300.0,1.5,OWN,9300.0,debt_consolidation,36,2214.73,49215.29,0.56,8,3,46,0,0,0,0,0,1
62,18000.0,13.6,OWN,5300.0,credit_card,60,467.03,24412.64,0.354,6,1,292,0,0,0,0,0,1
27,99800.0,4.2,RENT,29000.0,debt_consolidation,60,2808.09,44474.34,0.453,6,3,40,0,0,0,0,0,1
62,72100.0,8.3,MORTGAGE,21200.0,home_improvement,36,2002.26,69527.27,0.623,14,3,282,0,0,0,0,0,1
56,49700.0,16.0,MORTGAGE,19300.0,debt_consolidation,60,840.78,23837.26,0.297,4,2,273,0,0,0,0,0,1
61,106600.0,12.8,OWN,10600.0,debt_consolidation,36,1855.28,36164.48,0.467,5,1,234,0,0,0,0,0,1
47,34100.0,17.4,RENT,9000.0,major_purchase,36,421.55,20750.03,0.219,12,2,145,0,0,0,0,1,1
66,53100.0,4.5,RENT,14800.0,debt_consolidation,36,604.24,32672.18,0.286,7,0,230,0,0,0,0,0,1
22,136100.0,1.4,MORTGAGE,28500.0,debt_consolidation,60,3388.07,132389.78,0.626,4,0,25,0,0,0,0,0,1
45,23400.0,4.7,RENT,6100.0,debt_consolidation,60,208.12,8444.98,0.135,7,0,282,0,0,0,0,0,1
29,87200.0,1.2,MORTGAGE,21800.0,credit_card,36,1293.11,51894.2,0.667,2,0,40,0,0,0,0,0,1
47,146000.0,17.3,RENT,50000.0,debt_consolidation,36,703.68,21801.79,0.55,10,2,146,1,1,1,1,0,0
21,121400.0,0.3,OWN,13200.0,small_business,60,794.64,30540.7,0.26,6,2,16,0,0,0,0,0,1
43,82400.0,13.7,MORTGAGE,5100.0,debt_consolidation,36,208.5,8314.59,0.314,8,2,176,0,0,0,0,0,1
30,39000.0,1.3,MORTGAGE,16500.0,home_improvement,36,1106.64,66286.3,0.4,10,0,76,0,0,0,0,0,1
62,108200.0,4.0,RENT,19000.0,debt_consolidation,60,2562.34,76979.02,0.542,4,2,378,2,0,0,0,0,0
45,46800.0,5.2,OWN,17200.0,credit_card,60,1020.36,51288.16,0.418,11,0,102,0,0,0,0,0,1
23,60800.0,0.2,RENT,10800.0,major_purchase,36,1104.03,30316.72,0.641,8,3,39,1,0,0,0,0,0
26,64300.0,1.3,RENT,3300.0,debt_consolidation,60,1251.92,35712.51,0.175,8,1,55,0,0,0,0,0,1
26,33600.0,3.9,OWN,4600.0,medical,36,824.22,13845.45,0.199,6,1,54,0,0,0,0,0,1
22,134800.0,0.8,MORTGAGE,12400.0,credit_card,36,1425.46,30774.34,0.286,8,1,45,0,0,0,0,0,1
38,62900.0,5.1,RENT,23800.0,home_improvement,60,1553.44,51607.91,0.788,6,3,141,0,0,0,0,0,0
43,63600.0,5.6,OWN,7500.0,credit_card,36,1492.17,76738.08,0.169,13,1,235,0,0,0,0,0,1
22,47300.0,0.4,OWN,21200.0,debt_consolidation,60,1525.75,59426.6,0.158,7,3,19,0,0,0,0,0,0
32,44800.0,4.1,OWN,13200.0,debt_consolidation,36,1063.79,37008.56,0.8,3,0,112,0,0,0,0,0,1
42,92900.0,3.3,RENT,16600.0,debt_consolidation,36,2142.14,112825.09,0.183,6,1,272,0,0,0,0,1,1
57,94200.0,14.4,RENT,23700.0,credit_card,36,191.2,9297.54,0.629,4,1,365,0,0,0,0,0,1
40,300000.0,9.3,RENT,50000.0,credit_card,60,6375.73,214827.14,0.153,9,1,113,0,0,0,0,0,1
59,55800.0,1.8,MORTGAGE,17000.0,auto,60,589.47,35079.19,0.254,12,0,267,0,0,0,0,0,1
44,52400.0,12.0,OWN,18400.0,small_business,36,1285.48,65405.56,0.157,9,1,174,0,0,0,0,0,1
68,121700.0,10.1,OWN,30100.0,small_business,60,3727.91,124629.02,0.318,9,0,433,0,0,0,0,0,1
40,105100.0,0.8,OWN,27700.0,debt_consolidation,36,1839.35,94860.21,0.172,11,0,242,0,0,0,0,0,1
21,56400.0,0.4,RENT,25000.0,debt_consolidation,36,1262.08,51019.67,0.626,13,1,22,0,0,0,0,0,0
21,80400.0,0.5,MORTGAGE,23500.0,debt_consolidation,36,1210.06,21366.3,0.433,8,0,16,0,0,0,0,0,0
37,156100.0,2.7,MORTGAGE,41600.0,credit_card,36,2158.43,102284.12,0.234,11,1,203,2,0,1,0,0,1
21,34400.0,0.0,RENT,13700.0,debt_consolidation,36,817.03,26879.6,0.353,6,1,23,3,0,0,0,0,0
65,44000.0,3.9,RENT,10100.0,debt_consolidation,36,490.57,23358.1,0.562,4,1,381,0,2,0,0,0,1
50,83800.0,3.0,MORTGAGE,20100.0,credit_card,36,1022.45,37000.8,0.66,10,1,206,0,0,0,0,0,1
61,45600.0,6.3,RENT,15200.0,debt_consolidation,36,384.84,10726.8,0.236,6,0,467,1,0,0,0,0,1
67,46900.0,33.7,OWN,5300.0,home_improvement,36,835.44,23628.41,0.888,6,2,227,0,0,0,0,0,1
23,130000.0,1.4,RENT,13300.0,home_improvement,36,362.03,8304.61,0.539,8,1,21,0,0,0,0,0,1
66,83100.0,16.3,MORTGAGE,24700.0,debt_consolidation,36,1006.85,55531.07,0.238,13,2,494,2,1,0,0,0,1
31,64200.0,2.2,OWN,7900.0,auto,36,1205.71,69816.14,0.44,10,0,119,3,0,2,0,0,0
44,43200.0,7.8,OWN,9700.0,credit_card,36,540.69,25161.91,0.421,9,4,261,0,0,0,0,0,1
42,81000.0,11.9,MORTGAGE,30100.0,debt_consolidation,60,556.78,10245.49,0.187,6,3,238,0,0,0,0,0,1
64,126100.0,25.2,MORTGAGE,21900.0,debt_consolidation,36,3243.71,119929.07,0.342,4,2,199,0,0,0,0,0,1
65,32500.0,13.2,OWN,11300.0,auto,36,666.96,12264.21,0.32,10,0,443,0,0,0,0,1,1
46,33800.0,5.1,OWN,6100.0,major_purchase,36,489.47,14223.5,0.712,7,2,292,0,0,0,0,0,1
33,96200.0,4.5,MORTGAGE,6300.0,debt_consolidation,36,2779.7,46465.24,0.183,12,0,148,0,0,0,0,0,1
21,48700.0,0.3,MORTGAGE,4200.0,small_business,36,1637.13,97894.17,0.811,7,0,25,0,0,0,0,0,0
44,42400.0,3.3,MORTGAGE,9500.0,credit_card,36,645.21,22090.49,0.271,8,2,163,0,0,0,0,0,1
30,45500.0,2.9,MORTGAGE,8100.0,debt_consolidation,36,576.86,15802.14,0.528,6,0,78,0,0,0,0,0,1
55,100300.0,12.4,OWN,23800.0,home_improvement,36,755.46,14083.53,0.542,12,1,255,0,0,0,0,0,1
44,98600.0,11.5,MORTGAGE,25600.0,debt_consolidation,36,1387.96,29798.6,0.107,7,0,148,0,0,0,0,0,1
48,82300.0,6.5,MORTGAGE,35100.0,debt_consolidation,36,2073.64,52461.35,0.232,8,0,262,0,0,0,0,0,1
56,52300.0,4.2,RENT,12500.0,debt_consolidation,60,915.15,32026.15,0.622,6,1,192,0,0,0,0,0,1
36,42300.0,3.1,MORTGAGE,16600.0,credit_card,36,711.72,15083.15,0.332,12,2,118,0,0,0,1,0,0
60,47500.0,12.3,RENT,18500.0,home_improvement,36,980.65,18836.49,0.442,7,2,328,0,0,0,0,0,1
36,40600.0,1.2,MORTGAGE,16400.0,credit_card,36,1302.84,59286.13,0.045,4,1,172,0,0,0,0,0,1
37,53300.0,1.0,MORTGAGE,14100.0,debt_consolidation,36,2151.98,89734.19,0.77,6,2,171,0,0,0,0,0,0
71,67500.0,15.7,MORTGAGE,11100.0,home_improvement,60,1463.04,34002.06,0.292,5,2,336,0,0,0,0,0,1
35,99300.0,0.6,RENT,36200.0,debt_consolidation,36,1595.07,60479.07,0.255,11,1,79,0,0,0,0,0,1
36,67600.0,7.9,RENT,12100.0,auto,36,905.07,23209.43,0.589,8,4,161,1,1,0,0,0,1
35,60300.0,5.8,OWN,24600.0,credit_card,36,1514.61,28526.02,0.483,11,2,77,0,0,0,0,0,1
54,168700.0,6.9,OWN,15500.0,debt_consolidation,36,5875.05,277587.92,0.636,13,0,272,1,0,0,0,0,1
31,18000.0,2.4,RENT,5800.0,credit_card,36,171.99,6651.72,0.311,6,1,68,0,0,0,0,0,1
21,94200.0,0.4,RENT,22800.0,credit_card,60,4029.69,169913.86,0.704,10,0,21,0,0,0,0,0,1
35,88200.0,3.0,RENT,25800.0,debt_consolidation,36,1508.94,32866.52,0.417,3,1,92,0,1,0,0,0,1
46,88800.0,4.6,MORTGAGE,8400.0,debt_consolidation,36,841.3,41065.5,0.745,12,2,185,0,0,0,0,0,1
71,110300.0,13.6,MORTGAGE,48400.0,auto,36,3758.44,186379.83,0.118,5,2,372,0,0,0,0,0,1
24,34400.0,2.9,MORTGAGE,11600.0,debt_consolidation,36,781.44,29280.18,0.064,5,1,44,0,0,0,0,1,0
63,111800.0,2.4,MORTGAGE,18300.0,debt_consolidation,36,1038.4,56079.7,0.691,11,1,278,2,0,0,0,0,1
25,81700.0,1.0,MORTGAGE,33200.0,credit_card,36,1588.45,94731.69,0.156,3,0,51,0,0,0,0,0,1
55,53200.0,8.2,RENT,12300.0,debt_consolidation,36,1840.7,63881.94,0.436,8,2,257,0,0,0,0,0,1
33,93600.0,5.6,MORTGAGE,11600.0,debt_consolidation,60,3220.19,148980.74,0.257,7,0,154,0,0,0,0,0,1
30,73000.0,4.5,MORTGAGE,16200.0,debt_consolidation,60,2690.73,42928.01,0.24,6,2,54,0,0,0,0,0,1
31,39400.0,3.2,MORTGAGE,7000.0,small_business,36,642.9,11634.92,0.361,6,2,68,0,0,0,0,0,1
38,21700.0,2.0,OWN,7200.0,debt_consolidation,36,347.59,13068.02,0.198,2,0,111,1,1,0,0,0,1
54,32200.0,12.5,MORTGAGE,1900.0,credit_card,36,702.74,15990.01,0.402,6,1,178,0,0,0,0,0,1
59,44700.0,7.1,RENT,18000.0,debt_consolidation,36,273.54,4388.5,0.519,8,3,319,0,0,0,0,0,1
61,82200.0,15.8,RENT,18300.0,credit_card,36,1206.07,21504.0,0.205,8,1,414,0,0,0,0,0,1
62,30000.0,6.9,MORTGAGE,2900.0,credit_card,36,963.1,18981.46,0.565,2,2,197,0,0,0,0,0,0
70,82900.0,6.1,RENT,29600.0,debt_consolidation,36,1768.85,100487.5,0.38,11,1,391,1,1,0,0,0,1
43,78600.0,2.7,RENT,35000.0,debt_consolidation,36,1879.01,85305.56,0.662,6,0,146,1,0,0,0,1,0
27,205100.0,3.3,RENT,50000.0,credit_card,36,4611.4,232860.36,0.39,7,0,45,0,0,0,0,0,1
59,80700.0,3.7,OWN,9400.0,small_business,60,1527.98,34614.25,0.211,10,1,326,3,0,0,0,0,1
23,21200.0,0.8,RENT,2900.0,debt_consolidation,60,867.06,25709.59,0.363,5,2,31,0,0,0,0,0,1
32,124300.0,4.6,RENT,50000.0,credit_card,36,1465.47,29429.12,0.31,12,2,142,1,1,0,0,1,0
27,40100.0,3.3,OWN,5300.0,small_business,36,1034.03,55908.42,0.402,7,2,38,0,0,0,0,0,0
69,38900.0,9.9,MORTGAGE,6600.0,debt_consolidation,36,428.41,15022.24,0.346,7,3,425,0,0,0,0,0,1
46,59400.0,8.0,RENT,17800.0,auto,60,1221.06,66963.56,0.375,8,1,252,0,0,0,0,0,1
53,89600.0,12.1,MORTGAGE,14900.0,home_improvement,36,2721.44,119893.31,0.439,8,1,297,0,0,0,0,0,1
57,56900.0,3.4,RENT,11500.0,debt_consolidation,36,577.55,32450.99,0.534,6,0,422,0,0,0,0,0,1
68,66500.0,2.8,MORTGAGE,23000.0,debt_consolidation,36,2382.54,111141.05,0.33,13,0,434,0,0,0,0,0,1
35,40000.0,3.5,MORTGAGE,11500.0,debt_consolidation,36,1010.19,39966.63,0.4,6,1,145,0,0,0,0,0,1
22,34800.0,1.2,RENT,13000.0,debt_consolidation,36,658.07,10163.12,0.752,5,0,28,0,0,1,0,1,0
61,73900.0,5.7,MORTGAGE,26600.0,credit_card,60,594.45,17398.51,0.808,6,1,196,0,0,0,0,0,1
27,28600.0,3.8,MORTGAGE,10600.0,debt_consolidation,36,910.58,39209.52,0.525,8,0,78,0,0,0,1,0,1
52,44700.0,15.3,MORTGAGE,5400.0,debt_consolidation,36,1501.82,89818.03,0.165,7,0,261,0,0,0,0,0,1
24,55200.0,0.4,MORTGAGE,8400.0,auto,36,754.34,28817.93,0.373,10,0,28,0,0,0,0,0,1
40,75300.0,14.2,RENT,9300.0,debt_consolidation,36,860.3,38508.24,0.158,9,2,151,0,0,0,0,1,1
70,57300.0,30.4,RENT,5700.0,small_business,36,1476.28,84200.17,0.099,11,0,434,0,0,0,0,0,1
56,55600.0,3.5,OWN,21700.0,credit_card,60,982.06,19864.42,0.373,7,1,367,0,0,0,0,1,1
52,33600.0,16.0,MORTGAGE,1700.0,debt_consolidation,36,195.74,7637.35,0.775,6,0,212,0,0,0,0,0,1
48,52700.0,11.4,MORTGAGE,15900.0,home_improvement,60,1873.81,94462.88,0.568,9,2,307,1,0,0,0,0,1
33,57700.0,2.3,RENT,23000.0,debt_consolidation,36,933.33,30034.32,0.53,5,2,110,0,0,0,0,0,1
21,83200.0,0.3,RENT,9700.0,home_improvement,60,1593.81,66113.95,0.176,10,1,22,1,1,0,0,0,1
55,42600.0,4.3,MORTGAGE,18000.0,small_business,36,924.74,43257.95,0.257,6,0,318,0,0,0,0,0,1
68,40500.0,2.2,RENT,17500.0,debt_consolidation,36,277.58,13718.34,0.16,8,1,472,0,0,0,0,0,1
50,34000.0,17.9,RENT,9600.0,debt_consolidation,60,597.18,16059.99,0.624,10,1,139,0,0,0,1,0,1
56,71900.0,19.3,MORTGAGE,22800.0,debt_consolidation,36,367.92,8896.84,0.278,7,3,177,0,0,0,0,0,1
45,54600.0,5.3,RENT,6800.0,small_business,36,1495.28,84389.13,0.066,4,1,140,0,0,0,0,0,1
36,61500.0,1.6,MORTGAGE,27300.0,small_business,60,1730.29,27755.71,0.347,9,0,119,1,0,0,0,0,0
39,51000.0,5.6,MORTGAGE,17600.0,debt_consolidation,60,977.77,50062.02,0.279,7,1,171,0,0,0,0,0,1
21,52100.0,0.6,RENT,13400.0,debt_consolidation,60,507.85,12679.95,0.333,9,2,27,0,0,0,1,0,0
25,47400.0,1.4,MORTGAGE,11900.0,debt_consolidation,60,602.55,29740.14,0.207,9,1,72,0,0,0,0,0,1
71,87200.0,0.2,RENT,25900.0,debt_consolidation,36,3000.08,117412.08,0.052,9,2,216,0,0,0,0,0,1
42,67700.0,13.7,OWN,8400.0,debt_consolidation,36,495.45,18577.05,0.544,5,2,186,1,0,0,0,0,1
44,148300.0,14.5,OWN,42800.0,debt_consolidation,60,1084.46,33089.76,0.549,14,1,237,0,0,0,0,0,1
63,56000.0,22.5,MORTGAGE,4400.0,debt_consolidation,60,1232.71,69738.06,0.769,3,0,260,0,0,0,0,0,0
65,157400.0,10.5,RENT,45900.0,home_improvement,60,1147.81,26557.24,0.339,11,0,202,2,0,0,0,0,1
57,56600.0,33.2,OWN,15800.0,debt_consolidation,36,1642.38,28592.17,0.394,7,0,398,0,0,0,0,0,1
56,87600.0,26.5,OWN,16900.0,credit_card,36,857.4,34194.29,0.176,13,0,152,0,0,0,0,1,1
56,47300.0,19.4,MORTGAGE,4100.0,debt_consolidation,36,1089.73,21453.75,0.475,6,1,316,0,0,0,0,0,1
24,86400.0,1.7,MORTGAGE,23300.0,debt_consolidation,60,3473.15,142290.89,0.412,6,0,52,0,0,0,0,0,0
56,18600.0,12.1,RENT,4200.0,debt_consolidation,36,254.44,9786.76,0.7,6,1,206,0,0,0,0,0,1
38,33300.0,11.3,RENT,5800.0,debt_consolidation,36,870.38,39294.64,0.334,13,1,101,0,0,0,0,0,0
70,38600.0,4.4,MORTGAGE,8500.0,credit_card,36,554.45,29955.24,0.477,5,1,331,0,0,0,0,0,1
36,204700.0,3.4,MORTGAGE,15200.0,small_business,36,5096.32,158319.36,0.632,9,2,167,0,0,0,0,0,0
61,118100.0,7.8,RENT,9900.0,debt_consolidation,36,1250.69,52034.23,0.26,2,0,433,0,0,0,0,0,1
38,76300.0,7.8,RENT,8200.0,debt_consolidation,36,726.47,27359.03,0.336,3,1,126,0,0,0,0,0,1
42,52600.0,7.1,MORTGAGE,14300.0,home_improvement,36,2024.2,46562.79,0.154,8,2,113,1,1,0,0,0,0
22,48100.0,0.7,RENT,7900.0,debt_consolidation,36,1363.09,44258.77,0.226,2,1,45,1,0,0,0,0,1
41,47400.0,14.9,MORTGAGE,6800.0,major_purchase,60,1417.53,53998.89,0.211,7,1,229,0,0,0,0,0,1
56,95900.0,7.1,MORTGAGE,29000.0,medical,36,1391.03,26009.35,0.249,10,0,368,0,0,0,0,0,1
64,69500.0,6.4,MORTGAGE,20100.0,major_purchase,36,995.42,24335.32,0.427,5,2,478,0,0,0,0,0,1
59,108500.0,6.7,RENT,20100.0,debt_consolidation,36,2394.62,84588.0,0.176,6,1,443,0,0,0,0,0,1
67,90100.0,16.9,MORTGAGE,38300.0,debt_consolidation,36,1628.34,70490.29,0.429,6,1,550,0,0,0,0,0,1
59,83100.0,3.2,RENT,17400.0,small_business,36,2085.74,89685.25,0.343,9,5,252,0,0,0,0,0,1
49,43000.0,7.9,MORTGAGE,5400.0,debt_consolidation,36,1265.59,32370.97,0.359,8,1,205,0,0,0,0,0,1
46,42900.0,8.4,RENT,17400.0,debt_consolidation,36,881.65,51157.82,0.297,6,1,249,0,0,0,0,0,1
41,71100.0,0.6,RENT,23500.0,debt_consolidation,36,2125.62,57604.59,0.336,12,0,261,0,0,0,0,0,0
37,81600.0,10.4,MORTGAGE,28500.0,credit_card,36,1620.78,58261.84,0.291,6,0,171,1,1,0,0,0,1
36,59500.0,9.2,MORTGAGE,23200.0,major_purchase,60,839.76,32935.34,0.221,8,1,113,0,0,0,0,0,1
51,33400.0,7.0,MORTGAGE,12300.0,credit_card,60,836.71,25999.05,0.349,4,0,334,0,0,0,0,0,1
71,74800.0,40.8,RENT,29100.0,credit_card,36,558.39,22107.04,0.532,9,0,272,2,1,1,0,0,1
29,100300.0,1.7,MORTGAGE,14100.0,home_improvement,60,2348.04,75152.51,0.482,17,0,114,0,0,0,0,0,1
51,36100.0,6.0,RENT,10700.0,home_improvement,36,593.01,22532.3,0.187,7,2,141,0,0,0,0,0,1
34,56300.0,5.7,MORTGAGE,18000.0,major_purchase,60,890.01,37024.29,0.224,9,0,99,0,0,0,0,0,1
69,39300.0,5.7,RENT,6600.0,debt_consolidation,60,262.83,5306.36,0.229,12,1,449,0,0,0,0,0,1
57,112000.0,17.9,MORTGAGE,50000.0,auto,36,2546.26,119529.97,0.522,10,3,269,0,0,0,0,1,1
22,198400.0,0.9,OWN,50000.0,debt_consolidation,60,3751.96,181873.62,0.527,6,1,17,0,0,0,0,0,1
68,136300.0,4.7,OWN,50000.0,debt_consolidation,36,1122.17,20995.82,0.537,7,1,293,2,0,0,0,0,1
66,27700.0,13.3,MORTGAGE,3100.0,credit_card,36,683.75,11697.72,0.397,4,2,509,0,0,0,0,0,1
34,80000.0,5.6,RENT,5200.0,debt_consolidation,36,2039.88,99432.86,0.372,16,2,104,0,0,0,0,0,1
53,89500.0,12.2,RENT,5500.0,debt_consolidation,36,2948.91,170542.7,0.154,8,0,229,1,0,0,0,0,1
55,171800.0,19.1,RENT,50000.0,medical,60,5580.67,180927.24,0.366,6,0,172,3,1,0,1,0,0
59,48100.0,12.6,RENT,12900.0,debt_consolidation,36,680.06,37578.08,0.105,6,2,393,1,1,0,0,0,1
67,61800.0,5.2,RENT,10700.0,auto,36,1090.61,58293.9,0.079,6,1,412,0,0,0,0,0,1
71,34600.0,2.8,MORTGAGE,12900.0,credit_card,60,796.12,19194.66,0.204,11,1,259,0,1,1,0,0,0
40,31500.0,11.3,MORTGAGE,9700.0,medical,36,622.42,26012.05,0.226,11,0,139,0,0,0,0,0,1
22,68700.0,1.2,OWN,20400.0,major_purchase,60,1044.7,16454.98,0.642,10,3,39,0,0,0,0,0,0
71,148300.0,22.9,MORTGAGE,50000.0,credit_card,36,2847.0,155648.12,0.347,14,1,210,0,0,0,0,0,1
61,67200.0,7.2,MORTGAGE,16000.0,credit_card,60,591.46,22738.26,0.375,5,2,450,1,0,1,0,1,1
39,68000.0,6.8,RENT,7800.0,auto,36,2347.47,136497.97,0.393,6,1,179,0,0,0,0,0,1
57,33000.0,7.6,MORTGAGE,13800.0,credit_card,36,93.37,2859.11,0.303,9,1,304,0,0,0,0,0,1
38,71700.0,10.9,OWN,28400.0,debt_consolidation,60,1563.91,25091.82,0.298,12,2,217,0,0,0,0,0,1
36,48800.0,2.1,MORTGAGE,7300.0,auto,60,216.51,6040.94,0.5,11,1,102,0,0,0,0,0,1
24,51500.0,2.0,RENT,9300.0,debt_consolidation,36,625.55,18808.24,0.139,9,2,54,0,0,0,0,0,1
32,169300.0,5.8,RENT,50000.0,debt_consolidation,60,4350.5,161666.41,0.304,9,0,89,0,0,0,0,0,1
49,52000.0,10.3,MORTGAGE,22800.0,home_improvement,36,1504.85,33054.3,0.375,9,1,224,0,0,0,0,0,1
27,54900.0,1.3,RENT,19800.0,debt_consolidation,36,459.88,20905.67,0.372,8,1,77,0,0,0,0,0,1
34,74600.0,6.4,MORTGAGE,5300.0,debt_consolidation,36,2137.89,39324.4,0.652,4,1,63,0,0,0,0,0,1
32,18000.0,1.3,MORTGAGE,3800.0,credit_card,60,281.25,7158.42,0.11,11,1,101,0,0,0,0,0,1
55,43100.0,21.8,MORTGAGE,15500.0,debt_consolidation,36,372.86,5683.27,0.609,9,3,264,0,0,0,0,0,1
25,24700.0,2.3,MORTGAGE,5800.0,home_improvement,36,512.69,20141.73,0.544,13,1,51,0,0,0,0,0,0
37,48900.0,12.7,MORTGAGE,15700.0,credit_card,60,313.55,7736.14,0.308,10,0,140,0,0,0,0,1,1
62,188800.0,11.6,MORTGAGE,12200.0,credit_card,60,5912.87,248327.22,0.68,8,1,225,0,0,0,0,0,1
52,18000.0,8.6,RENT,2400.0,major_purchase,36,347.39,14030.22,0.141,8,0,185,0,0,0,0,0,1
30,26500.0,3.7,MORTGAGE,9400.0,small_business,60,161.51,8130.26,0.129,6,1,49,0,0,0,0,0,1
63,139300.0,28.7,MORTGAGE,17700.0,credit_card,60,1133.42,52580.58,0.13,8,0,464,0,0,0,0,0,1
37,60600.0,6.2,OWN,26600.0,credit_card,36,929.56,15967.37,0.025,5,1,204,0,0,0,0,0,1
25,84300.0,1.9,MORTGAGE,16600.0,small_business,36,1779.66,68183.08,0.109,6,0,61,0,0,0,0,0,1
65,69800.0,7.7,MORTGAGE,8900.0,debt_consolidation,60,2555.74,137385.59,0.62,12,1,506,0,0,0,0,0,1
62,71000.0,16.2,MORTGAGE,9100.0,home_improvement,36,507.63,9129.98,0.428,11,1,218,0,0,0,0,0,1
29,54700.0,3.8,RENT,6600.0,credit_card,60,1236.79,71520.19,0.394,5,0,122,0,0,0,0,0,1
69,18000.0,25.0,MORTGAGE,3400.0,credit_card,60,265.91,15858.1,0.174,6,4,476,1,0,0,0,0,1
53,65400.0,12.8,RENT,18500.0,auto,36,1437.89,48943.65,0.182,3,1,256,0,0,0,0,0,1
56,121000.0,18.0,RENT,48800.0,debt_consolidation,60,3939.81,114978.95,0.102,9,0,138,0,0,0,0,0,1
56,114800.0,19.9,RENT,48600.0,debt_consolidation,60,1634.15,86661.03,0.246,9,0,151,0,0,0,0,0,1
38,91100.0,0.9,MORTGAGE,26400.0,medical,36,2115.21,114320.97,0.841,7,1,172,0,0,0,0,0,1
29,62500.0,4.2,MORTGAGE,18900.0,medical,60,351.37,18294.6,0.199,5,1,47,0,0,0,0,0,1
49,71900.0,8.7,MORTGAGE,18600.0,home_improvement,36,1167.03,60074.77,0.385,6,1,343,0,0,0,0,0,1
70,106000.0,11.9,RENT,19600.0,credit_card,36,4839.76,220854.78,0.586,8,1,418,0,0,0,1,0,1
34,28600.0,8.1,RENT,7500.0,home_improvement,36,1069.85,17690.06,0.228,12,0,69,0,0,0,0,0,1
45,178500.0,14.5,RENT,20700.0,debt_consolidation,36,3519.99,144240.79,0.612,6,2,286,0,0,0,0,0,1
35,115200.0,5.1,RENT,20600.0,credit_card,36,787.33,21694.42,0.427,3,1,116,0,0,0,0,0,1
26,182900.0,2.1,RENT,23700.0,credit_card,36,5015.51,209662.35,0.705,7,0,66,0,0,0,0,0,0
62,78600.0,4.0,MORTGAGE,30300.0,debt_consolidation,36,671.8,19199.65,0.293,8,0,496,0,0,0,0,0,1
49,49600.0,6.6,RENT,5700.0,major_purchase,36,617.04,17286.06,0.07,14,0,203,0,0,0,0,0,1
35,85400.0,7.0,RENT,29800.0,credit_card,36,900.43,23998.49,0.481,5,2,85,0,0,0,0,0,1
49,100300.0,2.9,MORTGAGE,7700.0,major_purchase,60,3314.46,105776.45,0.043,6,0,154,0,1,0,0,0,1
24,190900.0,1.4,MORTGAGE,50000.0,debt_consolidation,60,3258.81,103124.8,0.549,7,2,33,2,0,0,0,0,1
38,56300.0,8.6,MORTGAGE,20100.0,debt_consolidation,36,1362.5,73387.98,0.377,11,0,175,0,1,0,0,0,1
70,52700.0,23.5,RENT,4800.0,debt_consolidation,36,826.35,27463.36,0.181,4,0,550,1,0,0,0,0,1
69,118500.0,9.0,RENT,42500.0,credit_card,36,3011.46,94528.52,0.249,7,0,358,0,0,0,0,0,0
64,58200.0,29.7,RENT,16600.0,credit_card,36,2338.39,61821.34,0.371,5,2,180,1,1,0,0,0,0
59,47500.0,11.8,RENT,15400.0,major_purchase,36,1043.48,41348.16,0.09,10,2,373,0,0,0,0,0,1
36,49300.0,0.8,RENT,16700.0,debt_consolidation,60,442.76,13802.79,0.78,3,1,90,0,0,0,0,0,1
31,21800.0,3.0,RENT,2500.0,credit_card,60,438.5,25881.06,0.04,5,0,84,1,0,0,0,0,1
34,44800.0,8.7,RENT,16500.0,home_improvement,36,614.34,22235.82,0.104,7,2,152,0,0,0,0,0,1
23,83500.0,0.8,MORTGAGE,30300.0,debt_consolidation,60,2021.5,30649.28,0.052,9,2,22,0,0,0,0,0,1
71,66000.0,6.0,RENT,20400.0,major_purchase,60,1862.13,57340.69,0.421,8,1,397,1,1,0,0,0,0
70,85700.0,20.6,RENT,21600.0,debt_consolidation,36,936.07,22022.92,0.476,7,1,520,0,0,0,0,0,1
62,137200.0,6.4,MORTGAGE,50000.0,credit_card,60,4362.41,134463.17,0.232,5,2,232,0,0,0,0,0,1
58,246100.0,22.8,MORTGAGE,50000.0,credit_card,36,1530.79,40496.78,0.387,9,3,265,0,0,0,1,0,1
65,57000.0,31.4,RENT,10500.0,debt_consolidation,36,883.28,22048.3,0.403,9,2,428,0,0,0,0,0,1
62,35400.0,27.8,RENT,9300.0,debt_consolidation,36,790.49,18958.26,0.412,8,1,235,0,0,0,0,0,1
38,52000.0,0.1,MORTGAGE,12000.0,credit_card,36,2108.04,118495.6,0.498,7,0,178,0,0,0,0,0,1
40,101200.0,0.1,RENT,22300.0,debt_consolidation,60,1022.4,16856.39,0.419,8,2,214,0,0,0,0,0,1
68,257000.0,25.5,MORTGAGE,50000.0,debt_consolidation,36,10404.84,523400.25,0.383,7,0,550,0,1,1,0,0,0
45,72300.0,11.2,MORTGAGE,22800.0,credit_card,60,1752.42,35804.08,0.454,6,1,120,0,0,0,0,0,1
58,86100.0,26.4,MORTGAGE,20600.0,home_improvement,60,728.57,12479.39,0.674,8,1,350,0,0,0,0,0,1
33,58300.0,0.2,RENT,21300.0,home_improvement,60,417.55,12741.19,0.523,8,0,103,0,0,0,0,0,1
24,72000.0,0.4,MORTGAGE,30800.0,debt_consolidation,36,1349.25,59655.44,0.617,13,3,35,0,0,0,0,0,0
34,131000.0,4.6,OWN,27900.0,debt_consolidation,60,1913.38,113893.32,0.409,3,4,137,0,0,0,0,0,1
53,103200.0,5.0,RENT,10700.0,small_business,36,2339.69,62690.31,0.241,7,4,200,0,0,0,0,0,1
48,64100.0,12.7,RENT,26800.0,credit_card,36,882.16,23529.54,0.489,12,0,124,0,0,0,0,0,0
57,76000.0,1.7,MORTGAGE,32900.0,small_business,36,1757.71,38175.83,0.619,13,2,161,1,1,0,0,0,0
28,54000.0,2.0,MORTGAGE,11500.0,debt_consolidation,60,905.37,46920.66,0.21,7,2,106,0,0,0,0,0,1
64,127300.0,27.2,MORTGAGE,39400.0,major_purchase,36,2278.6,115768.54,0.111,4,0,282,0,0,0,0,0,1
54,183800.0,4.7,OWN,15800.0,debt_consolidation,36,5663.37,203763.04,0.353,5,1,400,0,0,0,0,0,1
64,41000.0,11.8,RENT,2800.0,debt_consolidation,60,874.98,26637.14,0.46,5,2,228,1,1,0,0,0,0
25,42800.0,2.0,MORTGAGE,3800.0,credit_card,36,638.42,15928.77,0.715,4,0,76,0,0,0,0,0,0
25,54300.0,1.9,RENT,19500.0,auto,36,1651.16,58872.29,0.406,9,0,49,0,0,0,0,0,1
51,106000.0,9.4,RENT,24800.0,debt_consolidation,36,1625.27,83556.6,0.381,14,1,213,0,0,0,0,0,1
65,52300.0,7.4,RENT,16300.0,small_business,60,776.44,35926.87,0.224,7,1,197,0,0,0,0,0,1
29,110900.0,1.4,MORTGAGE,30100.0,debt_consolidation,60,2990.89,111420.14,0.517,14,0,83,2,0,0,0,0,1
62,27900.0,1.0,MORTGAGE,3600.0,debt_consolidation,60,640.07,25047.41,0.23,8,1,351,0,0,0,0,0,1
52,63500.0,1.0,RENT,23900.0,debt_consolidation,36,1253.01,50978.54,0.257,6,1,180,0,0,0,0,0,1
53,71200.0,4.8,MORTGAGE,9700.0,credit_card,36,2237.04,110275.41,0.758,9,3,233,0,0,0,0,0,1
23,39600.0,2.1,MORTGAGE,4900.0,debt_consolidation,36,1060.82,21443.5,0.351,6,2,33,0,0,0,0,0,1
50,61200.0,15.4,RENT,18200.0,debt_consolidation,60,1032.14,39592.73,0.836,8,2,119,1,0,0,0,0,0
70,121800.0,1.3,RENT,48400.0,debt_consolidation,36,2264.42,56276.55,0.073,5,1,475,0,0,0,0,0,1
32,61200.0,0.2,RENT,24300.0,credit_card,36,630.42,35179.68,0.303,6,0,61,0,0,0,0,0,1
49,83300.0,3.2,MORTGAGE,18800.0,debt_consolidation,36,1024.27,57640.04,0.429,4,1,240,0,0,0,0,0,1
23,144400.0,0.6,MORTGAGE,46800.0,debt_consolidation,36,1967.6,46771.8,0.299,7,1,56,2,1,0,0,0,0
46,40100.0,6.0,MORTGAGE,15200.0,debt_consolidation,36,1349.85,73226.75,0.542,2,2,225,0,0,0,0,0,0
50,76300.0,13.8,RENT,10400.0,debt_consolidation,36,1774.84,85299.72,0.41,5,0,325,0,0,0,0,0,1
29,18000.0,2.8,OWN,3700.0,home_improvement,36,438.65,16555.76,0.268,3,0,114,0,0,0,0,0,1
46,30800.0,6.9,RENT,9300.0,debt_consolidation,60,314.08,15125.82,0.508,9,1,186,0,0,0,0,0,0
22,99900.0,0.7,MORTGAGE,38500.0,credit_card,36,3494.41,64223.67,0.261,11,0,39,0,0,0,0,0,1
23,49400.0,1.0,RENT,9100.0,debt_consolidation,60,796.22,45412.88,0.873,8,1,31,0,0,0,0,0,1
66,77600.0,18.2,MORTGAGE,23200.0,home_improvement,36,877.36,37011.79,0.166,9,2,449,0,0,0,0,0,1
24,28800.0,0.2,MORTGAGE,2100.0,home_improvement,36,514.57,8151.05,0.144,8,1,59,0,0,0,0,0,1
45,18000.0,7.1,MORTGAGE,7600.0,debt_consolidation,60,224.41,7233.1,0.756,7,1,151,0,0,0,0,0,0
71,45000.0,3.6,MORTGAGE,18400.0,debt_consolidation,36,919.86,30816.98,0.349,13,2,234,0,0,0,0,0,1
33,48200.0,7.9,RENT,20200.0,debt_consolidation,36,595.72,32409.94,0.259,9,5,159,0,0,0,0,0,1
59,54500.0,4.8,RENT,23800.0,credit_card,60,1349.87,64409.12,0.267,6,2,461,0,0,0,0,0,1
64,148300.0,10.7,OWN,50000.0,debt_consolidation,36,1755.82,33057.96,0.311,6,2,246,0,0,0,0,0,1
55,21400.0,18.0,RENT,2900.0,debt_consolidation,60,329.91,5296.63,0.675,8,1,191,2,0,0,0,0,1
43,44300.0,4.9,RENT,12500.0,credit_card,36,1166.25,19404.6,0.322,5,1,139,0,0,0,0,0,1
29,54100.0,0.5,RENT,6600.0,debt_consolidation,36,1529.65,25206.05,0.495,6,0,120,0,0,0,0,0,1
22,61200.0,0.1,RENT,3600.0,credit_card,60,1978.03,58706.9,0.178,6,0,44,0,0,0,0,0,1
61,114200.0,5.5,RENT,12300.0,debt_consolidation,60,2800.5,74181.79,0.494,13,1,169,0,0,0,0,0,1
64,64000.0,21.2,MORTGAGE,24700.0,auto,36,479.24,24455.64,0.128,7,1,506,0,0,0,0,0,1
51,102500.0,21.3,MORTGAGE,35600.0,debt_consolidation,60,1583.34,72673.66,0.647,7,2,173,0,0,0,0,0,1
64,127100.0,6.0,RENT,45000.0,debt_consolidation,36,3042.46,67201.75,0.414,5,3,404,0,0,0,0,0,1
67,30800.0,12.8,OWN,6500.0,credit_card,36,363.66,14908.31,0.225,4,1,468,0,0,0,0,0,1
22,122900.0,1.2,MORTGAGE,7500.0,debt_consolidation,36,4219.21,242000.22,0.105,8,2,33,0,0,0,0,0,1
52,59400.0,6.7,MORTGAGE,10500.0,small_business,36,622.02,25916.78,0.397,10,2,326,0,0,0,0,0,1
38,67900.0,12.4,MORTGAGE,15800.0,small_business,36,470.65,16692.59,0.277,11,1,206,0,0,0,0,0,1
33,71700.0,2.0,MORTGAGE,13900.0,debt_consolidation,36,1281.85,65727.63,0.674,8,0,78,0,0,0,0,0,1
66,83200.0,5.0,RENT,20800.0,small_business,36,1063.72,55905.18,0.709,7,2,489,2,0,0,0,0,1
25,29400.0,1.8,MORTGAGE,8700.0,home_improvement,36,503.39,16176.86,0.578,5,1,34,0,0,0,0,0,1
62,28000.0,2.0,OWN,2700.0,debt_consolidation,36,903.28,20780.27,0.301,9,1,227,0,0,0,0,0,1
64,49900.0,9.4,RENT,20600.0,small_business,36,326.44,17000.65,0.292,6,2,466,0,0,0,0,0,1
30,92500.0,3.6,MORTGAGE,25300.0,major_purchase,36,2358.18,117711.78,0.388,8,1,50,0,0,0,0,1,0
63,134100.0,19.4,MORTGAGE,50000.0,debt_consolidation,60,4252.68,194682.86,0.505,6,3,409,0,0,0,0,1,1
45,45500.0,2.5,RENT,10900.0,home_improvement,36,507.79,17968.84,0.324,7,2,187,0,0,0,0,0,0
54,106000.0,4.3,OWN,36300.0,major_purchase,36,2668.56,60511.96,0.434,4,2,374,0,0,0,0,1,1
57,58800.0,13.0,RENT,24000.0,home_improvement,36,2219.91,110913.36,0.126,5,3,445,2,0,0,0,0,1
50,79300.0,4.7,RENT,23000.0,debt_consolidation,36,1183.84,29000.8,0.866,8,1,359,0,0,0,0,0,0
27,47600.0,3.2,OWN,10200.0,debt_consolidation,36,916.64,24267.6,0.562,10,2,97,1,1,0,0,0,1
26,71400.0,0.7,MORTGAGE,20000.0,auto,60,1447.07,32330.79,0.09,8,2,76,0,0,0,0,0,1
23,39800.0,1.7,MORTGAGE,4600.0,credit_card,60,700.94,38351.1,0.144,9,1,39,0,0,0,0,0,1
33,69700.0,3.5,MORTGAGE,23100.0,credit_card,60,984.34,36358.31,0.481,11,2,95,1,2,0,0,0,0
23,106600.0,1.6,RENT,6900.0,major_purchase,36,1108.34,22649.92,0.207,4,0,19,0,1,0,0,0,1
46,53000.0,16.3,RENT,12200.0,debt_consolidation,36,602.57,29747.74,0.305,19,1,176,0,1,0,0,0,0
44,76000.0,15.5,OWN,20400.0,debt_consolidation,36,375.47,14955.68,0.233,6,3,264,0,0,0,0,0,1
26,81100.0,4.5,RENT,17100.0,credit_card,36,1357.13,66745.1,0.39,8,1,87,1,0,0,0,0,1
63,121800.0,22.2,MORTGAGE,29600.0,debt_consolidation,60,3921.84,176005.29,0.491,9,3,474,0,0,0,0,0,1
69,23700.0,6.0,RENT,2900.0,credit_card,36,407.32,20154.81,0.8,8,0,502,0,0,0,0,0,1
62,97400.0,3.4,MORTGAGE,7900.0,small_business,60,2433.98,51002.23,0.182,6,3,248,0,0,0,0,0,1
32,36400.0,4.1,OWN,8300.0,debt_consolidation,60,504.3,10766.11,0.292,3,0,132,0,1,0,0,0,1
69,34600.0,18.0,RENT,14700.0,small_business,60,499.84,18791.81,0.426,5,1,310,0,0,0,0,0,1
56,46400.0,16.0,MORTGAGE,5700.0,auto,36,430.34,21707.58,0.562,13,1,408,1,0,0,0,0,1
22,39500.0,0.9,MORTGAGE,6400.0,medical,36,366.44,16460.33,0.301,6,1,16,0,0,0,0,0,1
31,74100.0,3.7,MORTGAGE,29800.0,credit_card,36,1773.24,89871.25,0.769,7,0,133,0,0,0,0,0,1
59,38900.0,12.5,MORTGAGE,6100.0,major_purchase,60,1094.51,34284.66,0.445,6,1,259,0,0,0,0,0,1
54,90800.0,11.3,RENT,18500.0,home_improvement,36,1069.96,17689.69,0.163,6,0,302,0,0,0,0,0,1
46,20400.0,6.3,RENT,1900.0,small_business,36,98.81,1989.69,0.572,12,1,257,0,0,0,0,0,1
38,118800.0,7.8,MORTGAGE,8200.0,debt_consolidation,36,2323.96,65269.14,0.351,5,3,150,3,2,0,0,0,0
41,28200.0,3.5,OWN,8900.0,credit_card,36,573.01,32318.6,0.45,11,1,94,2,0,0,0,0,1
56,82700.0,17.5,MORTGAGE,9100.0,debt_consolidation,36,1999.76,96047.92,0.514,9,1,158,2,0,0,0,0,1
60,42500.0,0.8,RENT,11600.0,debt_consolidation,36,454.55,19136.76,0.522,8,1,402,0,0,0,0,0,1
66,52400.0,7.7,RENT,11600.0,credit_card,36,625.3,34732.85,0.678,7,0,485,0,0,0,0,0,1
64,40900.0,27.6,OWN,3600.0,debt_consolidation,36,892.1,13535.16,0.259,8,2,320,0,0,0,0,0,1
42,20600.0,11.0,MORTGAGE,4600.0,credit_card,36,260.11,9987.2,0.312,9,3,214,2,1,0,0,0,1
50,51300.0,2.1,MORTGAGE,7700.0,medical,36,1701.52,79302.16,0.088,7,2,268,0,0,0,0,0,1
70,33700.0,16.8,MORTGAGE,13300.0,debt_consolidation,36,457.61,7426.58,0.074,7,0,253,0,0,0,0,0,1
63,30200.0,19.1,OWN,4700.0,major_purchase,36,717.72,34179.49,0.264,9,1,245,0,0,0,0,0,1
50,52400.0,14.4,RENT,17300.0,debt_consolidation,36,1029.98,45982.82,0.415,9,1,186,0,0,0,0,0,1
28,56700.0,5.3,MORTGAGE,18400.0,credit_card,36,1235.96,52468.79,0.262,3,2,43,0,0,0,0,0,1
54,69300.0,10.6,OWN,8800.0,debt_consolidation,36,1267.07,73772.37,0.219,5,3,402,0,0,0,0,0,1
67,86900.0,5.3,MORTGAGE,23700.0,debt_consolidation,36,1775.81,41167.33,0.311,7,1,329,1,0,1,0,0,1
29,34100.0,0.9,RENT,13200.0,home_improvement,36,1253.88,73654.77,0.676,11,1,102,1,0,0,0,0,1
71,30800.0,2.8,RENT,2800.0,home_improvement,60,560.02,31548.47,0.418,7,0,229,0,0,0,0,0,1
40,100300.0,5.3,RENT,29500.0,credit_card,36,863.3,44065.3,0.296,10,1,132,1,0,0,0,0,1
60,55400.0,2.6,OWN,6500.0,medical,60,832.92,46953.47,0.413,8,2,248,0,0,0,0,0,1
45,195000.0,3.1,RENT,28500.0,debt_consolidation,36,2700.92,157706.9,0.515,7,1,136,0,0,0,0,0,1
39,21400.0,7.2,MORTGAGE,6600.0,debt_consolidation,36,100.75,4017.02,0.063,8,1,191,0,0,0,0,0,1
25,79500.0,1.4,RENT,24300.0,credit_card,60,1573.26,53349.76,0.409,6,1,37,0,0,0,0,0,0
31,42300.0,0.8,RENT,13400.0,debt_consolidation,60,1188.27,34373.82,0.51,9,0,89,0,0,1,0,0,1
35,43200.0,1.6,MORTGAGE,11500.0,credit_card,36,473.74,11908.8,0.347,8,1,147,1,0,0,0,0,1
28,49000.0,2.4,OWN,17800.0,major_purchase,60,523.01,19726.77,0.515,12,0,71,0,0,0,0,0,1
39,138300.0,1.9,RENT,42800.0,home_improvement,36,3223.4,161587.07,0.798,11,1,97,0,0,0,0,0,1
43,26300.0,9.8,RENT,3600.0,credit_card,36,261.07,8340.37,0.136,5,1,145,0,0,0,0,0,1
47,26100.0,16.0,MORTGAGE,2400.0,home_improvement,36,212.27,11045.64,0.471,9,0,301,0,0,0,0,0,1
60,92900.0,15.1,RENT,5000.0,debt_consolidation,60,2534.9,94792.51,0.191,10,1,376,0,0,0,0,0,1
52,169000.0,26.9,OWN,8900.0,credit_card,36,3964.67,102989.67,0.065,7,1,244,0,0,0,0,0,1
46,44200.0,10.1,RENT,4100.0,debt_consolidation,60,926.72,39521.23,0.43,14,2,150,1,0,0,0,0,1
47,120200.0,17.2,MORTGAGE,26900.0,debt_consolidation,60,1730.91,98722.82,0.417,8,0,134,0,0,0,0,0,0
39,106900.0,4.4,RENT,5600.0,credit_card,60,1207.5,27121.43,0.069,13,3,107,0,0,0,0,0,1
70,77200.0,36.2,RENT,15700.0,small_business,36,1600.28,60597.17,0.35,5,0,333,0,0,0,0,0,1
62,73200.0,1.5,MORTGAGE,26400.0,debt_consolidation,36,2554.69,46400.83,0.445,5,2,476,0,0,0,0,0,1
49,53800.0,3.7,RENT,5500.0,home_improvement,36,523.33,25927.65,0.589,10,0,248,0,0,0,0,0,1
59,108900.0,4.2,MORTGAGE,39800.0,credit_card,36,2298.59,125127.21,0.251,7,0,351,0,0,0,0,0,1
61,95400.0,8.1,MORTGAGE,12000.0,major_purchase,36,1039.82,24215.64,0.617,13,4,381,0,0,0,1,0,1
53,48300.0,0.9,RENT,6800.0,debt_consolidation,36,193.2,4120.69,0.563,8,3,310,0,0,0,0,0,0
39,27700.0,6.3,MORTGAGE,4100.0,small_business,36,204.86,3377.57,0.404,7,1,173,0,0,0,0,0,1
57,43000.0,15.6,MORTGAGE,7700.0,small_business,60,689.91,33044.49,0.471,11,2,371,0,0,0,0,0,1
39,36800.0,3.8,MORTGAGE,9200.0,credit_card,36,730.15,12334.54,0.394,10,2,180,1,0,0,0,0,1
53,64200.0,3.2,OWN,20700.0,credit_card,36,143.65,8432.86,0.713,7,5,353,0,0,0,0,1,1
67,86200.0,9.7,RENT,31100.0,debt_consolidation,60,3684.23,95641.28,0.559,11,1,462,0,0,0,0,0,1
36,82000.0,11.7,RENT,4800.0,credit_card,60,796.45,33291.56,0.15,17,0,66,0,0,0,0,0,1
43,85200.0,7.0,RENT,9200.0,debt_consolidation,60,2491.15,111409.17,0.333,10,2,196,1,1,0,0,0,1
27,73600.0,6.6,OWN,25700.0,small_business,36,1169.88,25818.84,0.095,7,0,96,0,0,0,0,0,1
46,65400.0,11.6,RENT,23500.0,debt_consolidation,36,1740.54,38309.04,0.097,4,2,185,0,0,0,0,0,1
52,63900.0,2.3,RENT,27300.0,debt_consolidation,36,1841.47,28903.34,0.394,3,0,168,0,0,0,0,0,1
32,130500.0,0.3,MORTGAGE,21700.0,major_purchase,36,4169.88,203724.19,0.268,5,0,110,0,0,0,0,0,1
28,50600.0,5.5,OWN,7100.0,credit_card,36,248.99,5182.1,0.302,4,2,96,0,0,0,0,0,1
25,58700.0,0.3,OWN,16400.0,debt_consolidation,36,1595.51,45643.28,0.566,9,0,69,0,0,0,0,0,1
62,20100.0,16.3,MORTGAGE,1600.0,debt_consolidation,36,243.76,9294.18,0.063,2,0,449,3,0,0,0,0,1
48,49100.0,21.4,MORTGAGE,16700.0,home_improvement,60,1752.9,86481.45,0.786,8,1,210,0,0,0,1,0,0
25,56100.0,1.4,RENT,13500.0,debt_consolidation,60,372.08,10135.55,0.42,7,2,37,0,0,0,0,0,1
69,127800.0,26.3,MORTGAGE,42700.0,debt_consolidation,60,2141.29,104419.9,0.791,3,0,320,0,0,0,0,0,1
46,31700.0,1.5,RENT,3600.0,credit_card,60,909.7,28910.71,0.972,7,3,244,0,0,1,0,0,1
25,61700.0,1.5,MORTGAGE,14600.0,debt_consolidation,36,1725.3,77387.7,0.382,8,0,35,0,0,0,0,0,1
42,61000.0,6.6,RENT,11500.0,debt_consolidation,60,1629.57,54592.9,0.29,9,2,207,0,0,0,0,0,1
35,94000.0,1.8,MORTGAGE,22400.0,debt_consolidation,60,1902.37,104204.14,0.075,8,1,89,2,1,0,0,0,1
33,51200.0,8.0,RENT,14000.0,debt_consolidation,36,865.73,25733.0,0.379,13,1,73,0,0,0,0,0,1
48,92500.0,9.6,MORTGAGE,30000.0,credit_card,36,1632.13,77204.69,0.575,7,2,280,0,0,0,0,0,1
53,76200.0,3.0,MORTGAGE,30200.0,home_improvement,36,2531.24,106071.64,0.598,8,2,195,0,0,0,0,0,1
63,43500.0,14.5,RENT,6200.0,credit_card,36,591.54,30569.79,0.366,9,1,211,0,0,0,0,0,1
43,35900.0,7.0,RENT,7900.0,credit_card,36,864.62,47671.89,0.453,6,1,164,0,0,0,0,0,1
53,209000.0,7.2,RENT,19900.0,credit_card,36,2757.35,155369.0,0.444,5,2,285,0,0,0,0,0,1
63,49100.0,4.6,OWN,9000.0,credit_card,60,913.96,39865.49,0.594,10,0,455,0,0,0,0,1,1
38,26100.0,2.2,OWN,5300.0,credit_card,36,279.23,8094.33,0.436,11,0,95,0,0,0,0,0,1
70,51500.0,23.5,RENT,11700.0,debt_consolidation,36,798.22,14439.67,0.161,11,1,387,0,0,0,0,0,1
50,45700.0,11.5,RENT,19200.0,major_purchase,36,703.46,17501.05,0.314,10,2,183,0,0,0,0,0,1
46,34800.0,0.8,MORTGAGE,14400.0,credit_card,36,1621.15,36400.43,0.23,13,0,319,2,1,0,0,0,0
36,64700.0,7.9,MORTGAGE,5000.0,medical,36,708.74,17020.79,0.172,7,2,176,0,0,0,0,0,1
33,73400.0,4.7,RENT,15800.0,debt_consolidation,36,1701.03,97113.15,0.903,10,0,123,0,0,0,0,0,1
59,21800.0,6.8,OWN,3900.0,debt_consolidation,36,531.4,19829.11,0.159,3,1,402,1,0,0,0,1,1
53,70900.0,3.3,OWN,13800.0,medical,36,1651.32,56862.84,0.182,9,0,244,0,0,0,0,0,1
46,99100.0,7.8,RENT,34700.0,home_improvement,60,1735.77,43770.06,0.344,11,2,131,2,1,0,0,0,1
68,38900.0,29.4,MORTGAGE,5000.0,credit_card,60,565.97,21202.3,0.216,7,3,289,0,0,0,0,0,1
21,31700.0,0.3,RENT,11200.0,home_improvement,60,552.2,32827.48,0.452,7,1,12,0,0,0,0,0,1
69,37500.0,19.8,MORTGAGE,15600.0,debt_consolidation,60,430.17,10509.8,0.199,5,2,444,0,0,0,0,0,1
58,49700.0,3.8,MORTGAGE,16300.0,home_improvement,36,575.0,16013.91,0.588,7,0,186,0,0,0,0,0,1
22,63900.0,0.1,MORTGAGE,13700.0,debt_consolidation,36,1148.86,56722.95,0.172,9,1,43,1,0,0,0,0,1
69,34900.0,24.1,MORTGAGE,2600.0,medical,36,903.98,51340.52,0.667,4,0,550,0,0,0,0,0,1
26,51800.0,2.8,OWN,4700.0,credit_card,36,442.66,17107.68,0.49,9,1,65,0,0,0,0,0,1
66,57600.0,17.7,MORTGAGE,19400.0,debt_consolidation,36,1299.13,64680.3,0.221,7,3,388,0,0,0,0,0,1
70,70300.0,7.4,RENT,6700.0,small_business,60,2025.09,31844.83,0.754,6,1,437,0,0,0,0,0,0
58,29000.0,4.9,RENT,6300.0,major_purchase,60,381.63,16727.8,0.141,2,0,455,0,0,0,0,1,1
62,41500.0,5.8,MORTGAGE,16500.0,home_improvement,36,1081.14,18293.7,0.428,3,1,359,1,0,1,0,0,1
44,42900.0,15.4,RENT,11300.0,credit_card,36,969.61,57737.87,0.508,4,0,186,0,0,0,0,0,1
38,151800.0,10.4,RENT,28000.0,medical,36,593.14,23625.24,0.164,7,1,90,1,0,0,0,0,1
47,112300.0,5.3,MORTGAGE,16000.0,credit_card,36,603.09,13419.19,0.372,8,1,118,0,0,0,0,0,1
61,60200.0,8.0,RENT,16000.0,small_business,36,2580.54,138831.44,0.655,14,0,347,0,0,0,1,0,1
28,27300.0,2.1,MORTGAGE,5100.0,credit_card,60,342.61,16185.79,0.28,8,1,51,0,0,0,0,0,1
48,100700.0,14.4,RENT,43700.0,home_improvement,60,2338.7,70497.23,0.186,4,1,273,0,0,0,0,0,1
30,118800.0,3.1,MORTGAGE,6600.0,auto,36,537.64,9127.7,0.837,8,1,67,0,0,0,0,0,1
37,59500.0,7.6,MORTGAGE,25500.0,debt_consolidation,36,1704.21,75220.79,0.611,6,3,202,0,0,0,0,0,0
49,47600.0,7.1,OWN,6400.0,home_improvement,36,69.0,3009.3,0.616,11,0,313,0,0,0,0,0,1
26,42300.0,3.5,RENT,11800.0,debt_consolidation,36,1558.66,45294.44,0.446,5,3,78,0,0,0,0,0,1
34,90400.0,5.4,MORTGAGE,14100.0,credit_card,36,1880.31,82737.42,0.851,6,5,98,0,0,0,0,0,0
42,87400.0,8.8,MORTGAGE,32900.0,debt_consolidation,36,3048.96,68985.62,0.568,7,3,251,0,0,0,0,0,1
26,34500.0,3.7,OWN,11400.0,major_purchase,60,1099.27,62191.95,0.598,5,2,87,0,0,0,0,0,1
46,38900.0,8.2,RENT,5600.0,debt_consolidation,36,309.48,9733.71,0.181,8,1,227,0,0,0,0,0,1
59,34500.0,3.2,RENT,9500.0,debt_consolidation,60,494.21,10840.98,0.415,8,0,204,0,0,0,0,0,1
32,164000.0,6.5,RENT,50000.0,auto,60,3494.24,188400.01,0.683,8,2,101,0,0,0,0,1,1
55,71900.0,18.2,MORTGAGE,10000.0,debt_consolidation,36,117.54,3808.04,0.225,11,1,313,0,0,0,0,0,1
34,113400.0,5.7,MORTGAGE,42600.0,credit_card,36,1337.75,60936.84,0.246,6,0,104,0,1,0,0,0,1
42,66000.0,7.1,MORTGAGE,24200.0,major_purchase,36,2202.13,94245.01,0.181,7,2,123,0,0,0,0,0,1
71,77100.0,11.9,RENT,15700.0,debt_consolidation,60,2414.55,54601.68,0.412,7,2,415,0,0,0,0,0,1
43,52200.0,7.9,MORTGAGE,3400.0,debt_consolidation,36,849.53,28609.0,0.478,14,3,189,0,0,0,1,0,0
68,137100.0,16.8,MORTGAGE,16000.0,major_purchase,36,975.77,51019.75,0.593,4,0,284,0,0,0,0,0,1
27,73200.0,4.0,RENT,17500.0,credit_card,36,1177.87,27897.24,0.368,12,0,93,1,0,0,0,0,1
60,59500.0,21.0,MORTGAGE,14200.0,debt_consolidation,36,251.58,9394.45,0.42,11,1,393,0,0,0,0,0,1
70,22200.0,8.5,MORTGAGE,2000.0,debt_consolidation,36,683.55,26387.02,0.55,6,3,291,2,0,0,0,0,1
45,82200.0,5.7,RENT,13500.0,small_business,60,2227.62,121987.6,0.223,9,1,100,0,0,0,0,0,1
33,81800.0,3.7,OWN,16500.0,credit_card,60,1913.3,81041.6,0.283,6,1,89,0,0,0,0,0,1
41,123600.0,7.4,RENT,46600.0,home_improvement,36,3058.07,165143.94,0.258,13,1,142,0,0,0,0,0,1
61,52000.0,16.4,OWN,21300.0,credit_card,36,1780.25,97068.7,0.584,10,1,240,0,0,0,0,0,1
30,41600.0,0.9,MORTGAGE,12100.0,small_business,36,1117.99,38816.49,0.391,9,2,117,0,0,1,0,0,1
29,168300.0,3.6,MORTGAGE,26800.0,small_business,36,5862.74,111722.8,0.532,10,2,110,0,0,0,0,0,0
35,28600.0,2.5,RENT,9300.0,debt_consolidation,36,1073.21,59110.0,0.492,7,0,74,0,0,0,0,0,1
22,39800.0,0.4,OWN,17000.0,major_purchase,36,819.0,18922.19,0.245,8,0,17,0,0,0,0,0,1
45,145000.0,6.9,RENT,13600.0,credit_card,36,2914.96,114881.13,0.755,10,2,279,0,0,0,0,0,1
33,105200.0,3.4,MORTGAGE,17100.0,debt_consolidation,36,1517.33,31435.94,0.295,6,2,79,0,0,0,0,0,1
54,54300.0,5.0,OWN,14600.0,debt_consolidation,36,1012.46,58974.69,0.361,7,1,313,0,0,0,0,0,1
71,55300.0,23.2,RENT,10300.0,home_improvement,36,621.24,9664.78,0.277,5,1,244,1,0,0,0,0,1
54,57400.0,4.5,OWN,22700.0,debt_consolidation,36,593.41,17687.46,0.319,9,2,410,0,0,0,0,0,1
55,101200.0,17.1,MORTGAGE,15600.0,debt_consolidation,36,3422.03,202599.69,0.354,3,2,339,3,0,0,0,0,1
58,102100.0,6.7,MORTGAGE,41200.0,credit_card,36,1224.72,28151.13,0.601,7,0,289,2,0,0,0,0,1
23,89300.0,0.1,OWN,34200.0,home_improvement,36,1631.02,77093.34,0.503,6,0,25,0,0,0,0,0,1
62,98200.0,13.7,MORTGAGE,11500.0,debt_consolidation,60,798.51,34773.04,0.812,8,2,312,0,0,0,0,0,1
26,87800.0,0.9,MORTGAGE,7700.0,debt_consolidation,36,2048.45,31833.15,0.111,12,2,41,3,1,0,0,0,1
68,18000.0,18.1,MORTGAGE,5800.0,home_improvement,36,382.55,20956.92,0.064,6,2,236,0,1,0,0,0,1
69,79100.0,6.7,MORTGAGE,16600.0,major_purchase,36,538.61,8633.5,0.166,9,1,357,2,0,0,0,0,1
39,53600.0,7.4,RENT,7700.0,debt_consolidation,36,787.49,36944.45,0.752,9,2,163,0,0,0,0,0,1
23,214500.0,0.8,RENT,50000.0,credit_card,60,2962.16,104527.62,0.36,7,0,49,1,1,0,0,0,1
38,29300.0,9.5,RENT,2500.0,credit_card,36,324.75,5826.69,0.795,10,0,150,0,0,0,0,0,1
59,33600.0,19.1,RENT,12800.0,credit_card,36,659.71,23884.13,0.638,8,1,447,2,1,0,0,0,1
29,70100.0,0.9,MORTGAGE,19200.0,debt_consolidation,36,841.36,38174.74,0.54,7,0,82,0,0,0,0,0,1
32,33800.0,1.0,RENT,3300.0,home_improvement,36,884.47,15535.08,0.475,5,2,119,0,0,0,0,1,0
25,266800.0,0.1,RENT,50000.0,debt_consolidation,36,4851.05,271191.24,0.334,9,2,72,0,0,0,0,0,1
23,89800.0,1.7,MORTGAGE,23700.0,debt_consolidation,36,2492.96,74300.46,0.264,12,1,45,1,0,0,0,0,1
31,47800.0,1.6,OWN,5700.0,small_business,36,130.8,3120.17,0.078,9,2,100,0,0,0,0,0,1
50,81900.0,2.2,RENT,8300.0,debt_consolidation,36,1199.31,63473.4,0.699,10,1,199,0,0,0,0,0,1
24,74700.0,1.8,MORTGAGE,11900.0,debt_consolidation,36,1851.93,62247.73,0.542,9,3,29,1,2,1,0,0,0
25,46300.0,1.5,RENT,12700.0,debt_consolidation,36,1671.55,89712.66,0.237,11,2,39,0,0,0,0,0,1
21,32600.0,0.0,RENT,11700.0,debt_consolidation,36,152.78,4368.08,0.191,6,0,12,0,0,0,0,0,1
47,35600.0,3.1,RENT,15500.0,home_improvement,36,79.49,3283.59,0.388,4,2,292,0,0,0,0,0,1
48,51700.0,23.9,MORTGAGE,5700.0,debt_consolidation,60,736.17,43385.09,0.358,5,0,225,0,0,0,0,0,1
49,113600.0,20.8,RENT,6100.0,home_improvement,60,2455.99,76619.72,0.286,8,3,261,1,0,0,0,0,0
38,92800.0,10.6,MORTGAGE,41100.0,debt_consolidation,36,2069.59,77707.97,0.342,3,2,195,0,0,0,0,0,0
32,220600.0,3.9,MORTGAGE,23100.0,debt_consolidation,36,824.01,42314.1,0.278,6,1,83,0,0,0,0,0,1
33,41400.0,5.3,MORTGAGE,14500.0,debt_consolidation,60,371.66,16168.23,0.207,10,1,121,2,0,0,0,0,1
61,34200.0,17.1,RENT,12300.0,medical,36,945.19,47689.03,0.289,4,0,433,0,0,0,0,0,1
22,60500.0,0.9,MORTGAGE,5100.0,major_purchase,36,1569.11,48694.84,0.356,7,3,15,0,0,0,0,0,1
57,83800.0,7.2,RENT,31400.0,debt_consolidation,36,1391.29,46741.77,0.31,9,1,148,0,0,0,0,0,1
65,85100.0,26.0,MORTGAGE,12700.0,debt_consolidation,36,409.33,6680.42,0.545,15,1,209,1,0,0,0,0,1
36,80600.0,6.2,RENT,29600.0,debt_consolidation,36,1450.03,74102.79,0.35,12,0,200,0,0,0,0,0,1
68,74200.0,0.9,MORTGAGE,13200.0,debt_consolidation,36,1158.27,46322.85,0.414,6,5,404,0,0,0,0,0,1
44,49000.0,9.2,OWN,17200.0,debt_consolidation,36,1901.21,76457.57,0.296,12,1,137,2,0,0,0,0,0
55,52600.0,19.7,MORTGAGE,20300.0,home_improvement,36,1094.15,32783.34,0.321,6,2,245,0,0,0,0,0,1
42,157200.0,5.7,RENT,8100.0,debt_consolidation,60,5700.61,315012.49,0.247,4,1,258,2,0,0,0,0,1
56,34300.0,3.2,OWN,8900.0,home_improvement,36,140.88,6609.09,0.429,10,1,281,0,0,0,0,0,1
31,75700.0,2.8,RENT,14100.0,debt_consolidation,36,1438.97,25362.47,0.399,12,0,54,0,0,0,0,0,1
66,125300.0,9.6,MORTGAGE,48600.0,credit_card,36,3332.78,164571.12,0.436,9,2,189,1,1,1,0,0,1
49,37900.0,9.9,RENT,9200.0,home_improvement,36,965.65,16265.0,0.705,7,3,182,0,0,0,0,0,0
55,37800.0,25.1,RENT,7700.0,home_improvement,36,1318.46,39891.62,0.327,10,2,338,0,0,0,0,0,1
68,77500.0,21.1,MORTGAGE,8500.0,major_purchase,36,397.57,14117.02,0.831,7,2,447,0,0,0,0,0,1
35,83800.0,3.8,RENT,13700.0,major_purchase,36,1292.86,57123.11,0.624,9,4,152,0,0,0,0,0,1
51,55600.0,18.7,MORTGAGE,24900.0,home_improvement,36,1586.85,71935.46,0.165,10,2,303,0,0,0,0,0,1
62,84800.0,4.4,RENT,33300.0,credit_card,60,1577.04,59270.64,0.069,6,1,447,0,0,0,0,0,1
61,26800.0,6.5,RENT,4600.0,debt_consolidation,60,530.85,15794.27,0.212,10,0,213,0,0,0,0,0,1
63,46500.0,3.4,RENT,13800.0,medical,60,586.02,24591.78,0.635,10,2,453,0,0,0,0,0,1
36,125200.0,3.8,MORTGAGE,50000.0,credit_card,60,1808.98,82792.94,0.273,8,1,132,0,0,0,0,0,1
30,23900.0,1.1,MORTGAGE,7800.0,credit_card,36,543.66,15215.85,0.825,7,1,135,0,0,0,0,0,1
69,204700.0,42.0,MORTGAGE,38000.0,debt_consolidation,36,5920.19,247620.74,0.418,7,3,440,0,0,0,0,0,1
52,61500.0,2.0,RENT,4100.0,home_improvement,36,1340.5,50461.55,0.143,8,2,362,0,0,0,0,0,1
71,160100.0,3.8,MORTGAGE,50000.0,auto,60,1708.65,30896.39,0.257,7,1,401,0,0,0,0,0,1
22,125500.0,0.3,MORTGAGE,20600.0,debt_consolidation,36,1926.86,102361.67,0.44,9,1,42,0,0,0,0,0,1
44,74900.0,17.5,RENT,8100.0,small_business,36,752.08,42190.18,0.306,10,2,149,0,0,0,0,0,1
43,76400.0,2.0,RENT,7300.0,debt_consolidation,36,2725.72,115395.33,0.172,6,3,211,0,0,0,0,0,1
22,187500.0,0.5,MORTGAGE,17400.0,credit_card,36,2537.22,129649.81,0.472,7,1,36,0,0,0,0,1,1
58,36800.0,4.1,OWN,3500.0,debt_consolidation,36,341.35,14235.38,0.446,5,3,230,0,0,0,0,1,0
51,62300.0,3.9,MORTGAGE,16000.0,credit_card,60,1127.11,43396.84,0.13,2,0,168,0,0,0,0,0,1
71,47700.0,24.4,RENT,17000.0,credit_card,60,963.55,42577.02,0.694,9,0,196,0,0,0,0,0,1
60,41800.0,9.4,RENT,17000.0,debt_consolidation,36,714.62,30031.85,0.535,10,3,218,0,0,0,0,0,1
46,124500.0,18.5,RENT,40400.0,debt_consolidation,36,1542.82,72252.23,0.32,6,2,253,0,0,0,0,0,1
49,81900.0,4.5,OWN,7200.0,debt_consolidation,60,1928.78,82662.12,0.084,5,1,185,0,0,0,0,0,1
23,80600.0,2.1,MORTGAGE,34600.0,credit_card,36,1326.59,77974.83,0.127,9,0,42,0,0,0,0,1,1
34,80700.0,1.0,MORTGAGE,4200.0,auto,36,2146.8,92475.29,0.078,9,1,91,0,0,0,0,0,1
45,101700.0,3.7,MORTGAGE,35700.0,debt_consolidation,60,1002.19,33782.06,0.097,6,0,124,0,0,0,0,0,1
68,59600.0,5.7,MORTGAGE,26400.0,credit_card,36,1188.22,20381.48,0.461,14,0,457,0,0,0,0,0,1
21,119800.0,0.3,RENT,48800.0,debt_consolidation,36,1899.1,93198.73,0.659,10,0,34,0,0,0,0,1,1
23,62800.0,0.4,MORTGAGE,21100.0,debt_consolidation,36,1933.6,38615.67,0.643,7,2,37,2,0,0,0,0,0
46,66300.0,12.5,MORTGAGE,17200.0,debt_consolidation,36,1207.55,48250.24,0.304,6,0,309,0,0,0,0,0,1
38,53700.0,9.7,RENT,24200.0,credit_card,36,577.2,8886.06,0.417,9,1,108,0,0,0,0,0,0
29,60300.0,4.0,RENT,18100.0,home_improvement,36,459.99,21661.08,0.224,10,2,40,0,0,0,0,0,1
58,78100.0,4.1,RENT,29900.0,credit_card,36,714.4,16640.23,0.313,4,4,408,0,0,0,0,0,1
43,64500.0,6.4,RENT,7900.0,debt_consolidation,60,234.74,7207.22,0.211,7,0,281,0,0,0,0,1,1
41,42100.0,8.1,MORTGAGE,12900.0,debt_consolidation,60,1097.14,52956.64,0.111,10,0,131,0,0,0,0,0,1
21,58200.0,0.4,RENT,3200.0,debt_consolidation,36,1296.85,54201.72,0.371,6,3,28,0,0,0,0,0,1
41,55100.0,1.5,MORTGAGE,20600.0,major_purchase,60,1674.9,40839.31,0.1,9,1,168,0,1,0,0,0,1
47,60200.0,0.7,MORTGAGE,12900.0,debt_consolidation,36,2358.23,70940.85,0.148,5,2,155,0,0,0,0,0,0
62,23400.0,8.7,MORTGAGE,3600.0,debt_consolidation,36,349.78,12282.01,0.234,2,0,214,0,0,0,0,0,1
26,98100.0,0.2,MORTGAGE,15100.0,debt_consolidation,36,1542.79,50551.52,0.421,7,0,31,1,0,0,0,0,1
64,59700.0,28.1,MORTGAGE,26400.0,credit_card,60,2373.81,102589.62,0.188,9,1,419,0,0,0,0,0,1
56,78800.0,9.6,RENT,31200.0,debt_consolidation,36,1779.44,60381.63,0.133,8,1,223,2,1,2,0,0,1
48,86800.0,15.2,RENT,31700.0,debt_consolidation,36,1672.62,69256.13,0.513,8,4,112,1,0,0,0,0,1
65,35900.0,16.5,MORTGAGE,9100.0,small_business,36,1077.96,28246.74,0.149,6,2,240,0,0,0,0,0,1
37,92000.0,3.0,RENT,19300.0,home_improvement,36,2947.82,176817.93,0.43,5,1,95,0,0,0,0,0,0
60,36800.0,1.8,OWN,10500.0,debt_consolidation,36,739.28,36826.32,0.589,6,0,163,0,0,0,0,0,1
23,78400.0,0.7,MORTGAGE,21000.0,home_improvement,36,1862.24,61031.41,0.32,9,2,30,0,0,0,0,0,0
32,24200.0,3.5,MORTGAGE,9800.0,debt_consolidation,36,670.91,39297.45,0.433,7,2,77,0,0,0,0,0,1
59,19200.0,9.0,MORTGAGE,8400.0,credit_card,36,257.0,12034.43,0.113,8,0,183,0,0,0,0,1,1
32,107900.0,7.4,MORTGAGE,45600.0,major_purchase,36,3048.14,107965.68,0.246,7,1,117,0,0,0,1,0,1
22,87300.0,1.0,OWN,31200.0,debt_consolidation,60,2608.3,63987.01,0.386,8,0,43,1,1,0,0,0,0
66,58400.0,21.7,RENT,12400.0,small_business,36,1115.09,45819.0,0.647,6,0,455,0,0,0,0,0,1
42,63000.0,8.6,MORTGAGE,22300.0,home_improvement,36,1316.21,39684.2,0.622,10,0,125,0,0,0,0,0,1
43,26700.0,4.8,RENT,9700.0,medical,36,942.43,15963.54,0.307,8,1,182,0,0,0,0,0,1
50,63000.0,13.1,OWN,7400.0,credit_card,36,794.95,24169.38,0.342,5,2,141,0,0,0,0,0,1
25,67300.0,3.5,MORTGAGE,25400.0,debt_consolidation,36,436.85,6929.78,0.17,5,0,66,0,0,0,0,0,1
29,50000.0,2.1,RENT,20700.0,debt_consolidation,36,366.17,14314.05,0.434,7,2,64,1,0,0,0,1,0
41,57900.0,10.4,OWN,20300.0,credit_card,60,1355.11,23692.28,0.409,8,0,224,0,0,0,0,0,1
31,37000.0,4.8,RENT,11900.0,debt_consolidation,60,1638.95,31164.13,0.655,12,0,74,0,0,0,0,0,0
25,28000.0,1.6,RENT,3800.0,debt_consolidation,60,273.42,15654.49,0.271,8,1,73,0,0,0,0,0,1
55,69600.0,7.7,MORTGAGE,21200.0,home_improvement,36,1409.24,58182.6,0.398,9,1,317,1,2,0,0,0,1
47,32000.0,13.1,OWN,9700.0,credit_card,36,604.25,33758.81,0.328,7,1,277,0,0,0,0,0,1
69,81400.0,9.2,OWN,16300.0,debt_consolidation,36,2118.2,38617.93,0.339,8,0,492,0,0,0,0,0,1
22,76400.0,0.4,MORTGAGE,7300.0,credit_card,60,1331.25,79125.38,0.302,10,0,27,0,0,0,0,0,1
44,111600.0,3.7,RENT,25000.0,credit_card,36,2735.56,135067.66,0.139,6,0,107,0,0,0,0,0,1
51,75700.0,16.0,RENT,31700.0,home_improvement,36,1101.36,56924.55,0.284,9,3,130,0,0,0,1,0,1
53,300000.0,8.2,RENT,50000.0,debt_consolidation,36,3855.68,215989.45,0.151,10,0,133,1,0,0,0,0,1
59,53100.0,20.2,RENT,10200.0,debt_consolidation,60,272.39,15611.58,0.465,5,1,208,0,0,0,0,0,1
50,77600.0,3.7,MORTGAGE,10000.0,major_purchase,36,1765.77,83285.44,0.253,9,1,326,0,0,0,0,0,1
66,44600.0,18.7,MORTGAGE,10400.0,debt_consolidation,36,769.17,32675.87,0.293,14,1,538,0,0,0,0,0,1
57,111000.0,18.3,MORTGAGE,39200.0,home_improvement,60,1562.93,32084.75,0.322,6,0,398,0,0,0,0,0,1
71,68500.0,23.0,RENT,22200.0,debt_consolidation,36,1255.97,24963.64,0.198,7,1,250,0,0,0,0,0,1
48,23800.0,5.6,RENT,9600.0,debt_consolidation,36,478.86,13790.8,0.315,7,2,139,0,0,0,0,0,1
51,39800.0,18.8,RENT,6900.0,major_purchase,36,444.65,14916.27,0.138,11,2,305,0,0,0,0,0,1
31,57300.0,2.6,MORTGAGE,14200.0,debt_consolidation,36,687.38,40917.29,0.202,8,1,54,0,0,0,0,0,1
43,31400.0,5.0,MORTGAGE,4800.0,credit_card,36,718.76,31517.01,0.736,10,2,196,2,0,0,0,0,0
22,84300.0,1.4,MORTGAGE,30300.0,debt_consolidation,60,2997.79,132287.38,0.014,11,0,19,0,0,0,0,1,0
60,28700.0,13.3,RENT,6300.0,debt_consolidation,36,448.19,17795.41,0.62,3,0,445,0,0,0,0,0,1
61,55700.0,6.1,MORTGAGE,12300.0,debt_consolidation,60,1213.66,25281.53,0.307,8,1,488,0,0,0,0,0,1
47,52900.0,2.4,MORTGAGE,19900.0,credit_card,60,911.06,36063.89,0.618,10,1,315,0,0,0,0,0,1
55,108300.0,10.3,RENT,37000.0,credit_card,36,1415.63,37973.52,0.528,7,1,159,2,1,0,0,0,0
22,55200.0,0.2,MORTGAGE,13200.0,debt_consolidation,36,1578.61,63969.76,0.16,8,3,31,0,0,0,0,0,1
59,99200.0,20.8,MORTGAGE,19900.0,auto,60,2639.49,74829.79,0.354,9,0,232,0,0,0,0,0,1
57,78100.0,13.6,RENT,25400.0,debt_consolidation,36,587.55,22418.42,0.5,7,1,249,0,0,0,0,1,1
41,33200.0,4.5,RENT,14200.0,small_business,60,834.4,35965.86,0.222,8,0,122,0,0,0,0,0,1
25,210000.0,0.6,RENT,46200.0,debt_consolidation,60,1218.49,43857.2,0.631,9,0,38,0,1,0,0,0,1
65,113000.0,3.8,RENT,7400.0,small_business,36,1944.58,30844.63,0.375,10,0,207,0,0,0,0,0,1
41,36800.0,8.7,RENT,14800.0,credit_card,36,446.71,9944.19,0.324,6,1,164,0,0,0,0,1,1
49,34800.0,2.3,RENT,4100.0,small_business,60,727.9,30888.3,0.083,12,1,253,1,2,0,0,0,1
40,121600.0,7.3,RENT,49900.0,home_improvement,36,3066.07,74145.71,0.176,11,2,160,0,0,0,0,0,1
58,102200.0,10.7,OWN,39000.0,credit_card,36,2333.96,56473.22,0.297,9,5,253,1,0,0,0,0,1
40,90400.0,1.9,RENT,28400.0,debt_consolidation,36,2099.53,96687.14,0.681,13,0,211,2,0,1,0,0,1
70,36700.0,43.4,RENT,14300.0,credit_card,36,736.07,25090.88,0.067,8,1,550,0,0,0,0,0,1
45,44500.0,4.2,RENT,6800.0,small_business,36,807.2,38448.98,0.594,14,2,233,1,0,0,0,0,1
22,128100.0,0.3,OWN,50000.0,credit_card,36,2829.31,53675.79,0.359,10,3,21,0,0,0,0,0,1
52,86400.0,18.5,MORTGAGE,23700.0,debt_consolidation,36,1631.45,81920.36,0.432,8,1,183,0,0,0,0,1,1
46,41600.0,7.5,MORTGAGE,5000.0,debt_consolidation,60,548.3,22633.23,0.231,6,5,176,0,0,0,0,0,1
26,134500.0,1.0,MORTGAGE,20400.0,major_purchase,36,2669.28,103142.51,0.321,7,0,38,0,0,0,0,0,1
61,187700.0,17.3,RENT,50000.0,debt_consolidation,36,3904.68,200120.84,0.845,9,2,473,0,0,0,0,0,1
23,48200.0,1.3,OWN,18700.0,debt_consolidation,36,1301.98,75071.33,0.452,9,2,29,0,0,0,0,0,0
53,43300.0,20.1,RENT,17300.0,debt_consolidation,36,1059.01,46958.44,0.8,7,0,190,0,0,0,0,0,0
21,143100.0,0.0,MORTGAGE,17700.0,home_improvement,36,2557.62,53662.18,0.418,7,0,28,0,0,0,0,0,1
71,154500.0,12.8,RENT,50000.0,home_improvement,36,1107.01,47371.67,0.499,10,2,550,0,0,0,0,0,1
25,152800.0,0.5,MORTGAGE,37800.0,debt_consolidation,36,4109.16,62229.05,0.293,8,1,62,0,0,0,1,0,0
33,78500.0,4.1,RENT,35100.0,credit_card,36,1522.02,45333.32,0.402,4,1,83,0,0,0,0,0,1
39,47900.0,0.7,MORTGAGE,11500.0,debt_consolidation,36,1225.27,57066.9,0.53,4,2,94,0,0,0,1,0,1
32,104400.0,3.9,RENT,15700.0,debt_consolidation,60,678.88,36806.88,0.33,3,0,134,0,0,1,0,1,1
68,52900.0,20.0,MORTGAGE,3900.0,home_improvement,36,1442.84,44907.03,0.153,9,0,354,0,0,0,0,0,1
45,51200.0,5.7,RENT,16200.0,debt_consolidation,36,680.28,17657.08,0.302,10,0,209,0,0,0,0,0,1
71,70100.0,13.8,OWN,3600.0,debt_consolidation,36,1062.78,23757.58,0.46,7,2,208,1,0,0,0,1,1
55,64300.0,10.5,RENT,24700.0,debt_consolidation,60,701.46,25838.85,0.264,9,1,277,0,0,0,0,0,1
32,48100.0,1.1,MORTGAGE,8400.0,debt_consolidation,36,956.79,33597.05,0.312,9,1,134,0,0,0,0,0,1
50,35400.0,4.7,MORTGAGE,11200.0,debt_consolidation,60,839.03,31339.64,0.274,8,2,177,0,0,0,0,0,1
25,57000.0,0.2,OWN,14200.0,home_improvement,60,2057.62,55264.33,0.255,9,0,46,0,0,0,0,0,1
54,45000.0,11.4,MORTGAGE,14100.0,home_improvement,36,75.66,2733.58,0.311,10,3,144,0,0,0,0,0,1
42,30200.0,9.3,OWN,2200.0,debt_consolidation,60,674.01,20760.25,0.154,7,2,117,0,0,0,0,0,0
59,70400.0,5.6,RENT,9100.0,debt_consolidation,36,1442.64,85572.92,0.108,7,1,367,0,0,0,0,0,1
33,71400.0,4.1,RENT,29100.0,credit_card,60,2215.0,52022.01,0.438,8,0,59,0,0,0,0,0,1
67,96900.0,7.4,RENT,21000.0,home_improvement,36,2309.4,47099.5,0.485,10,2,285,1,0,0,0,0,0
23,70000.0,0.1,MORTGAGE,19300.0,medical,36,1116.11,57562.01,0.272,4,1,49,0,0,0,0,0,1
40,62500.0,10.7,RENT,14600.0,debt_consolidation,36,210.58,10473.05,0.102,4,1,250,0,0,0,0,0,1
51,96300.0,6.2,MORTGAGE,39900.0,major_purchase,36,1139.4,59046.59,0.54,9,1,343,0,0,0,0,0,1
25,70100.0,1.3,RENT,9100.0,debt_consolidation,36,854.25,31897.16,0.437,9,0,41,0,0,0,0,0,1
44,75700.0,7.3,RENT,29200.0,debt_consolidation,36,2407.71,59842.0,0.216,12,1,198,0,0,0,0,0,1
60,87600.0,1.3,MORTGAGE,6500.0,small_business,60,2041.67,113870.89,0.196,11,1,327,0,0,0,0,0,1
53,47300.0,17.2,OWN,18600.0,credit_card,36,191.91,9733.37,0.087,12,1,222,0,0,0,0,0,1
28,109700.0,3.8,MORTGAGE,45100.0,debt_consolidation,36,2205.61,107109.81,0.458,7,1,111,0,0,0,0,0,0
44,66000.0,3.9,RENT,24200.0,debt_consolidation,36,1882.3,31264.86,0.181,6,2,130,0,0,0,0,0,1
70,61000.0,15.0,OWN,9800.0,debt_consolidation,36,355.37,13103.54,0.421,7,3,408,0,0,0,0,0,1
40,109000.0,5.9,MORTGAGE,10400.0,debt_consolidation,36,1888.35,57207.79,0.423,12,3,214,0,0,0,0,0,1
36,49800.0,0.7,MORTGAGE,12500.0,home_improvement,36,568.12,17317.97,0.174,10,0,83,0,0,0,0,0,1
70,51900.0,11.2,RENT,16400.0,credit_card,36,828.3,17117.44,0.544,8,2,331,0,1,0,0,0,1
32,84900.0,2.4,MORTGAGE,32100.0,auto,36,1792.99,98152.07,0.463,10,1,130,0,0,0,0,0,1
33,73000.0,9.3,RENT,18400.0,credit_card,36,407.81,10567.61,0.623,6,0,139,0,0,0,0,0,1
65,300000.0,9.1,OWN,50000.0,debt_consolidation,60,8831.63,152041.7,0.176,11,1,189,0,0,0,0,0,1
62,114900.0,10.0,MORTGAGE,48800.0,auto,36,4936.68,176048.66,0.623,5,0,490,0,0,0,0,0,1
59,18000.0,18.4,MORTGAGE,1200.0,home_improvement,36,287.87,11360.84,0.084,6,2,463,0,0,0,0,0,1
45,77200.0,6.5,MORTGAGE,13700.0,debt_consolidation,60,1739.06,53985.47,0.207,9,0,137,0,0,0,0,0,1
66,24000.0,15.4,RENT,5400.0,debt_consolidation,60,429.94,13564.79,0.355,6,1,325,0,0,0,0,0,1
52,52700.0,9.3,MORTGAGE,16100.0,debt_consolidation,60,707.4,23132.64,0.157,8,1,377,0,0,0,0,0,1
44,72900.0,10.1,MORTGAGE,6400.0,medical,60,1557.73,71375.27,0.211,14,0,195,0,0,0,0,0,1
68,51400.0,25.4,MORTGAGE,20600.0,debt_consolidation,36,1243.52,33018.09,0.469,9,0,249,0,0,0,0,1,1
67,19800.0,4.8,RENT,3500.0,credit_card,60,697.66,39978.42,0.119,4,0,483,0,0,0,0,0,1
64,68400.0,27.3,MORTGAGE,8500.0,small_business,36,1115.27,35876.39,0.266,4,2,269,0,0,0,0,0,1
29,48600.0,3.5,MORTGAGE,13900.0,medical,36,582.68,19741.69,0.555,9,2,117,0,2,0,0,0,0
60,94200.0,13.0,RENT,10000.0,debt_consolidation,36,784.23,16969.29,0.098,11,0,446,1,0,0,0,0,1
70,23300.0,26.9,MORTGAGE,4200.0,auto,36,369.03,13256.89,0.768,7,1,482,0,0,0,0,0,1
43,44400.0,18.4,OWN,17500.0,debt_consolidation,36,566.02,26231.24,0.335,8,2,221,0,0,1,0,1,0
70,103600.0,18.2,MORTGAGE,37900.0,small_business,36,2127.91,64320.55,0.548,11,0,319,0,0,1,0,1,1
33,19400.0,0.8,RENT,3200.0,medical,36,457.21,10817.05,0.608,8,2,157,0,0,0,0,0,1
52,86000.0,4.7,MORTGAGE,18700.0,credit_card,36,1076.79,53344.94,0.436,12,3,378,0,0,0,0,0,1
70,43100.0,27.0,RENT,10900.0,credit_card,36,1317.8,55050.52,0.045,7,1,536,2,0,0,0,0,1
35,58200.0,0.6,MORTGAGE,16100.0,credit_card,36,403.67,14939.52,0.146,9,2,93,0,0,0,0,0,1
56,35300.0,13.8,MORTGAGE,6000.0,debt_consolidation,36,585.04,18934.33,0.52,12,0,290,0,0,0,0,0,1
69,55700.0,3.4,RENT,14700.0,debt_consolidation,36,1444.5,40210.14,0.42,5,1,526,0,0,0,0,0,1
25,37200.0,2.9,RENT,13400.0,debt_consolidation,60,277.85,5615.22,0.425,9,2,60,0,0,0,0,0,0
42,33700.0,13.1,RENT,10900.0,major_purchase,60,620.41,16731.8,0.528,16,1,168,0,0,0,0,0,1
36,103200.0,9.0,RENT,44400.0,credit_card,36,2000.83,54708.6,0.313,7,0,114,1,1,0,0,0,1
61,61400.0,19.8,RENT,8900.0,home_improvement,60,2178.49,65581.0,0.226,10,0,216,0,0,0,0,0,1
30,75600.0,4.0,MORTGAGE,24300.0,debt_consolidation,36,1997.89,54445.17,0.303,11,0,99,0,0,0,0,0,1
44,68600.0,7.9,MORTGAGE,29500.0,small_business,60,1471.39,23606.47,0.1,14,1,155,0,0,0,0,0,1
38,134300.0,5.8,MORTGAGE,11900.0,debt_consolidation,36,2864.06,80875.91,0.436,8,1,86,0,0,0,0,0,1
69,81600.0,6.2,RENT,22400.0,debt_consolidation,60,546.19,8421.6,0.828,8,1,373,0,0,0,0,0,1
38,87900.0,14.3,RENT,39000.0,debt_consolidation,36,1068.86,51458.31,0.694,11,0,205,0,0,0,0,0,1
27,98400.0,2.3,RENT,7300.0,small_business,36,1497.44,35269.66,0.623,4,1,33,0,0,0,0,0,1
24,41300.0,2.4,MORTGAGE,8100.0,major_purchase,36,390.38,7960.47,0.249,10,2,66,1,0,0,0,0,1
46,175900.0,13.9,MORTGAGE,14800.0,medical,36,2927.42,127245.89,0.589,3,1,119,0,0,0,1,1,0
25,31800.0,2.4,MORTGAGE,9000.0,credit_card,36,526.47,30381.29,0.89,8,0,39,0,0,0,0,0,1
36,77700.0,5.6,RENT,30400.0,medical,36,1681.15,94962.25,0.666,8,0,188,0,0,0,0,0,1
55,77500.0,25.5,RENT,11400.0,credit_card,60,1639.61,65171.18,0.303,9,2,281,0,0,0,0,0,1
46,244700.0,13.4,MORTGAGE,32200.0,debt_consolidation,60,2849.51,87230.11,0.495,8,2,185,0,0,0,0,1,1
38,82500.0,3.4,RENT,21600.0,credit_card,36,742.88,18504.3,0.414,7,1,149,1,0,1,0,0,0
49,43300.0,5.2,RENT,8300.0,major_purchase,36,481.57,15536.22,0.298,5,1,324,0,0,0,0,0,1
43,46700.0,2.3,RENT,17800.0,home_improvement,36,1825.68,31039.66,0.089,9,1,170,0,0,0,0,0,1
34,51800.0,2.6,MORTGAGE,5400.0,debt_consolidation,36,931.81,38548.02,0.219,5,1,98,0,0,0,0,0,1
35,70300.0,10.7,OWN,29200.0,debt_consolidation,60,1219.45,68074.48,0.343,6,0,87,0,0,0,0,0,1
69,73300.0,0.5,RENT,27400.0,credit_card,36,1661.32,74648.54,0.581,6,0,479,1,0,0,0,0,1
53,82400.0,3.9,MORTGAGE,4600.0,medical,60,1413.83,60609.66,0.433,4,2,378,0,0,0,0,0,1
45,67100.0,13.8,MORTGAGE,10800.0,debt_consolidation,36,779.79,21691.83,0.053,9,1,232,0,0,0,0,0,1
41,88500.0,6.1,MORTGAGE,36800.0,small_business,60,849.01,29679.93,0.244,11,2,212,4,0,0,0,0,1
37,35300.0,10.9,MORTGAGE,13800.0,debt_consolidation,36,1380.74,79962.0,0.513,8,0,197,0,0,0,0,0,1
43,27300.0,4.9,MORTGAGE,6700.0,major_purchase,36,861.98,41684.17,0.415,6,1,137,1,0,0,0,0,1
63,121300.0,6.3,MORTGAGE,32600.0,home_improvement,36,1970.46,35137.16,0.302,11,2,484,0,0,0,0,0,1
37,27600.0,3.3,MORTGAGE,2300.0,debt_consolidation,36,525.8,12332.11,0.592,10,2,154,0,0,0,0,0,1
34,63000.0,10.7,MORTGAGE,23300.0,debt_consolidation,36,1024.21,35477.45,0.456,7,1,109,4,0,0,0,0,0
49,42300.0,8.4,OWN,3400.0,medical,60,1031.96,54475.38,0.244,10,0,164,0,1,0,0,0,1
40,174400.0,5.7,MORTGAGE,50000.0,credit_card,36,4062.3,227258.23,0.845,8,2,80,0,0,0,0,0,0
50,186600.0,11.9,MORTGAGE,17800.0,credit_card,36,4182.12,124660.38,0.665,7,1,336,0,0,0,0,0,1
39,66600.0,4.6,RENT,14900.0,debt_consolidation,60,1003.91,22987.99,0.442,11,0,102,2,0,0,0,0,1
59,55800.0,7.3,MORTGAGE,10800.0,debt_consolidation,36,958.85,19735.31,0.245,5,3,406,0,0,0,0,0,1
33,57600.0,6.2,MORTGAGE,12400.0,home_improvement,36,561.43,10491.0,0.234,5,2,55,2,0,0,0,0,1
38,73600.0,10.8,MORTGAGE,20700.0,home_improvement,36,2015.73,44774.28,0.546,11,1,189,0,0,0,0,0,1
43,105900.0,4.6,MORTGAGE,11200.0,major_purchase,36,681.4,13290.17,0.161,9,0,102,0,0,0,0,0,1
66,300000.0,14.2,RENT,41800.0,credit_card,36,10063.25,376243.4,0.228,10,0,362,0,0,0,0,0,1
53,37000.0,1.3,MORTGAGE,3400.0,debt_consolidation,36,1220.46,59962.0,0.065,11,1,153,1,0,0,0,0,1
59,75600.0,1.7,RENT,23500.0,credit_card,36,953.88,27155.75,0.274,10,1,408,0,0,0,0,0,1
60,60800.0,7.0,RENT,4300.0,credit_card,36,1154.32,44018.07,0.496,9,0,193,0,0,0,0,0,1
38,49700.0,6.1,MORTGAGE,15600.0,debt_consolidation,36,1196.28,65265.94,0.57,5,1,208,3,0,0,0,0,1
29,52100.0,2.5,RENT,22900.0,medical,36,1511.46,85223.44,0.628,7,2,94,0,0,0,0,0,1
53,62300.0,12.8,MORTGAGE,25300.0,credit_card,36,836.16,25764.58,0.191,5,0,131,0,0,0,0,0,1
52,73700.0,16.2,OWN,13300.0,debt_consolidation,36,1018.68,48868.24,0.232,6,0,171,0,0,0,0,1,1
37,81400.0,4.6,RENT,11100.0,medical,36,1592.89,29026.95,0.244,7,1,188,0,0,0,0,0,1
39,87100.0,5.8,RENT,37800.0,medical,36,1672.89,68236.76,1.042,13,2,221,0,0,0,0,0,1
47,30600.0,3.2,MORTGAGE,7000.0,medical,36,1235.1,51410.1,0.239,9,2,206,2,1,0,0,0,1
26,45700.0,2.7,RENT,8700.0,major_purchase,36,519.41,20547.45,0.242,10,4,72,0,0,0,1,0,1
55,89200.0,5.2,MORTGAGE,9000.0,debt_consolidation,60,1402.29,31447.91,0.567,7,1,343,0,0,0,0,0,1
57,146000.0,16.1,RENT,17000.0,auto,60,2842.06,127840.51,0.484,9,3,443,0,0,0,0,0,1
54,86000.0,15.7,OWN,29800.0,home_improvement,60,2582.64,65629.15,0.218,8,0,372,0,0,0,0,0,1
40,56100.0,7.1,RENT,7300.0,credit_card,60,1263.07,71076.97,0.274,7,4,222,0,0,0,0,0,1
45,85800.0,17.6,OWN,10400.0,medical,36,3050.07,57917.19,0.29,8,0,224,0,0,0,0,0,1
24,76200.0,1.0,MORTGAGE,13600.0,debt_consolidation,36,3400.19,154427.17,0.451,7,2,65,1,0,0,0,0,1
30,37200.0,2.3,MORTGAGE,15500.0,medical,36,215.86,7021.88,0.155,5,0,85,0,1,0,0,0,1
30,60100.0,5.1,MORTGAGE,17200.0,credit_card,36,1550.95,46326.82,0.127,8,2,134,0,0,0,0,0,1
44,72700.0,7.9,RENT,26200.0,credit_card,36,2120.14,60804.46,0.218,6,1,263,1,0,0,0,0,1
41,98300.0,6.2,RENT,33200.0,credit_card,36,3035.9,96310.48,0.277,6,1,138,0,0,0,0,0,1
31,144600.0,4.1,RENT,50000.0,home_improvement,36,2830.36,72086.77,0.759,6,2,90,1,0,0,0,0,1
47,177100.0,10.6,MORTGAGE,50000.0,debt_consolidation,60,1782.65,94351.07,0.289,13,0,289,1,0,0,0,0,1
36,26400.0,2.3,MORTGAGE,2600.0,auto,60,221.0,9556.41,0.202,6,3,131,0,0,0,0,0,1
46,59700.0,19.7,MORTGAGE,7800.0,debt_consolidation,36,1064.75,51365.27,0.06,10,1,290,3,1,0,1,0,1
50,150600.0,14.7,MORTGAGE,49900.0,major_purchase,36,3614.9,91996.51,0.238,10,0,324,0,0,0,0,0,1
69,101300.0,29.8,MORTGAGE,13800.0,credit_card,36,2806.03,68598.32,0.514,6,0,504,0,0,0,0,0,1
36,104000.0,3.0,MORTGAGE,39600.0,major_purchase,36,1375.18,47102.54,0.31,10,0,100,0,0,0,0,0,1
27,44300.0,4.0,MORTGAGE,17800.0,debt_consolidation,36,285.13,13365.18,0.937,7,2,95,2,0,0,0,0,0
36,45300.0,3.7,OWN,9800.0,small_business,36,560.87,32943.42,0.285,9,2,151,0,0,0,0,0,1
55,95100.0,13.1,RENT,19300.0,credit_card,36,2269.02,71608.56,0.742,8,2,393,0,0,0,0,0,1
36,50900.0,2.6,RENT,5000.0,small_business,60,1135.28,61066.17,0.322,7,1,158,0,0,0,0,0,1
60,35400.0,14.5,OWN,15000.0,debt_consolidation,36,713.83,40626.94,0.367,9,0,416,0,0,0,0,0,1
32,70000.0,7.6,MORTGAGE,17100.0,major_purchase,36,1815.07,27795.17,0.104,8,1,125,0,0,0,0,0,1
55,59500.0,2.4,RENT,19800.0,medical,36,2160.88,101885.96,0.491,7,0,215,0,0,0,0,0,1
69,106700.0,17.0,OWN,12100.0,credit_card,36,762.26,26109.54,0.407,13,3,485,0,0,0,0,1,1
41,83000.0,6.6,MORTGAGE,22100.0,debt_consolidation,60,936.24,38922.37,0.516,6,2,106,0,1,0,0,0,1
70,191700.0,7.1,RENT,50000.0,credit_card,36,2925.49,113461.14,0.575,1,1,318,0,0,0,1,0,1
63,38400.0,5.6,MORTGAGE,11100.0,debt_consolidation,60,661.47,35702.17,0.202,8,0,181,0,0,0,0,0,1
56,67800.0,3.0,MORTGAGE,13700.0,credit_card,36,544.56,12731.91,0.17,8,0,390,1,1,0,0,0,1
68,90300.0,16.2,RENT,26700.0,major_purchase,36,2856.71,131397.98,0.585,10,0,399,0,0,0,0,0,1
37,88500.0,4.1,MORTGAGE,39700.0,debt_consolidation,60,1250.27,32891.6,0.489,5,4,164,2,0,0,0,0,1
52,76200.0,12.3,OWN,24600.0,home_improvement,60,1999.33,105102.12,0.532,5,2,302,0,0,0,0,0,1
61,25400.0,16.0,MORTGAGE,6400.0,credit_card,36,520.17,28244.03,0.435,10,2,479,0,0,0,0,0,1
26,22500.0,0.5,MORTGAGE,8800.0,debt_consolidation,36,390.0,9611.45,0.528,12,2,32,2,0,0,0,0,0
44,36600.0,1.6,RENT,8700.0,credit_card,60,986.2,30564.37,0.173,13,1,144,1,0,2,0,0,0
47,86900.0,12.6,MORTGAGE,20100.0,small_business,36,545.71,21256.93,0.32,15,1,193,0,0,0,0,0,1
40,23300.0,9.9,RENT,6400.0,credit_card,60,650.02,11695.02,0.517,12,0,219,0,0,0,0,0,1
45,95200.0,16.0,RENT,17000.0,home_improvement,36,1040.34,39275.3,0.774,6,2,142,0,0,0,0,0,1
22,56000.0,1.6,MORTGAGE,4400.0,home_improvement,36,1780.96,74720.5,0.855,5,1,31,0,0,0,0,0,1
29,55000.0,3.0,MORTGAGE,11000.0,debt_consolidation,60,1378.82,77159.74,0.333,11,2,70,0,0,0,0,0,1
48,192600.0,4.4,MORTGAGE,50000.0,debt_consolidation,60,7431.05,233835.43,0.424,5,3,308,0,0,0,0,0,1
58,176900.0,17.0,OWN,43300.0,debt_consolidation,60,1227.99,31694.31,0.178,7,1,227,0,0,0,0,0,1
23,45700.0,2.1,MORTGAGE,17900.0,debt_consolidation,60,409.9,15952.56,0.595,8,1,34,0,0,0,0,0,1
40,101300.0,3.7,RENT,12400.0,small_business,36,2598.73,134519.43,0.309,10,1,98,2,0,0,0,0,1
26,67600.0,4.1,OWN,9400.0,debt_consolidation,36,1725.63,70042.57,0.283,5,0,45,0,0,0,0,0,1
59,105900.0,25.5,RENT,32600.0,debt_consolidation,36,1573.11,84804.0,0.398,10,1,204,0,0,0,0,0,1
53,53400.0,7.9,MORTGAGE,20200.0,credit_card,36,843.23,19469.36,0.443,8,1,241,0,0,0,0,0,1
21,31800.0,0.2,RENT,10400.0,home_improvement,36,871.57,47234.1,0.651,7,1,16,0,0,0,0,0,1
57,64700.0,10.6,OWN,14700.0,debt_consolidation,60,796.69,32042.45,0.621,9,1,320,2,1,0,0,0,1
26,103400.0,2.7,RENT,41700.0,debt_consolidation,36,1607.27,44570.19,0.475,4,0,88,0,0,0,0,0,1
65,61300.0,2.3,MORTGAGE,19600.0,debt_consolidation,60,2087.76,39831.65,0.098,5,3,366,0,0,0,0,0,1
54,104200.0,21.5,MORTGAGE,40000.0,credit_card,36,2575.02,47512.04,0.233,9,1,189,0,0,0,0,0,1
67,133300.0,11.7,RENT,50000.0,debt_consolidation,36,1713.46,77723.16,0.394,6,4,408,0,0,0,0,0,1
35,126500.0,4.4,MORTGAGE,33100.0,home_improvement,36,5388.94,311072.14,0.607,9,3,163,0,0,0,0,0,1
65,85700.0,13.3,RENT,24500.0,debt_consolidation,36,839.95,40001.29,0.204,6,1,274,0,0,0,0,0,1
46,32000.0,16.3,MORTGAGE,10100.0,debt_consolidation,36,422.29,20368.19,0.41,3,2,123,0,0,0,0,0,1
34,22300.0,7.1,OWN,9800.0,major_purchase,36,166.62,3995.24,0.496,10,3,113,0,0,0,0,0,1
27,91500.0,3.5,MORTGAGE,34100.0,debt_consolidation,36,1176.67,34248.33,0.127,8,1,38,0,0,0,0,0,1
66,101700.0,7.0,MORTGAGE,6500.0,credit_card,36,1337.73,68202.56,0.261,5,1,547,0,0,0,0,0,1
51,66500.0,0.5,RENT,14700.0,debt_consolidation,60,1708.57,64134.49,0.156,6,1,189,2,1,0,0,0,1
44,76500.0,8.1,RENT,30400.0,credit_card,36,649.91,10466.37,0.688,10,2,164,0,0,0,0,0,0
51,62800.0,4.6,MORTGAGE,4100.0,debt_consolidation,60,1026.55,27536.33,0.24,7,1,311,0,2,0,0,0,0
49,68700.0,7.3,MORTGAGE,20800.0,small_business,36,1587.7,86719.12,0.804,3,3,228,0,0,0,0,0,0
62,81600.0,8.9,MORTGAGE,34900.0,home_improvement,60,1037.13,53728.78,0.295,10,1,327,0,0,0,0,0,1
52,108800.0,3.4,MORTGAGE,19000.0,credit_card,60,3157.91,73800.65,0.14,13,1,223,0,0,0,1,0,1
37,70400.0,6.7,OWN,23900.0,home_improvement,36,651.4,16988.78,0.609,9,1,170,0,0,0,0,0,1
34,66800.0,7.7,MORTGAGE,11700.0,debt_consolidation,36,1544.98,88780.22,0.232,7,1,159,0,0,0,0,0,1
60,61100.0,15.4,MORTGAGE,18700.0,credit_card,36,1123.24,37216.83,0.239,6,1,274,1,0,0,0,0,1
56,75200.0,24.9,RENT,31900.0,debt_consolidation,60,1552.18,33085.73,0.219,9,0,349,0,0,0,0,0,1
68,22000.0,23.4,RENT,4300.0,debt_consolidation,36,343.48,12889.71,0.089,6,3,226,0,0,0,0,0,1
44,109400.0,5.8,MORTGAGE,47500.0,debt_consolidation,36,2325.54,84227.53,0.182,7,2,125,0,0,0,0,0,1
65,59600.0,5.5,MORTGAGE,12100.0,small_business,36,2295.15,134898.65,0.086,7,1,355,0,0,0,0,0,1
47,43000.0,13.2,RENT,8900.0,credit_card,36,717.49,31601.69,0.723,8,1,319,0,0,0,0,0,1
45,141100.0,7.4,RENT,50000.0,debt_consolidation,36,3320.53,117729.68,0.125,6,1,216,0,0,0,0,0,1
52,56900.0,12.6,RENT,11100.0,medical,60,1868.63,59146.44,0.264,7,1,196,5,2,0,0,0,0
38,37200.0,7.9,RENT,6700.0,debt_consolidation,36,1107.22,47198.47,0.39,12,0,131,0,0,0,0,0,1
66,99500.0,25.8,MORTGAGE,12400.0,credit_card,36,724.16,28220.77,0.27,6,1,370,0,0,0,0,0,1
38,50900.0,2.7,RENT,4400.0,auto,36,1050.57,47395.31,0.306,11,1,129,0,0,0,0,0,1
57,53800.0,17.4,RENT,20700.0,debt_consolidation,60,972.42,38624.01,0.738,9,1,388,0,0,0,0,0,1
46,106000.0,13.2,MORTGAGE,25500.0,debt_consolidation,36,347.67,19434.72,0.365,8,4,112,0,0,0,0,0,1
29,113700.0,1.4,MORTGAGE,35300.0,credit_card,60,956.99,14526.86,0.1,3,1,100,0,0,0,0,0,1
55,31600.0,10.2,MORTGAGE,7600.0,credit_card,60,868.22,34901.43,0.424,4,0,404,0,0,0,0,0,1
28,63300.0,1.9,MORTGAGE,12600.0,debt_consolidation,60,1102.84,55891.3,0.132,5,3,95,0,0,0,0,0,1
40,29800.0,12.6,MORTGAGE,6400.0,debt_consolidation,36,988.49,18810.29,0.652,11,0,109,1,0,0,0,0,1
62,52200.0,30.2,MORTGAGE,4300.0,debt_consolidation,36,625.83,12020.03,0.219,8,0,245,0,0,0,0,0,1
42,42800.0,0.4,MORTGAGE,13700.0,small_business,36,317.71,6119.74,0.308,8,4,99,0,0,0,0,0,1
39,118100.0,1.6,MORTGAGE,30100.0,small_business,36,2006.39,115120.4,0.206,10,0,141,0,0,0,0,0,0
50,36300.0,9.7,OWN,2800.0,debt_consolidation,36,837.47,44435.95,0.28,9,1,138,0,0,0,0,0,1
48,89300.0,7.9,RENT,26900.0,debt_consolidation,36,3383.5,67374.88,0.279,6,0,198,0,0,0,0,0,1
55,56200.0,18.9,MORTGAGE,7500.0,credit_card,36,290.83,12882.49,0.203,5,2,331,0,0,0,0,0,1
63,27500.0,36.0,MORTGAGE,2900.0,debt_consolidation,36,672.87,27721.56,0.269,9,1,192,1,1,0,0,0,1
31,42000.0,9.0,MORTGAGE,18500.0,major_purchase,36,1609.56,33851.51,0.731,6,1,105,0,0,0,0,0,0
51,32400.0,5.0,RENT,2600.0,credit_card,60,847.58,32832.46,0.436,10,2,371,0,0,0,0,0,1
69,42200.0,19.7,RENT,14400.0,debt_consolidation,60,469.03,7874.61,0.477,8,1,225,2,0,0,0,0,1
68,38000.0,22.2,RENT,12500.0,debt_consolidation,36,74.38,1135.37,0.191,7,0,190,0,0,0,0,1,1
59,55200.0,21.3,MORTGAGE,14300.0,major_purchase,36,1051.2,29443.72,0.509,4,1,216,0,0,0,0,0,1
56,112100.0,5.6,MORTGAGE,9400.0,debt_consolidation,60,1667.64,93997.98,0.264,12,1,236,3,0,0,0,0,1
50,41400.0,11.2,RENT,6900.0,debt_consolidation,60,1136.61,45721.61,0.445,14,2,146,0,0,0,0,0,1
43,35500.0,1.9,MORTGAGE,4100.0,debt_consolidation,36,217.25,3566.23,0.115,9,2,214,0,0,0,0,0,1
39,47500.0,9.9,RENT,21100.0,debt_consolidation,36,1280.04,21207.69,0.573,6,0,188,0,0,0,0,1,1
32,56000.0,3.8,RENT,5000.0,debt_consolidation,60,338.05,6891.95,0.306,5,0,145,0,0,0,0,0,1
35,43100.0,6.2,MORTGAGE,2400.0,small_business,36,286.32,7794.92,0.087,3,1,69,0,0,0,0,0,1
51,32500.0,8.9,MORTGAGE,4500.0,credit_card,36,853.1,18663.77,0.412,5,3,235,2,0,0,0,0,1
63,100100.0,7.2,MORTGAGE,36400.0,credit_card,36,667.85,16769.04,0.018,7,4,380,0,0,0,0,0,1
57,90900.0,11.5,MORTGAGE,35200.0,debt_consolidation,36,1861.23,41147.73,0.375,7,1,342,0,0,0,0,0,1
57,62700.0,12.7,OWN,20700.0,debt_consolidation,60,678.77,33902.57,0.222,10,1,283,0,0,0,0,0,1
35,151700.0,7.1,MORTGAGE,33900.0,major_purchase,36,2619.14,86968.36,0.419,3,1,115,0,0,0,0,0,1
49,257900.0,10.3,RENT,50000.0,debt_consolidation,36,4674.29,211732.16,0.243,7,1,150,0,0,0,0,0,1
70,137300.0,5.7,MORTGAGE,44100.0,major_purchase,60,5722.04,164837.57,0.332,9,1,368,2,2,0,0,0,1
63,20800.0,2.1,MORTGAGE,9300.0,credit_card,36,367.48,12959.82,0.379,9,3,460,0,0,0,0,0,1
46,78500.0,14.9,OWN,17700.0,credit_card,36,1510.32,64073.49,0.122,11,2,280,0,0,0,0,0,1
64,43000.0,20.6,RENT,5400.0,debt_consolidation,60,480.19,8672.44,0.237,9,3,351,0,0,0,0,0,1
22,54300.0,0.3,MORTGAGE,4200.0,home_improvement,36,1525.9,40218.01,0.363,4,0,27,0,0,0,0,0,1
40,27400.0,5.6,RENT,8200.0,major_purchase,60,256.11,14942.57,0.2,10,1,114,0,0,0,0,0,1
35,76500.0,4.7,MORTGAGE,32400.0,debt_consolidation,60,846.78,45316.45,0.534,10,1,125,0,0,0,0,0,1
24,171500.0,1.8,RENT,50000.0,debt_consolidation,36,1953.12,110894.73,0.496,2,1,54,0,0,0,0,0,1
42,63800.0,7.1,OWN,21900.0,home_improvement,36,1035.96,17399.62,0.298,8,1,134,0,0,0,0,0,1
70,115700.0,30.0,RENT,29700.0,credit_card,60,2384.5,96299.93,0.195,11,1,246,0,0,0,0,0,1
58,80000.0,6.2,MORTGAGE,9800.0,credit_card,36,2272.04,62453.9,0.569,3,1,153,0,1,0,0,1,1
43,100700.0,0.9,MORTGAGE,16100.0,credit_card,36,2023.18,107273.12,0.446,7,0,145,0,0,0,0,0,1
46,19000.0,11.0,RENT,3100.0,credit_card,36,139.57,5843.88,0.456,10,1,147,0,0,0,0,1,1
71,83900.0,8.4,MORTGAGE,26500.0,debt_consolidation,36,1877.42,44176.87,0.154,7,1,226,0,0,0,0,0,1
31,105500.0,1.0,MORTGAGE,41400.0,debt_consolidation,36,2046.09,37040.53,0.224,5,1,87,0,0,0,0,0,1
48,168900.0,9.1,MORTGAGE,17700.0,home_improvement,36,7198.66,335392.18,0.305,10,1,333,0,0,0,0,0,1
22,30000.0,0.3,RENT,1900.0,credit_card,36,765.93,43532.63,0.54,7,0,23,0,0,0,0,0,1
28,163200.0,2.0,RENT,41600.0,small_business,60,6996.65,205842.7,0.277,10,2,96,0,0,0,0,0,1
49,55200.0,22.4,RENT,22600.0,auto,36,957.97,33043.95,0.57,11,0,211,0,0,0,0,0,1
31,73400.0,6.0,MORTGAGE,31900.0,debt_consolidation,36,1740.88,83531.31,0.478,8,2,141,0,0,0,0,0,1
57,111200.0,11.0,RENT,26800.0,small_business,36,1212.36,50429.58,0.573,7,2,365,0,0,0,0,0,1
38,110100.0,15.8,MORTGAGE,16500.0,auto,36,3899.97,167065.04,0.17,8,0,181,0,0,0,0,0,1
70,25700.0,6.9,RENT,9200.0,home_improvement,36,287.22,7722.42,0.324,6,0,545,0,0,0,0,0,1
34,70500.0,2.3,MORTGAGE,8300.0,debt_consolidation,36,2155.73,42603.57,0.297,5,1,153,0,0,0,0,0,1
30,37000.0,3.8,RENT,14000.0,major_purchase,60,531.35,19258.75,0.539,9,2,74,0,0,0,0,0,0
55,68200.0,3.6,RENT,27100.0,small_business,36,1959.31,78193.1,0.054,18,2,381,0,0,0,0,0,1
29,47400.0,5.0,RENT,8300.0,debt_consolidation,36,1058.53,52565.33,0.254,9,0,49,0,0,0,0,0,1
55,26600.0,12.0,MORTGAGE,3300.0,credit_card,36,527.46,9788.67,0.518,5,1,137,1,1,0,0,0,1
31,37900.0,1.0,OWN,3600.0,home_improvement,60,1084.67,25478.86,0.096,6,0,57,0,0,0,0,0,1
64,90100.0,15.0,RENT,26500.0,debt_consolidation,36,1458.21,36747.17,0.276,8,1,390,0,0,0,0,0,1
32,80100.0,0.2,MORTGAGE,35500.0,medical,36,2411.38,95349.49,0.371,14,2,155,0,0,0,0,0,0
23,36100.0,0.2,RENT,8300.0,auto,60,701.08,23533.48,0.409,9,0,39,0,0,0,0,0,0
59,48200.0,16.5,RENT,7500.0,debt_consolidation,60,2191.18,102464.59,0.434,5,1,382,0,0,0,0,0,1
34,75800.0,3.5,RENT,28900.0,home_improvement,36,1510.61,81161.62,0.03,5,1,144,0,0,0,0,0,1
48,77700.0,12.6,OWN,26100.0,debt_consolidation,60,1940.16,83390.84,0.279,9,1,256,1,1,0,0,0,1
31,96000.0,2.7,MORTGAGE,7600.0,debt_consolidation,60,1370.25,74275.8,0.085,9,1,99,0,0,0,0,0,1
59,75100.0,16.8,RENT,11600.0,medical,36,2607.91,116351.4,0.024,7,1,205,0,0,0,0,0,1
45,91600.0,15.6,RENT,18300.0,debt_consolidation,36,2052.84,85144.56,0.065,8,3,266,0,0,0,0,0,1
41,63800.0,13.2,MORTGAGE,8700.0,debt_consolidation,36,1140.96,44795.64,0.111,6,0,114,0,0,1,0,0,1
30,87100.0,2.4,RENT,35100.0,small_business,36,1200.31,45104.89,0.952,6,2,81,0,0,0,0,0,1
63,160000.0,6.9,RENT,20000.0,debt_consolidation,36,3887.21,88061.27,0.648,7,3,210,1,1,0,0,0,0
35,157100.0,1.0,MORTGAGE,50000.0,home_improvement,36,2512.74,93413.25,1.021,11,2,135,0,0,0,0,0,1
39,67500.0,4.0,RENT,23400.0,medical,36,1348.18,67370.19,0.394,10,1,195,0,0,0,0,1,1
68,34800.0,13.4,MORTGAGE,1900.0,debt_consolidation,36,1234.18,48880.45,0.275,9,3,271,0,0,0,0,0,1
42,138600.0,9.3,RENT,22400.0,debt_consolidation,36,1893.14,64831.68,0.479,7,3,169,0,0,0,0,0,1
41,18200.0,0.8,RENT,4600.0,debt_consolidation,36,264.05,15129.11,0.11,10,1,198,0,0,0,0,0,1
64,88100.0,19.0,OWN,12100.0,medical,36,938.53,14938.52,0.43,9,1,206,0,0,0,0,0,1
52,86400.0,7.2,OWN,32600.0,credit_card,36,1848.49,38268.03,0.369,5,1,248,0,0,0,0,1,1
70,67900.0,2.6,MORTGAGE,7000.0,credit_card,36,637.87,35274.34,0.607,13,1,290,1,0,0,0,0,1
43,82300.0,6.7,MORTGAGE,9600.0,debt_consolidation,36,584.28,11896.17,0.681,8,1,248,0,0,0,0,0,1
33,32000.0,4.3,MORTGAGE,9100.0,major_purchase,36,969.19,38811.81,0.244,11,1,111,1,0,0,0,0,1
25,37100.0,2.1,RENT,2200.0,credit_card,36,597.98,33711.56,0.638,5,1,48,0,0,0,0,0,1
24,32700.0,1.0,MORTGAGE,14600.0,credit_card,60,585.62,26839.57,0.625,6,1,46,0,0,0,0,0,0
48,35000.0,18.9,MORTGAGE,9200.0,credit_card,36,649.73,22636.12,0.065,9,2,158,0,0,0,0,0,1
34,44900.0,2.4,MORTGAGE,13900.0,home_improvement,60,1721.18,32104.74,0.043,7,1,170,0,0,0,0,0,1
28,60000.0,4.3,MORTGAGE,9100.0,debt_consolidation,60,1714.62,41474.38,0.467,8,1,88,0,0,0,1,0,0
29,114500.0,2.7,MORTGAGE,49400.0,medical,36,2474.52,115665.27,0.412,9,2,91,0,0,0,0,0,1
71,194100.0,32.6,RENT,35700.0,debt_consolidation,36,3617.75,166943.32,0.716,14,0,550,0,0,0,0,0,1
55,42000.0,5.6,RENT,4200.0,debt_consolidation,60,1129.36,46682.98,0.245,10,0,179,0,0,0,0,0,1
57,63500.0,13.2,MORTGAGE,14700.0,debt_consolidation,36,642.12,24725.6,0.321,7,3,215,0,0,0,0,0,1
41,69900.0,6.1,RENT,7100.0,debt_consolidation,36,1160.67,32550.57,0.121,7,2,228,0,0,0,0,0,1
38,40600.0,7.0,MORTGAGE,17700.0,debt_consolidation,36,666.82,29272.16,0.186,6,1,227,0,0,0,0,0,1
53,51300.0,11.2,MORTGAGE,12900.0,debt_consolidation,36,642.75,37039.3,0.534,6,1,251,0,0,0,0,0,1
28,167800.0,1.7,RENT,48700.0,debt_consolidation,60,1982.69,88184.64,0.402,9,3,58,2,0,0,0,0,1
71,127800.0,16.0,RENT,31200.0,auto,36,4964.87,271507.77,0.156,6,0,516,0,0,0,0,0,1
69,136800.0,37.6,OWN,19600.0,medical,36,3032.24,143171.65,0.112,9,1,382,0,0,0,0,0,1
37,89700.0,1.1,RENT,10600.0,debt_consolidation,60,925.44,45197.36,0.087,10,0,127,2,1,0,0,0,0
63,105500.0,10.9,OWN,46000.0,debt_consolidation,60,421.72,8793.04,0.743,5,0,474,0,0,0,0,0,1
51,80800.0,7.2,RENT,14300.0,debt_consolidation,60,1055.73,20452.19,0.098,6,1,237,0,0,0,0,0,1
54,159400.0,18.8,MORTGAGE,11700.0,major_purchase,60,2674.69,78297.28,0.826,8,1,346,0,0,0,0,0,1
26,18000.0,5.1,OWN,4500.0,debt_consolidation,36,407.0,12994.13,0.178,9,3,90,2,0,1,0,1,0
42,36200.0,12.9,OWN,5300.0,credit_card,60,238.62,10426.88,0.437,8,0,187,0,0,0,0,0,1
34,29300.0,3.4,OWN,9700.0,debt_consolidation,60,495.97,16313.3,0.516,9,0,168,0,0,0,0,0,1
23,45500.0,0.2,OWN,9200.0,home_improvement,36,1138.12,33368.64,0.603,9,1,48,1,1,0,0,0,1
32,68100.0,1.3,MORTGAGE,28800.0,credit_card,36,878.69,52489.79,0.583,4,0,72,0,0,0,0,0,1
56,61100.0,25.0,MORTGAGE,13700.0,debt_consolidation,36,2737.06,114048.43,0.649,7,0,346,0,0,0,0,0,1
32,41400.0,0.9,MORTGAGE,13300.0,debt_consolidation,36,1176.2,21013.72,0.263,16,0,145,1,1,0,0,0,1
65,72600.0,3.0,OWN,28300.0,home_improvement,36,1447.5,23026.57,0.253,5,1,248,0,0,0,0,0,1
22,80000.0,0.1,MORTGAGE,31600.0,debt_consolidation,60,1160.44,55778.41,0.717,8,1,44,1,0,0,0,0,1
22,88500.0,0.6,MORTGAGE,24000.0,debt_consolidation,60,2149.32,76986.48,0.569,10,1,23,0,0,0,0,0,1
35,100600.0,6.6,MORTGAGE,37400.0,debt_consolidation,36,3602.16,199069.81,0.68,8,1,114,0,0,0,0,0,0
43,46900.0,2.1,MORTGAGE,7000.0,credit_card,60,675.33,32748.86,0.165,11,0,242,0,0,0,0,0,1
49,114800.0,10.1,OWN,33400.0,credit_card,36,2337.41,118513.44,0.231,8,2,230,0,0,0,0,0,1
37,63600.0,7.1,RENT,4000.0,debt_consolidation,36,899.57,22197.68,0.104,4,0,176,0,0,0,0,0,1
52,100100.0,6.0,RENT,18400.0,debt_consolidation,60,1016.62,31106.28,0.396,5,0,372,0,0,0,0,0,1
27,46800.0,1.1,OWN,8800.0,debt_consolidation,60,626.26,28571.51,0.753,9,1,83,0,0,0,0,0,1
50,170100.0,16.8,MORTGAGE,50000.0,credit_card,60,4467.89,236550.23,0.742,9,3,189,0,0,1,0,0,0
48,87300.0,20.5,MORTGAGE,20900.0,major_purchase,36,152.53,7848.33,0.312,11,2,316,0,0,0,0,0,1
34,70400.0,2.2,MORTGAGE,24400.0,debt_consolidation,36,1574.85,47514.59,0.207,6,2,94,0,0,0,0,0,1
64,34000.0,13.3,MORTGAGE,8100.0,credit_card,36,634.71,26421.25,0.471,5,2,231,0,0,1,0,0,1
50,120300.0,6.7,RENT,21100.0,debt_consolidation,60,1218.1,18458.86,0.655,9,1,316,3,0,0,0,0,1
37,36400.0,9.1,RENT,15500.0,home_improvement,36,607.17,34598.08,0.252,8,1,76,0,0,0,0,0,1
52,224000.0,3.7,MORTGAGE,50000.0,credit_card,36,6194.69,170516.44,0.164,16,2,321,0,0,0,0,0,1
66,99000.0,14.7,MORTGAGE,30300.0,home_improvement,60,886.09,18213.86,0.11,10,1,494,0,0,0,0,0,1
26,32300.0,0.6,RENT,8000.0,credit_card,60,513.95,25655.79,0.149,5,1,53,0,0,0,0,0,1
71,74400.0,17.6,MORTGAGE,9200.0,debt_consolidation,36,521.44,24511.43,0.345,12,1,550,0,0,0,0,0,1
44,195200.0,10.5,MORTGAGE,50000.0,debt_consolidation,36,5342.65,168847.27,0.918,11,1,204,0,0,0,0,0,1
26,65700.0,0.9,MORTGAGE,22700.0,debt_consolidation,36,956.28,31483.42,0.756,11,3,71,0,0,0,0,0,1
47,54300.0,1.9,OWN,11000.0,debt_consolidation,36,1246.86,58095.46,0.076,8,1,155,0,0,0,0,0,0
38,78500.0,5.0,MORTGAGE,33300.0,small_business,60,1597.75,25681.48,0.106,5,1,183,0,0,0,1,0,1
44,43700.0,7.4,RENT,8200.0,debt_consolidation,36,1115.75,64560.36,0.315,13,0,261,0,0,0,0,0,1
57,137800.0,13.2,RENT,9000.0,credit_card,60,6276.1,356289.42,0.382,12,0,152,0,0,0,0,0,1
44,41300.0,6.4,RENT,6400.0,debt_consolidation,36,704.9,23212.6,0.366,8,1,210,0,0,0,0,0,1
58,83900.0,13.8,OWN,16600.0,debt_consolidation,36,1214.72,58998.81,0.329,4,0,203,0,0,0,0,0,1
54,131600.0,9.3,RENT,49800.0,credit_card,36,5068.08,205208.0,0.629,4,1,166,0,0,0,0,0,1
60,68200.0,5.6,MORTGAGE,24900.0,debt_consolidation,36,1413.17,65905.62,0.463,7,1,475,0,0,0,0,0,1
67,134600.0,2.4,MORTGAGE,30000.0,major_purchase,60,3078.58,171926.47,0.054,5,2,515,0,0,0,0,0,1
35,59700.0,6.3,RENT,19700.0,home_improvement,36,1302.45,44714.51,0.394,4,1,127,0,0,0,0,0,1
31,35600.0,2.2,MORTGAGE,5000.0,auto,36,389.31,13384.06,0.545,4,1,136,0,0,0,0,0,1
42,99500.0,13.3,RENT,40400.0,auto,36,2499.09,131785.61,0.496,9,3,263,0,0,0,0,0,1
44,79600.0,2.9,RENT,5900.0,home_improvement,60,985.7,15820.43,0.462,14,3,198,0,0,0,0,0,1
21,39100.0,0.3,OWN,8200.0,home_improvement,36,260.27,6897.72,0.095,7,0,14,0,0,0,0,0,1
38,63100.0,6.0,RENT,23600.0,credit_card,36,945.17,20120.65,0.431,5,1,209,0,0,0,0,0,1
64,38700.0,12.1,MORTGAGE,9800.0,debt_consolidation,36,1036.88,57425.18,0.183,12,2,260,4,0,1,0,0,0
32,65900.0,6.7,MORTGAGE,24700.0,small_business,36,418.76,16920.77,0.507,10,0,116,0,0,0,0,0,1
63,232200.0,28.4,RENT,27000.0,debt_consolidation,36,3032.65,50997.96,0.423,5,1,239,0,1,1,0,0,1
48,112100.0,5.5,RENT,16900.0,credit_card,36,2399.13,81020.5,0.219,8,1,328,0,0,0,0,0,1
60,93400.0,17.6,MORTGAGE,19600.0,home_improvement,36,1369.4,71395.8,0.295,9,1,306,0,0,0,0,0,1
27,72600.0,2.3,MORTGAGE,28600.0,credit_card,60,1965.06,37735.09,0.453,6,2,96,0,0,0,0,0,1
43,117800.0,2.9,RENT,50000.0,credit_card,60,1976.32,55896.32,0.464,7,2,113,1,1,0,0,0,1
41,69100.0,1.7,MORTGAGE,5000.0,debt_consolidation,36,1336.13,73811.55,0.665,6,1,199,0,0,0,0,0,1
54,24700.0,2.1,MORTGAGE,10500.0,home_improvement,36,280.95,5033.68,0.441,10,2,182,0,0,0,0,0,1
31,31700.0,4.7,RENT,10400.0,medical,36,771.87,46177.28,0.425,8,3,132,0,0,0,0,0,0
42,48900.0,8.1,RENT,11900.0,credit_card,36,383.72,11104.35,0.416,9,1,149,0,0,0,0,0,1
62,52500.0,7.5,RENT,7700.0,debt_consolidation,36,482.57,8049.89,0.571,6,0,343,0,0,0,0,0,1
55,67100.0,5.9,MORTGAGE,11000.0,credit_card,60,945.37,20907.95,0.028,9,1,300,0,0,0,0,0,1
49,127100.0,5.3,OWN,40100.0,debt_consolidation,36,3181.62,139459.07,0.3,8,3,147,0,0,0,0,0,0
62,82000.0,4.3,MORTGAGE,17900.0,debt_consolidation,60,679.59,14272.27,0.196,13,0,251,0,0,0,0,0,1
48,73000.0,19.6,RENT,4600.0,debt_consolidation,60,1090.35,53730.71,0.679,9,1,203,0,0,0,0,0,1
38,36100.0,7.9,OWN,15800.0,credit_card,36,956.88,31353.37,0.104,10,2,202,0,0,0,0,0,0
34,60800.0,0.9,MORTGAGE,19200.0,home_improvement,36,1326.87,73511.67,0.236,8,3,78,0,0,0,0,0,1
38,47000.0,5.0,MORTGAGE,17200.0,home_improvement,36,382.7,7102.24,0.177,9,0,129,0,0,0,0,0,1
48,37700.0,8.2,MORTGAGE,11600.0,auto,60,410.9,13492.04,0.337,7,0,110,0,0,0,0,0,1
44,18000.0,20.9,MORTGAGE,6000.0,debt_consolidation,36,673.12,27949.21,0.186,8,0,155,0,0,0,0,0,1
28,34500.0,4.2,MORTGAGE,2300.0,major_purchase,36,376.6,19974.91,0.673,7,1,85,0,0,0,0,0,1
62,172800.0,4.9,MORTGAGE,35500.0,home_improvement,36,5320.53,207972.22,0.717,6,0,291,0,0,0,0,0,1
65,125600.0,19.0,RENT,50000.0,home_improvement,36,3174.49,154873.84,0.243,8,1,432,0,0,0,0,0,0
28,41400.0,0.6,MORTGAGE,17900.0,home_improvement,36,1547.76,66933.95,0.405,8,1,110,0,0,0,0,0,1
24,50700.0,0.7,MORTGAGE,21200.0,credit_card,36,944.97,26484.85,0.18,5,0,26,0,0,0,0,0,0
47,263800.0,8.7,RENT,50000.0,debt_consolidation,36,10516.53,348691.59,0.496,11,1,239,0,0,0,0,0,0
56,245000.0,0.9,RENT,19200.0,medical,60,4338.62,229802.59,0.338,7,2,344,0,0,0,0,0,1
25,74500.0,0.9,MORTGAGE,5600.0,debt_consolidation,36,2003.62,39821.87,0.591,7,1,50,0,0,0,0,0,0
53,99900.0,11.8,RENT,42300.0,debt_consolidation,36,624.14,36558.03,0.407,5,1,208,0,0,0,0,0,1
69,78000.0,25.4,RENT,4800.0,debt_consolidation,60,2259.72,98012.38,0.19,8,0,383,0,0,0,0,0,1
54,55700.0,1.4,RENT,22500.0,home_improvement,36,1026.2,34846.11,0.559,6,1,251,0,0,0,1,0,0
50,77000.0,12.1,RENT,30800.0,major_purchase,36,1219.17,65859.25,0.618,7,1,193,0,0,0,0,0,1
28,93600.0,3.6,OWN,24900.0,debt_consolidation,36,2273.87,92622.23,0.468,8,3,101,2,0,0,0,0,1
59,118100.0,18.8,MORTGAGE,47500.0,debt_consolidation,36,1927.26,89362.6,0.33,7,2,436,0,0,0,0,0,1
67,79300.0,6.1,RENT,25800.0,debt_consolidation,36,2282.82,44588.95,0.312,12,1,486,0,0,0,0,0,1
46,78600.0,7.8,RENT,9300.0,major_purchase,36,1415.66,74031.27,0.4,5,2,243,1,0,0,0,0,0
57,33000.0,5.3,RENT,12800.0,debt_consolidation,60,473.9,26609.73,0.424,9,1,330,0,0,0,0,0,0
54,42000.0,6.3,RENT,8800.0,debt_consolidation,36,458.98,8705.96,0.283,3,1,393,0,0,0,0,0,1
27,24400.0,1.4,RENT,3300.0,debt_consolidation,36,114.08,2868.42,0.489,9,2,82,2,0,0,0,0,0
60,85900.0,7.1,OWN,37900.0,medical,60,1985.59,66237.11,0.463,13,0,445,0,0,0,0,0,1
48,48300.0,8.2,MORTGAGE,15600.0,debt_consolidation,36,1122.05,42586.64,0.469,4,3,264,1,1,0,0,0,0
59,59300.0,28.9,MORTGAGE,7400.0,major_purchase,36,941.79,52507.55,0.42,10,7,258,0,0,0,0,0,1
59,69400.0,15.0,MORTGAGE,27600.0,credit_card,36,857.34,51393.57,0.14,8,0,258,1,0,0,0,0,1
48,78100.0,12.7,MORTGAGE,29700.0,debt_consolidation,36,381.43,18527.85,0.034,12,0,151,2,0,0,0,0,1
34,23200.0,6.8,MORTGAGE,2100.0,debt_consolidation,36,632.21,30579.84,0.421,12,1,109,0,0,0,0,0,1
70,81800.0,7.6,OWN,8200.0,debt_consolidation,36,966.15,48490.05,0.422,13,2,492,0,0,0,0,0,1
58,53300.0,14.3,MORTGAGE,7400.0,debt_consolidation,36,462.43,10372.79,0.452,6,0,287,2,0,0,0,0,1
24,107400.0,0.7,MORTGAGE,44000.0,small_business,36,3191.66,107499.98,0.106,6,3,30,0,0,0,0,0,1
62,55500.0,20.8,MORTGAGE,18900.0,credit_card,36,848.22,41975.44,0.559,10,0,240,3,0,1,0,1,1
38,47300.0,9.5,RENT,19400.0,auto,36,1210.7,67354.98,0.578,7,1,133,0,0,0,0,0,1
64,123900.0,12.9,OWN,48100.0,credit_card,36,2476.93,140595.0,0.576,7,0,239,0,0,0,0,0,1
68,38900.0,24.9,RENT,10200.0,small_business,60,753.5,11357.96,0.149,5,1,421,0,0,0,0,0,1
45,49900.0,14.5,MORTGAGE,3500.0,home_improvement,36,1280.04,72372.46,0.335,9,0,146,0,0,0,0,0,1
27,39800.0,1.5,RENT,13500.0,debt_consolidation,36,559.56,32251.31,0.692,5,1,80,0,0,0,0,0,0
58,51200.0,26.9,MORTGAGE,15200.0,home_improvement,36,395.89,5974.42,0.478,7,1,380,0,0,0,0,0,1
48,166900.0,4.8,OWN,23800.0,debt_consolidation,60,3104.69,48241.75,0.9,13,1,249,0,0,0,0,0,1
25,34000.0,2.7,RENT,14300.0,debt_consolidation,36,723.98,19669.89,0.401,9,0,27,0,0,0,0,0,1
23,57500.0,1.7,MORTGAGE,18700.0,credit_card,60,867.14,15270.92,0.26,3,2,38,0,0,0,0,0,1
64,102000.0,13.2,RENT,37800.0,home_improvement,36,540.58,23203.1,0.437,12,0,285,0,0,0,0,0,0
51,58500.0,8.7,RENT,21100.0,credit_card,36,1115.8,39116.98,0.64,7,5,313,0,0,0,0,1,1
67,82100.0,8.5,RENT,8300.0,credit_card,36,961.45,24571.34,0.572,6,3,391,0,0,0,0,0,1
62,49300.0,8.5,RENT,8000.0,debt_consolidation,36,1298.32,65683.91,0.169,11,0,268,0,0,0,0,0,1
40,62400.0,13.5,MORTGAGE,22100.0,debt_consolidation,60,1235.95,28097.32,0.58,7,0,134,1,0,0,0,0,0
39,57500.0,1.7,MORTGAGE,16300.0,credit_card,36,1772.51,87702.5,0.526,5,2,239,0,0,0,0,0,1
68,59700.0,27.7,RENT,6000.0,debt_consolidation,36,879.04,51674.96,0.45,5,0,392,0,0,0,0,0,1
31,126200.0,7.6,RENT,27700.0,credit_card,36,1851.81,76233.64,0.531,9,2,109,0,0,0,0,0,1
60,47400.0,30.5,RENT,6900.0,debt_consolidation,60,521.31,27181.06,0.225,2,2,433,0,0,0,0,0,1
23,78500.0,0.2,RENT,27400.0,debt_consolidation,36,1020.38,19871.68,0.2,13,2,41,0,0,0,0,0,1
43,112200.0,2.0,RENT,11800.0,debt_consolidation,36,1351.76,38799.92,0.633,11,4,119,0,0,0,0,0,1
27,89600.0,1.5,RENT,26500.0,debt_consolidation,36,3328.69,153333.42,0.46,8,1,65,1,0,0,0,0,0
43,57000.0,11.2,MORTGAGE,3500.0,small_business,36,265.99,12372.49,0.3,6,2,202,0,0,0,0,1,0
27,139000.0,2.9,MORTGAGE,45400.0,credit_card,36,1995.4,40395.7,0.465,14,1,59,1,0,0,0,0,1
66,72300.0,4.5,RENT,6200.0,debt_consolidation,60,944.41,53130.17,0.232,8,3,449,0,0,0,0,0,1
54,106800.0,4.2,MORTGAGE,10800.0,small_business,60,2642.08,152522.39,0.211,5,3,316,0,0,0,0,0,1
62,49500.0,31.3,MORTGAGE,12000.0,debt_consolidation,36,690.39,11341.28,0.688,7,1,196,0,0,0,0,0,1
39,91300.0,0.2,MORTGAGE,5000.0,credit_card,36,1683.89,86693.75,0.251,10,4,89,0,0,0,0,0,1
29,95800.0,7.5,MORTGAGE,42300.0,credit_card,36,3070.92,65097.98,0.679,4,1,59,0,0,0,0,0,0
68,43400.0,23.4,RENT,6900.0,auto,36,358.91,7356.59,0.628,8,0,382,0,0,0,0,1,1
71,139600.0,25.0,OWN,7200.0,debt_consolidation,60,3051.01,141911.13,0.627,5,3,318,0,0,0,0,0,1
38,123100.0,5.9,RENT,48700.0,debt_consolidation,60,2216.22,41306.01,0.447,4,0,92,2,0,0,0,0,1
61,49200.0,0.3,MORTGAGE,3800.0,debt_consolidation,36,1878.98,66088.71,0.575,5,2,359,1,0,1,0,0,0
68,30400.0,26.0,RENT,12200.0,credit_card,60,1219.34,39378.63,0.507,10,1,272,0,0,0,0,0,1
65,60000.0,5.3,RENT,22200.0,debt_consolidation,60,992.53,45217.23,0.525,8,0,375,1,0,0,0,0,1
62,62700.0,9.4,MORTGAGE,6200.0,debt_consolidation,36,662.35,33669.44,0.297,9,0,170,0,0,0,0,0,1
45,47500.0,16.1,OWN,4500.0,credit_card,60,429.45,10515.57,0.212,4,0,163,0,0,0,0,0,1
34,51100.0,1.3,MORTGAGE,17700.0,debt_consolidation,36,993.71,23158.59,0.28,10,0,166,2,0,0,0,0,1
64,104500.0,7.6,MORTGAGE,38000.0,medical,36,223.17,12451.36,0.543,12,0,223,0,0,0,0,0,1
45,159600.0,15.3,OWN,32000.0,credit_card,60,1202.01,18349.87,0.43,4,2,292,0,0,0,0,0,1
39,101700.0,9.6,MORTGAGE,40700.0,credit_card,36,3918.47,157783.83,0.525,6,3,80,0,0,0,0,0,1
59,131700.0,2.2,RENT,17000.0,debt_consolidation,36,696.58,29034.51,0.029,5,2,283,0,0,0,1,0,1
35,66400.0,4.8,OWN,19500.0,debt_consolidation,60,1587.89,82327.57,0.465,6,2,171,0,0,0,0,0,1
36,28400.0,1.0,MORTGAGE,6100.0,credit_card,36,317.49,7868.3,0.223,4,0,165,0,0,0,0,0,1
47,48900.0,6.0,OWN,9000.0,credit_card,36,1206.72,69654.92,0.296,11,2,253,0,0,0,0,0,1
60,44500.0,19.6,RENT,11800.0,debt_consolidation,60,1886.41,34155.3,0.525,9,0,378,0,0,0,0,0,1
30,113700.0,2.9,MORTGAGE,19500.0,small_business,36,2425.4,69547.86,0.444,8,0,55,0,0,0,0,0,1
24,20800.0,1.8,RENT,2900.0,small_business,36,276.81,7211.4,0.227,6,0,48,0,0,0,0,0,1
71,72000.0,4.6,MORTGAGE,19200.0,debt_consolidation,36,2957.24,73207.36,0.941,9,2,191,0,0,0,0,0,0
39,60800.0,10.4,OWN,15900.0,debt_consolidation,60,1633.17,36781.84,0.443,7,0,81,0,0,0,0,0,1
48,80700.0,1.4,RENT,30200.0,credit_card,36,1808.07,42251.66,0.382,11,1,237,0,0,0,0,0,1
41,39100.0,7.9,RENT,12100.0,debt_consolidation,36,792.22,39506.55,0.425,10,0,257,0,0,0,0,0,0
67,125600.0,8.9,RENT,23100.0,debt_consolidation,60,3112.83,181897.4,0.439,15,1,485,0,0,0,0,0,1
34,73000.0,1.4,MORTGAGE,23700.0,debt_consolidation,36,680.18,33850.39,0.241,8,1,139,0,0,0,0,0,1
53,35600.0,15.7,RENT,3400.0,debt_consolidation,36,580.56,15245.67,0.445,9,0,319,0,0,0,0,0,1
68,38600.0,18.9,MORTGAGE,4700.0,debt_consolidation,36,893.26,23452.25,0.358,10,2,510,0,0,0,0,0,1
30,52200.0,4.4,RENT,14900.0,debt_consolidation,36,706.73,33892.84,0.546,3,1,44,1,1,0,0,0,1
39,88800.0,8.7,OWN,24200.0,major_purchase,60,3210.69,95854.66,0.416,11,1,159,0,0,0,0,0,1
50,43600.0,1.7,MORTGAGE,11400.0,debt_consolidation,36,620.21,31589.38,0.329,6,2,312,0,0,0,0,0,1
42,92300.0,6.8,MORTGAGE,28000.0,debt_consolidation,36,2389.07,37399.1,1.01,8,0,122,2,1,0,0,0,1
23,64600.0,1.2,RENT,7200.0,credit_card,36,1366.53,43572.37,0.404,16,0,36,2,0,0,0,0,1
57,149900.0,5.9,RENT,50000.0,credit_card,60,1356.46,43781.14,0.463,12,3,297,3,1,0,0,0,1
61,47900.0,12.5,MORTGAGE,19200.0,debt_consolidation,36,505.66,15061.74,0.682,5,0,425,0,0,0,0,0,1
38,64200.0,9.3,MORTGAGE,16600.0,major_purchase,36,1248.34,59029.16,0.305,9,1,85,0,0,0,0,0,0
31,107200.0,1.1,OWN,34700.0,debt_consolidation,36,4216.37,191269.31,0.684,3,0,66,1,0,0,0,0,0
68,41600.0,24.2,RENT,15700.0,medical,36,731.28,43722.43,0.161,6,1,233,0,0,0,0,0,1
22,39900.0,0.5,MORTGAGE,12400.0,debt_consolidation,36,938.2,39986.92,0.358,9,0,41,0,0,0,0,0,1
32,35000.0,9.1,RENT,7800.0,debt_consolidation,36,715.65,37605.64,0.4,13,1,84,0,2,1,0,0,0
26,91400.0,4.3,MORTGAGE,29500.0,auto,60,1745.71,44931.24,0.639,9,1,87,0,0,0,0,0,1
63,29900.0,19.9,RENT,12600.0,credit_card,60,494.77,21953.23,0.539,3,2,207,0,0,0,0,0,1
60,77500.0,17.8,RENT,12800.0,major_purchase,36,1121.05,41222.07,0.48,7,0,458,0,0,0,0,0,1
64,45100.0,13.4,MORTGAGE,16700.0,home_improvement,36,906.08,48411.87,0.542,9,1,408,0,0,0,0,0,0
49,45200.0,12.7,OWN,20300.0,debt_consolidation,60,1683.71,92041.6,0.23,5,1,278,0,0,0,0,0,1
50,23400.0,4.8,RENT,8300.0,small_business,36,638.19,16865.45,0.315,7,0,304,1,1,0,0,0,0
22,62600.0,0.4,RENT,10900.0,debt_consolidation,36,1313.54,23231.43,0.247,7,1,35,0,0,0,0,0,1
29,43900.0,2.4,OWN,4300.0,credit_card,60,728.78,28608.85,0.267,3,0,123,0,0,0,0,0,1
67,58700.0,7.2,MORTGAGE,15700.0,debt_consolidation,36,617.22,18594.14,0.24,12,0,378,0,0,0,0,0,1
22,59100.0,0.7,MORTGAGE,5700.0,debt_consolidation,36,654.17,30741.01,0.245,7,0,25,0,0,0,0,0,1
49,171300.0,12.2,RENT,40200.0,home_improvement,36,3045.19,46483.69,0.381,7,3,284,0,0,0,1,0,1
53,40000.0,10.1,OWN,7400.0,home_improvement,36,1193.87,54890.1,0.729,13,0,164,0,1,0,0,0,0
30,87300.0,5.3,RENT,21000.0,debt_consolidation,36,3952.99,155154.91,0.308,9,0,77,0,0,0,0,1,0
54,54700.0,7.5,OWN,9600.0,debt_consolidation,36,1166.38,34485.5,0.222,6,4,188,0,0,0,0,0,1
64,91200.0,1.3,RENT,35400.0,debt_consolidation,60,1606.07,65548.13,0.274,8,1,177,0,0,0,0,0,1
28,59800.0,3.9,OWN,13400.0,home_improvement,60,370.47,21135.22,0.767,9,2,67,1,0,0,0,0,1
57,175800.0,18.8,MORTGAGE,16200.0,medical,36,5444.78,298747.77,0.523,11,3,398,0,0,0,0,0,1
53,64000.0,23.1,MORTGAGE,19700.0,small_business,36,613.04,33279.51,0.385,6,3,376,2,0,1,0,0,1
67,70000.0,13.4,RENT,25300.0,debt_consolidation,60,1705.08,43753.14,0.398,5,2,370,0,0,0,0,0,1
26,127200.0,2.6,MORTGAGE,28000.0,debt_consolidation,36,2005.14,66503.22,0.139,5,3,57,0,0,0,0,0,1
64,54300.0,14.3,MORTGAGE,15900.0,credit_card,60,1035.55,18917.94,0.77,9,1,500,0,0,0,0,0,1
60,116700.0,2.6,MORTGAGE,26700.0,credit_card,36,3441.66,71791.08,0.601,7,0,323,0,0,0,0,0,1
65,127600.0,17.3,MORTGAGE,16600.0,credit_card,36,2673.91,68580.01,0.351,7,1,270,0,0,0,0,0,1
39,48800.0,5.0,MORTGAGE,14100.0,major_purchase,60,1599.95,87626.27,0.686,9,0,82,0,0,0,0,0,1
52,103000.0,12.1,RENT,34000.0,debt_consolidation,36,4038.32,82382.09,0.817,11,0,279,0,0,0,0,0,1
47,39000.0,15.7,OWN,5800.0,debt_consolidation,36,696.95,21461.49,0.513,7,0,136,0,0,0,0,0,1
21,74300.0,0.4,OWN,24800.0,major_purchase,36,2103.78,34377.51,0.138,7,3,30,1,0,0,0,0,1
63,46100.0,22.4,RENT,18200.0,home_improvement,36,1265.6,33940.49,0.185,10,1,363,0,0,0,0,0,1
53,63800.0,12.9,MORTGAGE,26600.0,home_improvement,36,1327.86,67605.37,0.626,9,2,318,0,0,0,0,0,1
60,96500.0,17.9,RENT,11500.0,debt_consolidation,36,2336.37,132353.5,0.488,16,3,355,1,0,0,0,0,1
52,122900.0,20.7,MORTGAGE,14400.0,credit_card,36,4724.73,158669.11,0.535,3,0,243,1,0,0,0,0,1
25,18300.0,2.3,RENT,7300.0,home_improvement,36,390.95,10784.82,0.263,5,0,73,0,0,0,0,0,1
37,41000.0,2.2,OWN,13300.0,credit_card,36,560.99,22916.62,0.118,7,1,122,0,0,0,0,0,1
28,139500.0,1.7,MORTGAGE,14200.0,home_improvement,36,1032.4,16770.95,0.175,8,1,55,0,0,0,0,0,1
62,66200.0,21.4,RENT,16400.0,credit_card,36,724.44,21734.13,0.191,10,0,348,0,0,0,0,0,1
54,65000.0,27.3,OWN,23000.0,auto,36,2147.59,108179.5,0.34,6,0,330,0,0,0,0,0,1
29,114200.0,4.0,MORTGAGE,14800.0,credit_card,36,1792.72,28485.86,0.295,6,0,86,1,0,0,0,0,1
43,18000.0,2.3,MORTGAGE,7500.0,debt_consolidation,36,425.09,11650.2,0.27,7,0,238,0,0,2,0,0,0
55,38300.0,20.3,RENT,15200.0,debt_consolidation,36,1092.63,25926.05,0.343,4,0,353,0,0,0,0,0,1
70,114100.0,6.5,RENT,32800.0,medical,60,2676.73,82600.79,0.648,8,0,550,0,0,0,0,0,1
27,26300.0,3.4,OWN,9500.0,credit_card,60,836.58,15271.95,0.617,9,1,39,0,0,0,0,1,1
35,67500.0,7.2,MORTGAGE,7400.0,debt_consolidation,36,656.88,22480.57,0.27,13,4,86,0,0,0,0,0,1
40,21300.0,4.0,RENT,3200.0,debt_consolidation,60,654.41,23671.17,0.574,7,1,114,2,0,1,0,0,0
70,49200.0,13.2,RENT,17700.0,debt_consolidation,36,477.51,9228.11,0.629,4,4,261,0,1,0,0,0,0
45,123000.0,2.2,MORTGAGE,28000.0,debt_consolidation,36,2993.18,155480.09,0.16,9,2,286,0,0,0,0,0,1
23,23800.0,1.1,RENT,2900.0,auto,36,512.14,24453.3,0.418,9,1,41,0,0,0,0,0,1
66,55500.0,5.2,RENT,9200.0,debt_consolidation,60,1220.22,32680.97,0.203,7,1,473,0,0,0,0,1,1
44,107800.0,5.1,RENT,32200.0,debt_consolidation,36,2974.37,63881.07,0.31,11,0,108,0,0,0,0,0,1
54,41200.0,5.7,MORTGAGE,2700.0,credit_card,36,768.69,46060.93,0.562,7,1,259,0,0,0,0,0,1
66,79300.0,15.1,RENT,8700.0,home_improvement,36,1775.45,28749.43,0.204,7,0,463,0,0,0,0,0,1
42,179600.0,6.7,RENT,23500.0,medical,36,7866.2,301561.21,0.243,17,1,87,0,0,0,0,0,1
31,98700.0,5.4,RENT,40000.0,home_improvement,60,2190.52,105378.69,0.337,11,2,81,0,0,0,0,0,0
68,74300.0,15.3,MORTGAGE,30100.0,debt_consolidation,36,520.92,29797.94,0.397,7,2,397,0,0,0,0,0,1
28,160000.0,0.3,MORTGAGE,21600.0,auto,36,3357.86,129271.99,0.646,11,1,113,0,0,0,0,0,1
59,71700.0,22.1,MORTGAGE,20700.0,home_improvement,60,1950.68,79883.66,0.566,13,2,194,1,0,0,0,0,1
63,61500.0,21.1,MORTGAGE,11900.0,debt_consolidation,36,2447.42,134877.92,0.223,7,0,513,0,0,0,0,0,1
55,37000.0,18.5,MORTGAGE,2600.0,debt_consolidation,60,738.04,24618.28,0.148,10,0,271,0,0,0,0,1,1
69,105600.0,19.9,MORTGAGE,11800.0,medical,60,2215.78,70456.26,0.382,10,1,401,0,0,0,0,0,1
66,203500.0,41.3,MORTGAGE,10600.0,debt_consolidation,60,3980.89,219291.88,0.797,13,3,414,0,0,0,0,0,1
